6.679438058750000184e-01,1.212707535120000069e+00,1.340293742020000067e+00,1.392273307790000025e+00,1.404214559389999950e+00,1.427777777780000035e+00,1.436079182629999895e+00,1.394699872289999920e+00,1.345146871010000078e+00,1.315772669220000024e+00,1.322349936139999960e+00,1.424265644949999965e+00
6.535919540229999658e-01,1.036781609199999954e+00,1.274999999999999911e+00,1.257902298849999934e+00,1.361637931029999971e+00,1.412500000000000089e+00,1.512212643680000079e+00,1.422988505750000021e+00,1.434195402300000088e+00,1.338649425290000083e+00,1.190948275860000072e+00,1.349712643679999990e+00
1.610000000000000042e-01,4.066666666670000208e-01,7.464444444440000437e-01,9.091666666669999675e-01,1.014166666669999994e+00,1.050777777780000033e+00,1.063277777779999989e+00,1.055833333330000068e+00,1.024666666669999948e+00,9.880555555559999981e-01,1.006055555559999926e+00,1.132111111109999957e+00
1.504761904759999991e-01,5.872222222220000454e-01,8.563492063500000029e-01,9.858730158740000027e-01,1.022619047620000110e+00,9.973015873020000255e-01,1.006349206349999914e+00,1.011984126980000065e+00,9.921428571429999899e-01,9.448412698410000310e-01,1.010396825399999976e+00,1.064285714289999962e+00
3.698148148150000036e-01,6.874074074070000151e-01,9.851851851849999786e-01,1.240370370369999975e+00,1.326481481479999891e+00,1.432777777779999928e+00,1.370555555559999972e+00,1.458333333329999926e+00,1.539074074069999964e+00,1.698148148150000036e+00,1.673333333330000006e+00,1.549259259260000077e+00
2.810416666669999786e-01,5.309722222220000232e-01,6.630555555560000425e-01,8.521527777780000257e-01,1.063819444439999984e+00,1.159236111110000023e+00,1.096319444439999957e+00,1.079583333330000006e+00,1.101041666670000030e+00,1.264375000000000027e+00,1.325902777780000097e+00,1.292222222219999939e+00
2.329166666670000052e-01,3.600694444440000197e-01,5.647222222219999699e-01,6.010416666669999852e-01,5.702777777780000390e-01,6.018055555560000158e-01,6.118749999999999467e-01,5.938888888890000439e-01,6.295833333329999837e-01,7.034722222220000099e-01,8.019444444440000375e-01,7.454166666670000163e-01
1.329861111110000049e-01,1.950000000000000067e-01,3.899305555559999803e-01,4.745138888889999795e-01,4.981944444449999954e-01,5.314583333329999659e-01,4.754166666669999985e-01,4.345833333329999770e-01,3.569444444439999753e-01,3.995138888890000239e-01,5.116666666670000030e-01,6.238888888889999595e-01
2.918888888889999977e-01,3.900555555560000220e-01,4.882777777780000217e-01,5.220555555550000504e-01,6.048333333330000450e-01,6.374999999999999556e-01,6.328333333329999588e-01,5.763333333329999641e-01,5.532777777780000239e-01,5.560555555549999696e-01,5.467222222219999539e-01,5.839444444439999549e-01
9.825396825389999533e-02,1.513492063490000095e-01,2.122222222219999899e-01,2.369047619050000109e-01,3.589682539679999729e-01,4.085714285709999838e-01,3.996031746029999887e-01,3.892857142860000064e-01,3.799206349209999778e-01,3.236507936510000238e-01,3.103174603180000046e-01,3.547619047619999799e-01
3.663194444439999975e-01,5.188194444439999664e-01,5.221527777779999546e-01,6.125000000000000444e-01,5.895138888890000262e-01,6.868750000000000133e-01,7.748611111109999783e-01,7.299999999999999822e-01,8.719444444439999886e-01,1.018958333330000077e+00,1.119305555559999998e+00,1.133055555559999927e+00
1.151388888889999934e-01,2.262500000000000067e-01,3.097222222220000210e-01,3.673611111110000049e-01,3.669444444439999842e-01,4.543055555559999958e-01,5.002777777779999768e-01,4.716666666670000230e-01,6.622222222220000010e-01,1.012222222219999912e+00,1.289861111110000014e+00,1.328750000000000098e+00
6.672222222220000609e-02,1.120555555559999972e-01,1.806111111110000056e-01,2.331666666670000054e-01,2.840555555559999834e-01,3.446111111110000125e-01,3.242222222219999783e-01,3.808888888890000213e-01,4.386666666669999937e-01,4.635555555559999763e-01,5.896666666669999612e-01,6.264999999999999458e-01
1.716666666670000133e-02,3.177777777779999813e-02,6.294444444440000508e-02,1.177222222220000031e-01,1.807222222219999896e-01,2.392777777779999948e-01,2.741666666670000141e-01,3.053333333330000010e-01,3.203888888890000231e-01,3.876666666670000039e-01,5.456666666670000332e-01,6.241666666670000474e-01
2.322777777779999886e-01,3.945555555560000260e-01,4.995555555560000083e-01,5.854444444440000117e-01,6.711666666669999781e-01,7.670555555560000238e-01,8.749444444439999913e-01,8.831111111110000467e-01,8.925555555559999688e-01,9.293888888889999533e-01,9.613333333329999730e-01,8.797777777780000363e-01
1.646527777779999979e-01,2.394444444440000097e-01,3.266666666670000052e-01,4.503472222220000210e-01,6.136111111109999738e-01,7.043749999999999734e-01,7.425694444449999487e-01,7.769444444440000153e-01,7.764583333329999615e-01,8.156944444439999664e-01,8.359027777780000390e-01,8.585416666670000474e-01
3.787878787869999875e-03,3.371212121210000190e-02,1.386363636359999874e-01,2.996212121210000134e-01,4.992424242419999936e-01,5.420454545449999717e-01,4.602272727269999808e-01,4.651515151510000057e-01,3.674242424240000138e-01,4.314393939389999932e-01,7.776515151520000391e-01,1.377272727270000052e+00
5.399999999990000299e-02,9.955555555549999713e-02,2.253333333330000132e-01,3.166666666669999963e-01,3.137777777779999777e-01,3.486666666670000247e-01,3.984444444440000122e-01,4.266666666660000051e-01,4.819999999999999840e-01,5.533333333330000547e-01,7.588888888889999684e-01,1.045555555550000015e+00
8.016666666669999830e-02,1.278333333330000099e-01,1.623333333330000128e-01,2.227777777780000079e-01,2.739444444440000126e-01,3.440555555559999812e-01,3.341666666670000119e-01,3.593888888890000022e-01,3.862777777779999866e-01,4.293333333330000001e-01,6.934444444439999966e-01,7.971111111109999703e-01
1.195679012340000041e-01,1.966049382710000071e-01,3.868518518519999949e-01,4.919135802469999930e-01,5.283333333330000325e-01,5.767283950620000210e-01,6.071604938269999918e-01,5.849999999999999645e-01,6.218518518519999816e-01,6.228395061729999904e-01,7.454938271600000110e-01,8.264814814819999578e-01
7.687499999999999889e-02,1.870833333330000070e-01,3.666666666669999852e-01,7.062500000000000444e-01,9.017361111110000493e-01,9.681944444450000242e-01,1.010625000000000107e+00,9.787500000000000089e-01,9.203472222220000498e-01,8.796527777779999946e-01,8.595833333329999659e-01,8.718749999999999556e-01
6.756944444439999531e-02,1.315277777780000101e-01,2.796527777780000168e-01,5.344444444439999664e-01,7.409722222219999876e-01,9.081249999999999600e-01,9.906944444440000108e-01,1.035208333329999952e+00,1.016111111110000076e+00,9.386111111110000405e-01,8.786805555550000202e-01,7.868749999999999911e-01
2.022222222220000087e-01,3.515972222220000165e-01,5.381249999999999645e-01,6.644444444449999487e-01,6.856944444439999620e-01,7.500000000000000000e-01,7.529861111110000005e-01,7.216666666669999675e-01,7.445833333329999748e-01,7.281250000000000222e-01,7.818749999999999867e-01,8.050000000000000488e-01
1.597222222219999987e-01,3.557638888890000128e-01,4.976388888889999862e-01,5.672916666670000385e-01,6.279861111110000005e-01,6.370833333330000459e-01,6.325694444449999621e-01,6.726388888890000306e-01,6.408333333329999659e-01,6.333333333330000148e-01,6.465277777779999679e-01,5.911111111110000094e-01
1.164646464650000018e-01,2.417676767680000116e-01,4.589898989899999782e-01,5.335353535350000342e-01,5.575252525249999591e-01,5.451010101009999831e-01,5.104545454550000194e-01,5.473232323229999530e-01,5.913131313130000066e-01,6.329797979800000363e-01,8.320707070709999487e-01,9.507575757580000175e-01
1.003846153850000006e-01,1.870085470079999868e-01,3.611538461539999800e-01,4.535042735040000217e-01,4.781623931619999879e-01,4.605128205130000207e-01,4.594871794870000192e-01,4.577777777779999946e-01,4.477350427349999773e-01,5.510256410260000459e-01,6.926923076930000533e-01,8.046153846150000399e-01
1.846111111110000091e-01,3.777777777779999790e-01,6.217777777780000292e-01,7.169444444439999620e-01,7.656111111109999978e-01,7.241666666670000252e-01,6.463888888890000350e-01,7.857222222220000551e-01,7.643888888890000288e-01,7.339444444439999771e-01,9.370000000000000551e-01,1.075055555560000098e+00
2.550000000000000044e-01,4.204761904759999891e-01,5.780158730159999925e-01,5.967460317460000496e-01,4.763492063490000206e-01,4.798412698410000066e-01,4.752380952379999801e-01,4.587301587300000039e-01,4.741269841269999952e-01,5.080158730160000413e-01,8.326984126990000235e-01,1.084761904759999895e+00
3.396527777780000146e-01,5.859027777780000390e-01,7.350694444440000197e-01,8.152777777780000346e-01,8.105555555560000069e-01,8.440277777779999768e-01,7.777777777779999457e-01,7.418055555560000291e-01,8.022222222220000143e-01,8.900000000000000133e-01,9.717361111110000005e-01,9.117361111109999472e-01
1.109195402300000022e-01,1.185823754789999962e-01,1.388888888890000006e-01,1.791187739460000095e-01,1.601532567049999967e-01,1.848659003829999925e-01,9.865900383129999618e-02,1.204980842909999933e-01,1.281609195400000012e-01,2.247126436780000069e-01,3.699233716470000100e-01,3.567049808430000080e-01
2.696825396820000109e-01,4.128571428569999813e-01,5.911904761909999584e-01,8.564285714289999740e-01,9.762698412700000494e-01,1.079761904760000002e+00,9.888095238099999795e-01,9.140476190480000263e-01,9.380158730169999570e-01,1.006746031750000103e+00,1.080238095239999918e+00,1.009285714290000024e+00
3.302222222219999836e-01,5.666666666670000518e-01,8.772222222219999699e-01,9.832222222219999530e-01,1.050333333330000007e+00,1.220777777779999962e+00,1.508222222219999908e+00,1.610222222219999999e+00,1.704111111110000021e+00,1.635888888890000059e+00,1.574777777780000054e+00,1.435444444440000078e+00
1.336111111109999916e-01,2.273611111109999916e-01,2.915277777779999857e-01,3.722222222220000210e-01,3.470833333330000103e-01,4.955555555560000047e-01,5.899999999999999689e-01,5.898611111110000360e-01,5.684722222220000010e-01,5.215277777779999679e-01,6.068055555560000203e-01,5.286111111110000094e-01
1.953174603170000079e-01,4.499206349209999845e-01,6.416666666670000074e-01,7.603174603169999823e-01,7.691269841269999796e-01,8.103174603180000046e-01,9.123809523810000321e-01,8.291269841270000329e-01,8.503968253970000113e-01,8.149999999999999467e-01,7.984126984129999993e-01,7.844444444450000553e-01
1.330555555559999881e-01,1.831250000000000100e-01,2.215277777780000068e-01,2.609027777779999724e-01,2.848611111109999872e-01,3.556250000000000244e-01,4.378472222220000099e-01,5.302777777780000035e-01,5.635416666670000074e-01,6.673611111110000493e-01,8.197222222219999743e-01,8.917361111110000405e-01
1.658333333329999881e-01,2.255555555559999870e-01,2.781944444439999886e-01,3.612500000000000155e-01,4.355555555560000069e-01,5.206944444440000375e-01,6.686111111110000227e-01,6.094444444440000330e-01,5.509722222220000409e-01,7.375000000000000444e-01,9.231944444440000064e-01,1.040694444439999922e+00
1.398412698410000099e-01,2.543650793650000241e-01,3.995238095240000176e-01,5.938888888890000439e-01,5.853968253969999980e-01,6.047619047619999799e-01,5.337301587299999595e-01,4.741269841269999952e-01,4.584126984129999749e-01,4.806349206350000181e-01,4.949206349210000244e-01,4.861111111110000271e-01
4.244663382589999867e-02,8.267651888329999310e-02,1.401477832509999966e-01,2.113300492609999914e-01,2.037766830870000045e-01,1.899014778320000096e-01,1.704433497539999953e-01,1.657635467980000110e-01,1.691297208539999930e-01,1.922824302130000107e-01,2.307060755339999936e-01,2.165024630540000050e-01
3.342592592589999773e-02,1.773148148149999992e-01,5.148148148150000214e-01,8.766666666669999941e-01,1.032129629629999990e+00,1.142314814819999969e+00,1.032407407410000033e+00,9.183333333330000459e-01,9.098148148150000392e-01,1.103240740740000003e+00,1.163888888890000084e+00,1.166666666670000074e+00
4.100000000000000172e-02,8.977777777779999413e-02,2.425555555560000021e-01,5.812222222220000400e-01,9.190000000000000391e-01,1.016777777780000003e+00,9.103333333330000388e-01,8.169999999999999485e-01,7.822222222219999965e-01,9.954444444440000428e-01,1.059444444439999966e+00,1.124888888889999938e+00
8.611111111110000826e-03,1.283333333330000103e-01,1.659722222220000043e-01,3.409722222220000210e-01,5.550000000000000488e-01,6.301388888890000484e-01,5.163888888890000306e-01,3.805555555560000136e-01,4.016666666670000163e-01,2.756944444439999864e-01,1.605555555560000125e-01,9.569444444440000641e-02
8.923611111109999716e-02,2.657291666670000274e-01,6.598611111109999872e-01,1.025798611109999925e+00,1.206493055559999972e+00,1.182916666669999950e+00,1.143437500000000107e+00,1.118576388889999995e+00,1.102118055560000087e+00,1.079131944440000046e+00,1.051250000000000018e+00,1.073333333329999917e+00
5.750000000000000250e-02,5.736111111109999661e-02,2.105555555560000014e-01,5.737499999999999822e-01,8.281944444440000330e-01,9.319444444440000419e-01,9.174999999999999822e-01,8.679166666669999586e-01,8.519444444439999709e-01,7.955555555559999936e-01,7.480555555560000069e-01,7.934722222219999788e-01
2.411805555559999870e-01,3.979861111110000182e-01,4.609722222220000165e-01,4.366666666669999919e-01,4.467361111109999783e-01,4.962500000000000244e-01,4.488194444440000153e-01,4.749305555560000003e-01,4.538888888889999751e-01,5.484722222219999832e-01,7.333333333329999926e-01,7.943055555560000203e-01
1.844444444439999886e-01,3.775925925920000092e-01,5.027777777780000346e-01,4.864814814810000110e-01,5.496296296289999717e-01,6.594444444439999664e-01,6.307407407409999500e-01,5.985185185179999756e-01,6.177777777780000257e-01,6.807407407400000166e-01,7.525925925919999537e-01,8.520370370369999558e-01
3.508333333329999859e-01,4.887500000000000178e-01,5.148611111109999694e-01,5.666666666670000518e-01,5.579166666670000163e-01,5.747222222219999788e-01,6.462499999999999911e-01,6.406944444450000109e-01,7.068055555559999981e-01,9.231944444440000064e-01,1.053611111109999943e+00,9.825000000000000400e-01
1.500617283950000103e-01,2.135802469130000103e-01,2.591975308639999920e-01,2.790123456790000178e-01,2.848765432099999995e-01,3.031481481480000073e-01,3.164197530860000107e-01,3.056790123459999786e-01,3.394444444440000153e-01,5.193209876540000325e-01,7.627777777780000434e-01,7.379629629630000132e-01
1.543827160490000017e-01,3.549382716050000219e-01,5.357407407409999767e-01,5.893209876539999836e-01,6.462345679009999788e-01,6.087037037039999543e-01,5.133950617279999795e-01,4.596913580249999964e-01,4.874074074070000040e-01,6.006790123459999631e-01,7.369135802470000440e-01,7.836419753090000384e-01
1.538888888889999862e-01,3.876666666670000039e-01,5.385555555559999874e-01,6.353333333330000166e-01,6.745555555559999972e-01,6.207777777780000283e-01,4.919999999999999929e-01,4.771111111110000191e-01,4.452222222219999748e-01,5.572222222220000187e-01,7.782222222219999930e-01,9.393333333329999535e-01
1.134259259259999958e-01,2.091666666670000119e-01,2.878703703700000172e-01,3.407407407410000255e-01,3.912962962959999902e-01,3.879629629629999799e-01,3.634259259259999819e-01,3.304629629629999843e-01,3.824074074079999996e-01,4.287962962960000235e-01,4.743518518520000171e-01,5.165740740740000225e-01
1.091880341879999938e-01,1.638461538459999867e-01,2.078205128199999974e-01,2.364102564099999915e-01,2.733333333329999726e-01,3.295299145300000232e-01,3.374786324790000069e-01,3.434615384620000045e-01,3.115811965809999751e-01,3.015384615380000133e-01,3.584615384609999844e-01,4.538888888889999751e-01
1.676190476190000112e-01,3.102380952380000001e-01,4.479365079359999835e-01,5.064285714289999962e-01,5.520634920639999610e-01,6.073015873020000122e-01,6.544444444450000509e-01,6.415873015869999474e-01,6.296031746029999709e-01,6.076190476189999856e-01,6.527777777779999457e-01,6.491269841269999841e-01
2.360416666669999941e-01,4.059027777779999901e-01,5.195833333329999970e-01,5.769444444439999486e-01,6.250694444440000330e-01,6.648611111109999916e-01,6.575694444449999843e-01,6.960416666669999586e-01,6.740972222219999699e-01,6.502777777779999990e-01,6.602083333329999970e-01,6.194444444440000419e-01
1.925555555560000132e-01,4.630000000000000226e-01,6.858888888890000146e-01,7.733333333330000281e-01,8.804444444450000296e-01,1.008444444440000032e+00,1.031111111109999978e+00,1.051222222220000058e+00,9.588888888890000350e-01,9.621111111110000058e-01,9.786666666669999737e-01,8.753333333330000077e-01
2.023015873010000076e-01,3.161904761900000138e-01,4.038095238100000151e-01,5.147619047620000110e-01,5.499206349209999622e-01,5.753174603180000179e-01,6.250000000000000000e-01,6.357936507939999649e-01,6.826984126990000012e-01,6.361111111110000493e-01,6.594444444450000553e-01,6.145238095239999865e-01
7.284722222219999765e-02,1.629861111110000038e-01,2.498611111110000116e-01,2.916666666669999741e-01,3.445138888889999751e-01,3.596527777779999768e-01,3.432638888890000017e-01,3.518749999999999933e-01,3.454861111110000271e-01,4.427777777779999813e-01,4.990277777780000035e-01,4.945138888889999973e-01
1.049999999999999961e-01,2.953968253970000180e-01,5.168253968249999497e-01,6.375396825400000411e-01,7.006349206349999914e-01,7.758730158729999493e-01,8.484126984130000437e-01,9.404761904759999513e-01,9.796825396830000088e-01,1.152222222220000036e+00,1.176428571430000014e+00,9.789682539680000239e-01
3.833333333330000287e-02,2.477777777780000024e-01,6.353703703709999706e-01,7.695370370370000490e-01,8.712962962960000279e-01,8.931481481480000317e-01,8.968518518520000038e-01,9.383333333340000415e-01,9.397222222219999699e-01,1.010000000000000009e+00,1.038796296299999922e+00,1.088796296299999966e+00
1.081944444440000042e-01,3.145138888890000040e-01,6.194444444440000419e-01,8.168055555550000069e-01,8.583333333329999926e-01,9.103472222220000409e-01,9.633333333329999748e-01,9.723611111109999872e-01,1.010416666670000074e+00,1.054791666669999906e+00,1.096388888889999969e+00,1.245416666669999950e+00
1.808702791460000125e-01,2.681444991790000176e-01,2.932676518880000249e-01,3.112479474550000069e-01,3.151067323480000182e-01,3.402298850570000255e-01,3.639573070609999905e-01,3.904761904760000180e-01,3.968801313629999883e-01,3.871921182270000039e-01,4.938423645319999777e-01,5.281609195399999956e-01
4.875000000000000167e-02,1.241666666670000058e-01,3.015277777779999946e-01,3.881944444439999753e-01,4.179166666670000030e-01,3.973611111109999761e-01,4.858333333329999948e-01,4.475000000000000089e-01,4.405555555560000114e-01,3.812499999999999778e-01,3.845833333329999881e-01,3.831944444440000264e-01
1.849616858239999939e-01,3.114942528740000105e-01,4.159003831420000075e-01,5.705938697319999919e-01,5.099616858240000328e-01,5.727969348660000293e-01,5.375478927200000312e-01,4.964559386969999988e-01,4.941570881230000212e-01,4.504789272029999792e-01,5.521072796939999749e-01,5.937739463600000267e-01
1.323529411760000080e-02,5.098039215689999931e-02,1.632352941180000017e-01,1.825980392160000132e-01,1.769607843140000025e-01,2.254901960779999992e-01,2.852941176470000229e-01,3.370098039219999730e-01,3.149509803919999795e-01,2.654411764710000177e-01,2.063725490199999901e-01,2.806372549019999774e-01
3.368253968250000119e-01,8.942063492070000397e-01,1.210793650789999898e+00,1.206825396820000007e+00,1.164365079359999999e+00,1.243253968249999897e+00,1.243253968249999897e+00,1.152698412699999952e+00,1.129603174599999926e+00,1.156190476189999927e+00,1.171587301590000019e+00,1.221428571429999943e+00
3.094444444439999886e-01,5.339583333330000237e-01,7.865972222220000143e-01,9.069444444440000197e-01,9.274305555559999581e-01,9.169444444440000286e-01,9.427777777779999813e-01,8.773611111110000138e-01,8.763888888890000173e-01,8.788194444439999531e-01,9.695138888890000306e-01,1.072638888890000031e+00
6.055555555549999719e-02,1.988888888889999984e-01,5.211111111109999472e-01,5.253703703700000061e-01,6.231481481480000140e-01,7.207407407410000300e-01,6.596296296289999583e-01,5.459259259259999775e-01,4.138888888889999951e-01,4.105555555550000069e-01,3.838888888890000239e-01,5.624074074070000151e-01
5.360623781670000032e-02,6.286549707600000425e-02,1.464912280700000069e-01,2.223196881089999910e-01,3.329434697850000013e-01,3.129629629630000243e-01,2.729044834309999890e-01,2.676413255360000076e-01,2.389863547759999984e-01,3.044834307989999767e-01,4.220272904480000253e-01,5.363547758279999522e-01
1.101851851850000064e-01,3.773456790120000015e-01,6.464197530869999486e-01,8.358641975310000527e-01,9.030864197529999693e-01,9.938888888889999551e-01,1.113024691359999929e+00,1.066913580250000049e+00,1.103641975309999967e+00,1.201666666669999994e+00,1.250308641970000023e+00,1.227160493830000032e+00
1.227083333330000053e-01,3.004166666670000096e-01,5.488888888890000040e-01,6.825694444440000286e-01,8.534722222220000321e-01,9.486805555549999713e-01,9.241666666669999808e-01,9.293749999999999512e-01,9.973611111110000094e-01,1.087916666669999977e+00,1.145208333330000050e+00,1.060000000000000053e+00
1.040123456790000012e-01,1.888271604940000015e-01,3.688271604939999948e-01,5.272839506169999524e-01,6.882716049379999923e-01,7.274691358020000109e-01,7.119135802470000218e-01,7.424691358030000021e-01,7.110493827160000446e-01,8.325925925930000027e-01,1.061975308639999893e+00,1.143395061729999940e+00
2.263085399449999979e-01,6.275482093669999539e-01,7.968319559230000459e-01,9.008264462809999484e-01,9.464187327819999496e-01,9.344352617079999535e-01,9.112947658400000206e-01,9.752066115709999705e-01,9.477961432510000339e-01,8.692837465570000255e-01,7.213498622589999965e-01,7.371900826449999666e-01
1.531547619049999920e-01,3.830654761899999761e-01,4.862202380949999792e-01,4.777380952379999823e-01,4.849999999999999867e-01,5.160119047619999844e-01,5.106547619050000320e-01,5.005357142859999664e-01,4.895238095239999865e-01,4.757738095240000020e-01,4.541964285710000104e-01,5.156845238099999618e-01
1.627777777780000101e-01,3.365277777780000257e-01,4.338888888890000128e-01,6.243750000000000133e-01,4.858333333329999948e-01,5.004861111110000538e-01,4.925694444440000264e-01,5.422222222220000054e-01,5.602777777780000301e-01,5.053472222220000143e-01,4.775694444440000130e-01,4.736111111110000160e-01
5.527777777779999818e-02,1.690277777779999879e-01,6.077777777780000168e-01,1.126666666670000039e+00,1.150416666669999977e+00,1.047777777779999919e+00,6.875000000000000000e-01,4.259722222219999854e-01,3.512500000000000067e-01,4.337500000000000244e-01,5.816666666669999541e-01,8.045833333330000281e-01
9.999999999990000221e-02,2.209829059829999942e-01,4.976495726490000049e-01,7.037606837609999832e-01,7.167094017099999714e-01,6.876923076919999600e-01,6.798717948720000015e-01,6.332478632479999758e-01,5.749145299150000277e-01,5.768803418800000360e-01,6.271367521370000420e-01,7.194017094019999892e-01
1.679487179489999940e-02,1.290598290599999920e-01,3.363247863250000136e-01,5.897008547009999768e-01,7.424358974360000252e-01,7.765384615389999690e-01,7.082051282050000340e-01,6.614529914529999610e-01,6.170512820510000163e-01,6.652564102560000192e-01,6.929059829060000286e-01,7.732905982909999976e-01
2.000000000000000111e-01,5.163425925929999716e-01,8.329166666670000385e-01,1.114166666670000083e+00,1.375879629629999990e+00,1.395879629630000007e+00,1.505972222220000045e+00,1.640833333330000032e+00,1.749722222219999956e+00,1.911527777779999937e+00,1.957916666670000083e+00,1.858009259259999935e+00
1.154629629630000015e-01,2.983333333329999948e-01,5.324537037040000254e-01,7.474074074069999574e-01,8.633333333329999970e-01,9.174999999999999822e-01,9.063425925920000070e-01,8.651388888890000350e-01,9.221296296300000028e-01,9.590740740740000270e-01,1.001203703699999892e+00,8.981481481480000362e-01
1.701111111109999963e-01,2.851111111110000151e-01,2.665555555560000234e-01,3.370000000000000218e-01,4.092222222219999983e-01,4.568888888889999778e-01,5.536666666670000403e-01,5.629999999999999449e-01,5.719999999999999529e-01,6.423333333330000228e-01,7.754444444439999584e-01,7.962222222220000090e-01
1.420370370369999913e-01,3.793518518519999883e-01,6.341666666669999453e-01,7.021296296300000295e-01,8.197222222219999743e-01,9.618518518519999505e-01,1.047407407409999935e+00,1.049907407410000104e+00,1.178518518520000002e+00,1.238333333329999952e+00,1.278981481480000015e+00,1.268981481480000006e+00
1.729861111110000127e-01,2.523611111110000138e-01,2.827083333329999948e-01,3.297916666669999941e-01,3.193055555559999870e-01,3.580555555559999936e-01,3.579861111109999827e-01,3.517361111110000049e-01,2.810416666669999786e-01,2.288194444439999864e-01,2.182638888890000017e-01,2.461805555559999914e-01
1.093390804600000016e-01,1.649425287359999881e-01,1.690373563220000097e-01,1.783045977009999894e-01,1.476293103449999866e-01,1.467672413789999908e-01,1.551724137930000080e-01,1.448275862070000086e-01,1.596264367820000030e-01,1.831896551720000044e-01,1.938218390800000024e-01,2.426724137930000025e-01
1.978571428570000124e-01,6.037301587300000216e-01,8.699999999999999956e-01,9.490476190479999463e-01,1.036190476190000043e+00,1.051349206350000065e+00,1.003888888889999942e+00,9.558730158729999982e-01,9.473015873019999811e-01,9.304761904760000535e-01,9.444444444439999975e-01,9.349206349209999711e-01
2.233333333330000114e-01,4.209595959590000103e-01,5.844949494950000268e-01,7.249999999999999778e-01,7.903535353539999919e-01,8.347979797979999672e-01,8.714646464649999924e-01,8.292424242429999870e-01,7.693939393940000260e-01,7.451515151519999547e-01,7.336868686869999490e-01,7.364141414139999675e-01
1.074074074069999996e-01,2.198148148150000092e-01,4.662962962960000013e-01,7.600000000000000089e-01,9.435185185179999490e-01,9.235185185180000422e-01,9.712962962960000057e-01,9.072222222219999965e-01,8.748148148140000302e-01,9.466666666659999674e-01,1.114074074069999920e+00,1.172777777779999919e+00
1.836419753090000051e-01,3.782098765429999787e-01,6.147530864200000389e-01,7.661111111110000538e-01,9.562962962959999924e-01,9.319753086419999555e-01,9.414814814809999710e-01,9.244444444439999797e-01,9.255555555550000202e-01,1.092962962959999951e+00,1.188950617279999955e+00,1.240246913580000054e+00
2.264351851849999986e-01,4.653240740740000048e-01,7.353703703709999484e-01,9.117592592590000322e-01,1.028703703699999972e+00,1.016666666669999941e+00,1.044259259259999961e+00,1.109074074070000027e+00,1.113287037040000094e+00,1.184861111110000031e+00,1.200787037040000005e+00,1.204675925929999947e+00
2.675757575759999951e-01,5.630303030300000122e-01,8.342424242420000136e-01,1.017777777779999893e+00,1.047525252530000062e+00,1.094898989899999897e+00,1.160808080810000087e+00,1.131111111110000067e+00,1.276515151519999947e+00,1.368737373739999930e+00,1.388989898990000027e+00,1.321515151520000098e+00
1.116666666669999947e-01,2.899999999999999800e-01,5.381481481480000495e-01,5.040740740739999559e-01,5.637037037030000475e-01,5.848148148139999947e-01,5.957407407400000521e-01,6.546296296289999539e-01,7.046296296299999762e-01,8.885185185189999890e-01,1.070000000000000062e+00,1.152037037039999934e+00
2.011904761899999949e-01,3.098412698410000221e-01,4.820634920640000098e-01,5.856349206350000003e-01,5.578571428570000545e-01,5.457936507939999959e-01,5.470634920639999565e-01,5.686507936510000194e-01,5.839682539680000062e-01,6.703968253969999624e-01,7.827777777779999502e-01,8.138888888890000173e-01
3.870370370369999868e-01,5.466794380580000112e-01,6.820561941249999593e-01,8.043422733070000330e-01,8.125798212010000299e-01,8.236909323119999682e-01,8.316730523630000427e-01,8.529374201789999832e-01,8.785440613030000012e-01,9.010855683270000416e-01,9.602171136649999550e-01,9.420178799489999921e-01
1.361111111109999938e-01,3.300000000000000155e-01,4.061111111110000116e-01,5.077777777780000390e-01,4.294444444439999842e-01,4.683333333329999792e-01,4.855555555559999958e-01,3.872222222219999788e-01,2.072222222220000132e-01,2.349999999999999867e-01,2.300000000000000100e-01,5.216666666670000119e-01
2.496666666669999923e-01,3.432222222219999952e-01,5.914444444440000170e-01,8.823333333330000139e-01,9.991111111110000387e-01,1.094555555559999949e+00,1.064222222219999958e+00,1.019111111109999968e+00,1.147111111110000081e+00,1.235777777780000086e+00,1.238222222219999891e+00,1.238555555560000077e+00
2.018055555559999936e-01,3.481944444439999953e-01,5.124999999999999556e-01,8.360416666659999940e-01,8.475694444439999531e-01,8.679861111109999916e-01,9.081249999999999600e-01,9.397916666669999808e-01,1.025208333329999943e+00,1.016527777779999919e+00,1.090763888889999977e+00,1.098958333329999926e+00
2.450793650789999945e-01,3.924603174599999855e-01,4.948412698410000199e-01,5.330158730159999525e-01,5.914285714289999607e-01,6.292857142859999975e-01,6.554761904760000313e-01,6.194444444450000198e-01,6.091269841269999485e-01,7.053968253969999935e-01,8.006349206349999692e-01,8.767460317459999652e-01
3.393827160489999994e-01,4.608024691359999814e-01,6.385185185189999890e-01,6.871604938269999518e-01,7.917901234569999502e-01,8.485185185179999756e-01,8.458024691359999903e-01,8.221604938269999607e-01,7.422839506170000323e-01,7.162962962960000013e-01,7.525308641979999713e-01,7.932098765430000142e-01
3.980842911879999835e-01,5.758620689650000291e-01,7.655172413790000130e-01,8.448275862070000475e-01,8.886015325670000298e-01,9.621647509580000257e-01,9.800766283530000234e-01,9.010536398470000430e-01,8.300766283520000233e-01,7.928160919540000462e-01,9.184865900380000392e-01,8.687739463600000489e-01
6.059259259260000308e-01,7.199999999999999734e-01,8.981481481480000362e-01,9.333333333329999482e-01,9.935185185179999934e-01,9.588888888890000350e-01,9.807407407410000388e-01,8.590740740740000492e-01,8.370370370370000535e-01,8.081481481479999562e-01,9.094444444439999664e-01,9.435185185179999490e-01
1.330555555559999881e-01,2.492361111109999972e-01,4.568749999999999756e-01,5.820138888889999640e-01,5.998611111110000449e-01,6.000694444440000108e-01,5.704861111110000049e-01,5.998611111110000449e-01,6.055555555560000469e-01,6.298611111109999605e-01,6.790277777780000523e-01,7.756250000000000089e-01
3.361666666670000136e-01,4.931111111109999778e-01,5.982777777779999528e-01,6.082222222219999530e-01,5.166666666670000074e-01,5.091111111110000476e-01,4.410555555560000118e-01,3.870000000000000107e-01,3.696666666669999879e-01,3.529999999999999805e-01,3.979444444440000117e-01,4.367222222220000227e-01
1.646464646460000028e-02,5.858585858580000333e-02,3.162121212119999858e-01,6.560101010100000130e-01,8.234343434349999935e-01,8.867171717170000411e-01,9.977272727279999920e-01,9.998484848480000409e-01,9.241414141420000172e-01,8.842424242419999469e-01,9.229797979799999608e-01,9.294444444449999621e-01
2.011481481480000000e-01,2.967407407409999864e-01,4.309259259259999864e-01,6.400000000000000133e-01,8.555185185179999818e-01,9.808518518519999674e-01,9.768888888890000510e-01,9.934444444450000189e-01,9.463333333340000486e-01,9.863703703709999493e-01,1.019518518519999972e+00,1.026740740739999991e+00
2.380246913580000012e-01,3.563580246909999749e-01,4.187654320990000234e-01,6.451234567900000494e-01,8.532098765429999565e-01,1.014259259259999935e+00,1.081604938269999927e+00,1.057592592590000047e+00,1.023271604939999913e+00,1.031543209879999923e+00,1.083271604939999966e+00,1.128148148149999974e+00
3.116666666669999919e-01,3.827777777779999835e-01,3.522222222220000032e-01,4.403703703699999861e-01,6.838888888890000128e-01,8.216666666659999674e-01,8.761111111110000405e-01,8.001851851850000363e-01,8.375925925920000292e-01,8.633333333329999970e-01,9.935185185179999934e-01,1.006666666669999932e+00
1.243464052290000066e-01,2.456862745099999967e-01,4.102287581699999852e-01,7.077124183009999570e-01,9.737581699349999731e-01,1.094117647060000031e+00,1.106862745099999934e+00,1.119934640519999913e+00,1.116045751629999971e+00,1.104673202609999905e+00,1.089248366010000080e+00,9.555555555550000468e-01
1.676388888889999984e-01,4.730555555559999847e-01,8.009027777780000079e-01,1.030277777780000070e+00,1.221458333329999979e+00,1.263611111109999907e+00,1.256458333329999899e+00,1.303541666669999932e+00,1.365069444440000002e+00,1.444930555560000052e+00,1.472777777779999964e+00,1.407569444439999984e+00
7.822222222220000243e-02,1.435555555559999974e-01,1.815555555560000034e-01,2.425555555560000021e-01,2.741111111110000054e-01,3.023333333329999983e-01,3.391111111110000076e-01,3.412222222219999934e-01,4.127777777780000101e-01,5.716666666669999453e-01,7.722222222219999876e-01,8.327777777779999946e-01
2.049999999999999878e-01,2.535185185180000023e-01,3.070370370370000268e-01,3.627777777780000212e-01,3.340740740740000270e-01,3.283333333330000214e-01,2.766666666670000163e-01,2.946296296290000227e-01,3.587037037040000098e-01,5.620370370370000312e-01,7.146296296290000072e-01,7.914814814809999488e-01
1.600000000000000033e-01,3.005555555559999981e-01,3.323148148150000258e-01,2.731481481479999807e-01,3.307407407410000166e-01,4.733333333329999837e-01,4.836111111110000249e-01,4.346296296300000139e-01,4.455555555560000158e-01,4.324999999999999956e-01,4.699074074069999885e-01,5.546296296299999540e-01
1.056481481479999984e-01,1.775925925930000038e-01,2.758333333329999748e-01,3.649999999999999911e-01,4.104629629629999998e-01,4.743518518520000171e-01,4.781481481479999962e-01,4.598148148149999725e-01,4.706481481479999895e-01,4.582407407410000189e-01,5.262962962960000546e-01,6.352777777779999857e-01
2.208333333329999884e-02,1.106944444440000064e-01,3.293055555559999958e-01,4.556944444439999797e-01,5.172222222219999832e-01,5.404166666669999453e-01,5.229166666669999852e-01,4.320833333329999748e-01,4.448611111110000182e-01,5.233333333330000281e-01,5.881944444440000419e-01,6.133333333329999970e-01
2.191666666669999930e-01,3.216666666670000008e-01,4.433333333330000126e-01,5.386111111110000182e-01,7.080555555559999714e-01,7.500000000000000000e-01,6.394444444439999486e-01,5.258333333329999748e-01,6.650000000000000355e-01,8.397222222219999921e-01,9.247222222219999566e-01,1.056388888889999933e+00
6.666666666670000019e-02,7.436781609199999421e-02,1.629885057469999954e-01,3.300000000000000155e-01,3.779310344829999724e-01,3.587356321840000084e-01,3.648275862070000097e-01,3.439080459769999765e-01,4.182758620690000262e-01,4.431034482760000115e-01,5.972413793099999868e-01,7.262068965519999919e-01
1.574444444439999924e-01,2.817222222219999961e-01,3.794444444439999953e-01,4.796111111110000214e-01,5.564999999999999947e-01,6.423333333330000228e-01,5.712777777780000399e-01,5.211111111109999472e-01,4.951666666669999883e-01,6.032777777779999573e-01,7.249999999999999778e-01,7.353333333329999943e-01
2.607407407410000100e-01,4.910185185179999912e-01,5.996296296290000161e-01,6.735185185180000422e-01,7.079629629629999865e-01,6.914814814819999489e-01,6.383333333330000192e-01,5.473148148149999948e-01,4.356481481480000140e-01,5.803703703700000549e-01,7.717592592590000189e-01,8.992592592600000545e-01
2.798412698409999955e-01,4.422222222220000276e-01,4.807936507939999937e-01,5.639682539679999884e-01,6.007936507940000448e-01,7.502380952380000023e-01,7.910317460319999938e-01,7.072222222220000409e-01,7.133333333339999527e-01,6.796031746030000154e-01,7.718253968249999541e-01,8.681746031749999482e-01
3.757638888889999751e-01,6.302083333329999704e-01,8.005555555559999981e-01,8.800000000000000044e-01,9.991666666659999585e-01,9.818055555560000203e-01,9.847916666660000429e-01,9.981944444450000509e-01,9.854861111110000405e-01,9.234722222219999832e-01,8.919444444440000064e-01,8.726388888889999862e-01
3.682222222220000174e-01,7.109999999999999654e-01,8.964444444450000438e-01,9.873333333329999961e-01,1.133111111110000069e+00,1.110999999999999988e+00,1.000111111110000062e+00,9.252222222220000125e-01,9.360000000000000542e-01,9.331111111109999801e-01,9.569999999999999618e-01,7.348888888889999471e-01
6.488888888889999818e-01,1.048888888890000093e+00,1.161111111110000094e+00,1.155555555559999892e+00,1.233333333330000059e+00,1.408333333330000103e+00,1.447222222219999965e+00,1.170555555560000016e+00,1.257222222220000019e+00,1.371666666669999923e+00,1.184166666669999923e+00,9.172222222220000054e-01
6.765873015869999785e-02,9.619047619039999830e-02,1.415873015870000029e-01,2.002777777779999879e-01,2.622222222219999788e-01,4.109920634920000149e-01,4.874999999999999889e-01,4.684920634920000104e-01,4.589682539680000062e-01,4.427777777779999813e-01,4.128174603179999846e-01,4.254761904759999935e-01
5.919753086420000143e-02,1.173456790120000065e-01,1.785185185179999912e-01,2.750617283949999825e-01,3.799382716049999886e-01,4.655555555550000002e-01,5.308024691360000435e-01,5.560493827160000180e-01,5.139506172840000442e-01,4.540123456790000067e-01,4.233333333329999948e-01,4.503086419749999791e-01
2.597222222219999765e-01,3.845833333329999881e-01,4.938888888890000106e-01,6.248611111109999561e-01,6.329166666669999719e-01,6.661111111109999650e-01,7.241666666670000252e-01,6.823611111109999516e-01,7.104166666669999852e-01,7.058333333330000237e-01,9.644444444449999931e-01,1.072083333329999943e+00
1.301851851849999964e-01,3.569444444439999753e-01,6.696296296299999451e-01,8.550925925929999671e-01,9.465740740739999604e-01,1.031759259260000006e+00,1.027407407409999918e+00,9.918518518519999771e-01,9.005555555559999759e-01,9.753703703710000505e-01,1.030277777780000070e+00,1.095648148150000001e+00
9.448275862070000530e-02,1.811494252870000099e-01,2.866666666670000252e-01,3.480459770109999851e-01,3.803448275860000227e-01,3.636781609199999932e-01,3.987356321839999884e-01,4.031034482759999760e-01,3.914942528740000260e-01,3.714942528740000083e-01,4.910344827590000238e-01,5.019540229879999593e-01
8.988888888889999540e-02,1.746666666670000090e-01,3.558888888889999991e-01,4.733333333329999837e-01,5.913333333329999775e-01,7.063333333329999686e-01,8.041111111109999765e-01,7.840000000000000302e-01,7.770000000000000240e-01,6.305555555559999581e-01,6.827777777779999724e-01,6.867777777779999759e-01
2.866666666670000252e-01,5.178703703700000549e-01,7.120370370370000535e-01,8.294444444440000064e-01,8.134259259260000485e-01,7.985185185180000422e-01,7.930555555549999580e-01,6.962962962959999835e-01,7.299074074079999752e-01,7.676851851849999520e-01,8.054629629630000176e-01,8.309259259260000086e-01
2.088888888890000073e-01,4.040972222220000076e-01,5.746527777779999457e-01,7.013888888889999729e-01,7.289583333329999748e-01,7.281944444440000552e-01,7.491666666670000474e-01,7.892361111110000049e-01,7.418749999999999512e-01,7.227777777780000079e-01,8.018055555559999714e-01,8.032638888890000217e-01
2.412777777779999966e-01,4.264999999999999902e-01,5.928333333330000343e-01,6.769444444440000375e-01,7.089444444450000438e-01,7.452222222219999637e-01,7.423888888890000093e-01,7.786111111110000094e-01,7.613888888890000262e-01,7.790555555560000345e-01,8.351111111110000040e-01,8.211111111109999916e-01
2.545138888890000062e-01,4.679166666669999919e-01,6.175694444449999487e-01,6.595138888889999773e-01,6.992361111110000360e-01,7.490277777780000035e-01,7.934722222219999788e-01,7.881944444439999975e-01,7.286805555559999759e-01,7.303472222219999921e-01,7.349999999999999867e-01,7.787500000000000533e-01
1.617283950620000132e-01,2.251234567900000094e-01,2.962962962960000168e-01,3.979012345679999729e-01,4.673456790120000259e-01,4.712345679009999899e-01,5.022222222219999699e-01,5.519135802469999907e-01,5.390123456790000267e-01,5.344444444450000553e-01,6.907407407410000033e-01,7.042592592599999923e-01
3.020833333330000259e-01,4.881944444440000086e-01,5.684722222220000010e-01,6.674999999999999822e-01,6.133333333329999970e-01,7.229861111109999738e-01,8.092361111110000227e-01,7.833333333330000370e-01,7.918749999999999956e-01,8.743055555559999803e-01,9.852777777779999635e-01,1.007986111109999916e+00
1.681666666670000032e-01,2.647777777779999897e-01,4.031666666670000176e-01,5.321666666669999657e-01,5.626111111110000396e-01,6.000555555550000086e-01,6.370555555560000194e-01,6.091111111110000254e-01,6.175555555549999687e-01,6.890555555549999767e-01,7.446666666669999879e-01,8.053888888889999542e-01
1.273809523810000011e-01,1.815873015870000107e-01,2.749206349209999956e-01,4.131746031749999881e-01,4.635714285709999771e-01,5.016666666669999941e-01,4.702380952379999757e-01,4.332539682539999770e-01,4.065873015870000162e-01,4.211904761899999960e-01,5.599206349209999711e-01,7.026190476200000479e-01
2.075925925930000027e-01,3.528703703700000194e-01,5.484259259260000352e-01,6.452777777779999946e-01,6.906481481480000184e-01,7.709259259259999553e-01,7.840740740739999826e-01,7.964814814809999532e-01,8.256481481480000273e-01,9.201851851860000098e-01,1.088611111110000085e+00,1.110740740740000065e+00
4.512345679009999860e-02,1.174074074069999946e-01,1.808641975309999983e-01,2.459259259259999886e-01,2.832716049380000212e-01,2.777160493829999854e-01,2.687037037039999854e-01,2.416666666660000073e-01,2.269135802470000074e-01,2.449999999999999956e-01,3.653703703699999750e-01,4.412345679010000188e-01
4.899305555559999720e-02,9.958333333329999482e-02,2.833333333329999815e-01,5.483680555559999892e-01,6.135763888890000128e-01,5.729166666670000296e-01,5.260416666670000296e-01,4.753472222219999876e-01,4.890625000000000111e-01,4.796874999999999889e-01,5.081250000000000488e-01,5.077777777780000390e-01
1.045833333330000031e-01,1.656944444439999997e-01,3.599305555560000092e-01,5.143055555559999936e-01,4.537499999999999867e-01,4.629166666669999874e-01,4.720138888889999773e-01,4.684027777779999901e-01,4.635416666669999741e-01,4.140972222220000165e-01,4.229861111109999849e-01,5.000000000000000000e-01
3.395061728390000311e-02,7.860082304519999674e-02,2.349794238679999980e-01,3.337448559669999870e-01,4.740740740739999848e-01,6.376543209870000339e-01,6.415637860080000143e-01,5.088477366250000467e-01,5.454732510290000169e-01,5.685185185179999490e-01,6.308641975309999816e-01,8.197530864190000210e-01
2.840804597700000156e-01,7.671264367819999874e-01,9.622413793109999558e-01,1.036724137930000067e+00,1.060689655170000023e+00,1.069885057470000067e+00,1.053218390799999904e+00,1.028678160919999973e+00,1.023620689649999971e+00,9.948275862069999587e-01,1.014310344829999933e+00,1.072931034480000045e+00
3.506493506490000051e-02,6.888528138520000343e-02,8.777056277049999355e-02,1.424242424240000082e-01,1.937770562770000093e-01,2.117965367970000012e-01,2.022727272729999970e-01,1.488095238090000050e-01,1.580086580089999915e-01,2.182900432900000132e-01,3.885822510820000075e-01,5.669372294369999787e-01
1.225095785440000057e-01,2.046934865900000011e-01,3.161877394639999728e-01,4.537356321839999818e-01,5.045977011500000220e-01,4.895593869729999992e-01,5.209770114939999974e-01,5.599616858239999662e-01,5.812260536400000177e-01,5.114942528739999661e-01,5.910919540229999658e-01,8.136015325669999632e-01
1.362222222220000056e-01,2.955555555559999936e-01,4.811111111110000227e-01,4.341111111109999809e-01,4.610000000000000209e-01,5.100000000000000089e-01,4.788888888889999973e-01,4.375555555560000087e-01,3.832222222219999752e-01,5.174444444439999513e-01,6.665555555559999901e-01,8.369999999999999662e-01
1.185042735040000017e-01,2.591452991450000076e-01,5.010256410260000015e-01,5.443162393160000390e-01,5.641452991450000010e-01,5.858974358980000297e-01,5.397008547010000434e-01,5.562820512820000340e-01,5.655555555560000114e-01,7.420940170940000247e-01,8.885470085469999724e-01,9.475641025640000326e-01
9.435185185189999546e-02,1.642592592590000067e-01,2.624074074070000262e-01,3.159259259259999952e-01,3.560185185179999823e-01,4.522222222219999810e-01,4.904629629630000154e-01,5.352777777780000079e-01,5.830555555549999935e-01,7.387037037039999587e-01,8.052777777780000257e-01,8.411111111110000094e-01
1.087254901960000020e-01,1.683333333329999904e-01,2.261764705880000004e-01,2.853921568630000127e-01,3.332352941180000139e-01,4.066666666670000208e-01,5.310784313730000372e-01,5.649999999999999467e-01,6.586274509799999732e-01,9.311764705880000159e-01,1.066372549020000005e+00,1.056666666669999977e+00
4.402298850570000033e-01,7.835249042149999843e-01,9.381226053640000506e-01,1.083141762449999934e+00,1.122988505749999977e+00,1.096296296300000028e+00,1.080651341000000043e+00,1.059003831420000097e+00,9.751596424009999486e-01,9.510855683269999750e-01,1.153128991059999997e+00,1.342337164749999978e+00
9.914141414139999997e-02,3.298989898990000169e-01,4.456060606059999984e-01,5.398484848490000543e-01,6.364646464650000057e-01,6.871717171719999850e-01,6.131313131309999997e-01,5.858585858589999695e-01,5.966161616159999515e-01,6.805050505049999865e-01,8.491414141419999506e-01,1.039747474749999956e+00
5.851851851849999842e-02,1.285185185190000079e-01,2.196296296299999895e-01,3.383796296300000117e-01,4.340277777780000013e-01,4.630092592589999945e-01,4.337500000000000244e-01,4.556944444450000131e-01,4.807870370369999868e-01,5.580555555559999492e-01,7.859259259259999686e-01,9.833796296290000516e-01
8.190476190470000195e-02,2.969047619049999809e-01,6.383333333339999971e-01,6.563492063489999584e-01,6.938095238100000506e-01,7.915873015879999475e-01,8.015079365080000073e-01,6.837301587299999817e-01,6.991269841270000285e-01,7.496825396830000265e-01,8.681746031749999482e-01,9.398412698420000044e-01
2.143650793649999886e-01,2.983333333329999948e-01,3.541269841269999996e-01,3.592063492059999752e-01,3.606349206350000225e-01,4.083333333329999815e-01,4.109523809519999848e-01,4.873809523809999877e-01,4.958730158729999782e-01,4.438888888890000217e-01,5.487301587299999728e-01,6.457142857140000247e-01
1.736111111109999994e-01,3.864285714280000228e-01,5.895634920640000498e-01,7.602777777779999857e-01,8.321825396830000443e-01,9.269047619050000408e-01,9.285317460319999494e-01,9.251587301589999646e-01,9.204761904760000446e-01,9.517460317460000319e-01,1.015158730160000022e+00,1.061468253969999997e+00
2.723456790120000193e-01,5.006790123459999853e-01,7.199382716050000131e-01,8.427160493830000432e-01,9.350000000000000533e-01,9.212962962959999613e-01,8.984567901229999487e-01,8.349382716050000042e-01,8.169135802470000041e-01,8.164814814819999489e-01,8.704938271609999889e-01,9.058024691349999546e-01
2.080952380949999958e-01,3.557142857139999892e-01,5.155555555549999891e-01,5.595238095240000487e-01,6.598412698409999999e-01,7.016666666669999497e-01,6.898412698420000044e-01,6.985714285720000527e-01,6.332539682540000436e-01,5.817460317460000363e-01,5.696031746030000287e-01,5.853968253969999980e-01
1.555555555560000046e-03,3.851851851850000147e-03,5.851851851850000188e-03,7.444444444449999955e-03,8.074074074079999608e-03,1.181481481479999991e-02,1.561111111110000116e-01,4.238888888890000040e-01,6.985555555560000185e-01,8.509259259260000263e-01,9.659629629629999936e-01,8.714814814810000199e-01
6.199999999999999956e-02,2.241111111109999887e-01,3.325555555560000265e-01,4.034444444440000166e-01,6.245555555559999528e-01,8.673333333330000006e-01,8.737777777780000310e-01,9.598888888890000359e-01,1.309666666670000090e+00,1.538999999999999924e+00,1.647999999999999909e+00,1.434444444439999966e+00
1.520138888889999984e-01,3.294444444440000064e-01,4.418055555559999847e-01,6.011805555560000291e-01,6.222222222219999654e-01,6.205555555549999713e-01,6.197916666670000296e-01,6.203472222220000054e-01,5.820138888889999640e-01,5.834027777779999813e-01,6.479166666669999852e-01,7.765277777779999724e-01
8.798611111109999605e-02,2.672222222219999832e-01,4.899999999999999911e-01,7.675694444439999931e-01,1.002222222219999903e+00,9.859722222219999832e-01,9.525694444440000463e-01,9.137499999999999512e-01,7.840972222219999566e-01,7.244444444440000241e-01,7.529166666669999675e-01,8.464583333340000015e-01
6.500000000000000222e-02,1.244444444440000047e-01,2.198888888889999893e-01,2.914444444439999726e-01,3.816666666669999985e-01,4.922222222220000165e-01,5.406666666670000287e-01,5.400000000000000355e-01,4.653333333329999766e-01,4.079999999999999738e-01,4.726666666670000239e-01,4.863333333329999952e-01
5.714285714279999928e-02,1.490476190480000129e-01,3.082539682539999770e-01,5.100000000000000089e-01,6.850000000000000533e-01,8.429365079370000347e-01,9.350000000000000533e-01,9.809523809529999694e-01,9.200000000000000400e-01,7.669047619050000097e-01,6.896825396829999733e-01,6.484126984129999771e-01
2.312698412699999984e-01,4.152380952379999823e-01,5.837301587300000039e-01,7.161111111110000094e-01,7.584126984129999638e-01,8.084920634919999793e-01,8.488095238099999662e-01,8.676190476189999945e-01,9.611904761909999539e-01,9.456349206349999870e-01,9.318253968259999631e-01,9.055555555550000024e-01
4.109999999999999765e-01,4.902222222220000147e-01,5.659999999999999476e-01,6.832222222220000196e-01,8.678888888889999542e-01,9.185555555559999918e-01,1.011888888889999949e+00,1.032444444440000053e+00,1.018333333329999979e+00,9.784444444450000056e-01,1.099222222220000100e+00,1.137444444440000035e+00
3.646913580239999897e-01,4.890740740739999981e-01,6.752469135799999966e-01,8.425925925930000115e-01,9.845679012350000425e-01,1.082901234569999982e+00,1.119876543209999964e+00,1.119567901229999940e+00,1.051296296300000099e+00,9.652469135800000322e-01,9.816049382710000382e-01,8.950617283949999781e-01
2.949999999999999845e-01,4.788888888889999973e-01,5.750694444439999886e-01,6.379166666669999763e-01,6.724999999999999867e-01,7.258333333330000414e-01,7.243749999999999911e-01,7.721527777779999546e-01,8.265972222220000498e-01,8.159027777780000212e-01,7.945138888889999862e-01,6.864583333329999926e-01
1.749206349209999900e-01,2.595238095240000042e-01,4.297619047619999910e-01,5.680952380949999547e-01,5.120634920629999476e-01,5.532539682539999726e-01,5.815079365080000340e-01,6.056349206350000181e-01,6.310317460319999627e-01,6.168253968250000385e-01,6.339682539680000506e-01,6.407142857140000203e-01
2.111111111110000049e-01,3.120370370369999757e-01,4.876851851849999808e-01,5.838888888890000350e-01,5.700925925930000471e-01,6.391666666669999497e-01,6.992592592590000100e-01,7.395370370370000224e-01,7.462962962960000279e-01,6.457407407409999633e-01,7.099999999999999645e-01,6.932407407409999500e-01
1.011728395060000063e-01,4.533950617279999817e-01,8.600617283949999470e-01,9.698148148140000036e-01,9.912962962960000235e-01,1.049135802469999934e+00,1.015864197530000013e+00,1.010925925930000080e+00,8.504320987660000108e-01,8.004320987649999886e-01,6.994444444449999798e-01,7.497530864200000478e-01
6.356481481480000251e-02,2.887962962960000102e-01,5.124537037040000076e-01,6.655555555559999892e-01,7.605092592590000367e-01,8.220370370370000401e-01,8.231944444440000286e-01,7.511574074069999885e-01,6.317129629629999465e-01,5.267129629629999643e-01,4.308333333330000015e-01,4.111574074070000195e-01
3.039351851850000119e-01,8.293055555549999625e-01,1.055462962960000084e+00,1.048009259260000103e+00,1.062777777780000044e+00,1.055833333330000068e+00,1.079305555559999963e+00,1.098796296299999975e+00,1.073055555560000096e+00,9.781018518520000482e-01,9.616666666669999586e-01,1.066805555560000007e+00
2.512037037040000254e-01,4.938888888890000106e-01,6.694444444439999753e-01,7.624999999999999556e-01,7.737037037039999898e-01,7.771296296299999851e-01,7.159259259260000174e-01,7.406481481479999518e-01,7.559259259260000530e-01,7.904629629630000043e-01,1.107777777779999973e+00,1.325277777779999999e+00
2.008333333329999915e-01,2.958333333329999926e-01,4.829166666670000052e-01,6.108333333330000503e-01,5.434722222219999788e-01,4.509722222220000076e-01,4.729166666669999963e-01,5.704166666669999719e-01,4.573611111109999738e-01,5.559722222220000454e-01,9.087499999999999467e-01,9.583333333329999704e-01
3.241379310349999654e-02,1.411494252870000021e-01,2.229885057469999932e-01,2.824137931030000215e-01,3.543678160920000209e-01,4.290804597699999778e-01,4.477011494250000001e-01,4.914942528740000038e-01,5.218390804600000488e-01,5.452873563219999831e-01,5.758620689660000069e-01,5.936781609200000309e-01
3.017241379310000096e-02,1.185344827589999983e-01,2.290229885060000026e-01,2.692528735629999836e-01,3.840517241379999835e-01,5.594827586210000536e-01,6.408045977009999561e-01,6.145114942530000013e-01,5.649425287360000381e-01,6.725574712640000064e-01,7.420977011489999775e-01,7.597701149429999523e-01
4.195402298849999767e-02,9.206896551719999378e-02,1.605747126440000005e-01,2.197701149430000001e-01,2.766666666670000163e-01,3.225287356320000187e-01,2.951724137930000214e-01,3.101149425290000150e-01,3.751724137929999814e-01,5.324137931029999660e-01,7.244827586209999781e-01,7.497701149430000545e-01
1.216666666670000035e-01,2.534259259259999952e-01,3.412037037039999943e-01,4.273148148149999992e-01,4.884259259259999819e-01,5.710185185189999846e-01,5.851851851849999564e-01,6.324999999999999512e-01,6.664814814809999488e-01,7.472222222219999654e-01,8.239814814820000111e-01,7.235185185179999756e-01
2.076190476189999912e-01,2.343650793650000064e-01,5.330952380950000347e-01,6.718253968259999542e-01,7.116666666669999586e-01,8.316666666669999541e-01,9.322222222220000187e-01,9.738095238099999662e-01,9.351587301589999734e-01,1.064365079369999911e+00,1.142222222220000027e+00,1.134365079369999973e+00
1.811904761900000049e-01,3.122222222220000232e-01,5.235714285710000304e-01,5.944444444449999976e-01,6.205555555559999492e-01,6.911904761910000472e-01,6.388095238100000017e-01,7.051587301589999912e-01,7.551587301590000356e-01,9.111904761910000206e-01,9.437301587309999684e-01,8.888888888889999729e-01
9.270833333330000259e-02,1.777777777779999957e-01,3.622916666670000230e-01,5.146527777780000035e-01,4.556944444439999797e-01,4.140277777779999835e-01,4.577777777779999946e-01,5.178472222219999699e-01,5.861805555560000158e-01,8.027083333329999570e-01,1.197916666670000074e+00,1.222083333330000077e+00
3.288888888890000028e-02,5.099999999999999672e-02,8.233333333329999337e-02,1.217777777780000015e-01,1.400000000000000133e-01,1.429999999999999882e-01,1.222222222219999932e-01,8.577777777780000446e-02,1.239999999999999991e-01,2.007777777779999884e-01,4.067777777780000048e-01,4.695555555559999816e-01
7.894444444439999709e-01,9.053703703700000105e-01,9.549999999999999600e-01,1.013888888889999951e+00,9.827777777770000389e-01,9.524074074070000284e-01,1.097407407409999980e+00,1.024999999999999911e+00,9.407407407400000254e-01,1.050370370370000028e+00,1.036111111110000094e+00,1.091481481480000015e+00
5.574691358019999710e-01,8.959259259259999553e-01,9.495061728400000511e-01,9.434567901239999665e-01,8.941358024690000406e-01,9.267901234569999591e-01,9.734567901230000153e-01,9.378395061730000482e-01,9.311728395060000496e-01,9.554938271609999534e-01,9.752469135800000410e-01,1.038765432099999941e+00
2.518888888890000177e-01,4.925555555560000021e-01,6.476666666670000128e-01,7.079999999999999627e-01,7.258888888890000501e-01,7.375555555560000531e-01,8.359999999999999654e-01,9.015555555559999767e-01,9.308888888890000102e-01,1.087555555560000053e+00,1.220666666669999900e+00,1.114666666670000028e+00
1.485416666669999997e-01,3.679166666670000141e-01,5.592361111110000227e-01,5.275694444440000019e-01,4.755555555559999870e-01,5.401388888889999684e-01,6.014583333330000281e-01,5.624305555559999670e-01,5.920833333330000059e-01,6.231944444439999620e-01,7.031944444440000330e-01,7.549305555549999935e-01
1.353333333329999888e-01,3.400000000000000244e-01,5.051111111110000440e-01,5.475555555559999954e-01,6.368888888889999711e-01,8.209999999999999520e-01,9.175555555550000131e-01,9.475555555560000176e-01,1.006000000000000005e+00,1.147333333329999983e+00,1.156333333330000102e+00,1.046888888890000091e+00
6.548611111110000382e-02,1.368055555559999914e-01,2.531249999999999889e-01,3.743055555559999803e-01,5.328472222219999832e-01,7.127777777779999990e-01,7.192361111110000538e-01,7.366666666669999808e-01,8.202777777780000390e-01,1.039861111110000014e+00,1.159583333330000077e+00,1.183958333329999890e+00
6.870370370370000590e-02,8.314814814809999566e-02,3.688888888890000106e-01,7.218518518509999815e-01,9.333333333329999482e-01,1.105555555560000069e+00,9.470370370370000401e-01,1.006851851850000035e+00,1.135925925930000080e+00,1.230925925930000053e+00,1.249814814809999897e+00,1.232037037040000005e+00
2.996527777779999790e-01,5.463888888889999462e-01,6.445833333329999970e-01,7.251388888890000217e-01,7.175000000000000266e-01,7.122916666669999453e-01,7.297222222220000054e-01,7.372222222230000455e-01,7.715277777779999679e-01,7.072222222220000409e-01,6.313888888890000217e-01,6.097916666670000208e-01
4.760185185179999778e-01,9.650925925929999538e-01,1.125509259260000006e+00,1.119305555559999998e+00,1.179814814810000057e+00,1.197407407410000069e+00,1.127824074070000071e+00,1.165833333329999943e+00,1.149120370369999922e+00,1.118842592590000073e+00,1.115787037040000040e+00,1.179259259259999970e+00
1.190277777779999990e-01,3.449074074069999885e-01,6.413425925929999716e-01,8.387962962960000546e-01,8.727777777770000522e-01,8.576851851850000319e-01,8.512037037040000031e-01,8.578240740739999648e-01,7.706481481479999784e-01,7.019907407409999855e-01,6.479629629630000442e-01,7.168518518519999549e-01
9.044444444440000175e-02,2.991111111110000276e-01,4.906666666669999843e-01,6.396111111109999969e-01,6.605555555559999847e-01,6.529444444440000161e-01,6.733888888889999480e-01,6.666666666670000296e-01,5.850555555559999732e-01,5.878888888890000386e-01,5.337777777779999511e-01,5.738888888890000262e-01
1.402777777779999901e-01,2.362037037040000120e-01,4.838888888890000017e-01,6.348148148150000170e-01,5.756481481480000273e-01,6.394444444439999486e-01,6.756481481480000051e-01,7.448148148150000036e-01,7.418518518519999771e-01,7.386111111109999738e-01,8.183333333340000459e-01,8.314814814819999622e-01
2.399425287359999853e-02,8.505747126439999750e-02,1.807471264369999997e-01,3.123563218389999729e-01,2.857758620690000195e-01,2.750000000000000222e-01,3.492816091950000090e-01,3.212643678159999849e-01,3.389367816089999819e-01,2.913793103449999755e-01,3.525862068969999874e-01,5.169540229879999726e-01
1.077011494250000034e-01,3.074712643679999857e-01,6.209770114939999752e-01,6.927586206900000487e-01,5.894827586209999692e-01,6.727011494250000334e-01,7.777011494250000156e-01,8.311494252869999766e-01,8.562643678160000160e-01,7.728735632180000481e-01,7.310919540229999791e-01,6.365517241379999858e-01
1.809027777780000124e-01,4.263888888890000062e-01,7.215277777780000346e-01,8.101388888889999862e-01,8.020833333329999704e-01,8.368055555560000025e-01,9.095833333330000103e-01,9.111111111109999605e-01,9.136805555560000291e-01,8.453472222219999832e-01,8.434027777779999901e-01,8.655555555559999448e-01
2.744444444440000130e-01,4.898765432100000150e-01,6.651234567899999561e-01,6.944444444439999975e-01,7.695061728390000244e-01,7.642592592589999567e-01,7.555555555559999581e-01,7.587654320990000478e-01,8.496296296299999939e-01,1.055987654319999969e+00,1.183209876540000094e+00,1.144814814809999914e+00
1.655555555559999892e-01,4.453703703699999905e-01,5.372222222220000010e-01,6.642592592589999789e-01,6.938888888890000217e-01,6.837037037040000209e-01,7.311111111110000227e-01,8.024074074070000062e-01,9.181481481480000539e-01,1.029814814809999923e+00,1.127407407410000006e+00,1.010000000000000009e+00
1.206666666670000027e-01,2.746666666670000145e-01,4.193333333329999912e-01,5.397777777779999564e-01,6.046666666669999746e-01,4.968888888890000133e-01,4.537777777779999910e-01,3.993333333329999735e-01,2.667777777779999915e-01,2.313333333329999908e-01,2.949999999999999845e-01,4.139999999999999791e-01
1.314814814810000010e-01,3.646296296300000073e-01,5.948148148149999814e-01,6.252777777779999768e-01,6.300925925929999893e-01,6.827777777779999724e-01,6.514814814820000244e-01,5.749999999999999556e-01,5.529629629629999599e-01,6.394444444439999486e-01,8.378703703700000061e-01,1.015648148149999930e+00
2.426854754439999873e-01,4.917972831769999997e-01,7.088819226750000535e-01,9.054858934170000317e-01,9.764367816100000264e-01,9.811389759669999489e-01,9.060083594569999788e-01,9.020898641590000544e-01,8.285266457679999474e-01,8.837513061649999724e-01,9.686520376180000058e-01,9.734064785789999785e-01
4.827160493819999953e-02,1.003086419750000013e-01,2.921604938269999896e-01,5.487037037040000120e-01,8.243827160490000416e-01,1.045370370369999913e+00,1.024506172840000007e+00,9.830864197530000403e-01,9.257407407409999900e-01,1.013333333330000086e+00,1.116543209880000109e+00,1.142345679009999948e+00
3.288888888889999751e-01,6.061111111110000227e-01,8.313888888889999773e-01,1.278611111110000031e+00,1.278888888890000075e+00,1.307500000000000107e+00,1.446666666670000101e+00,1.445833333329999970e+00,1.544999999999999929e+00,1.921944444440000010e+00,2.168055555560000069e+00,2.139722222220000081e+00
1.207638888889999984e-01,2.614583333330000037e-01,5.037500000000000311e-01,7.005555555550000424e-01,8.625694444439999664e-01,8.746527777779999901e-01,8.389583333329999615e-01,8.730555555550000291e-01,8.909027777779999768e-01,9.909722222219999876e-01,1.064861111109999925e+00,1.031319444440000010e+00
4.166666666660000067e-03,2.298850574709999928e-02,9.956896551720000044e-02,8.678160919539999740e-02,1.038793103450000033e-01,1.135057471260000062e-01,1.472701149429999912e-01,1.324712643679999968e-01,1.283045977010000005e-01,1.012931034479999937e-01,1.051724137930000053e-01,1.474137931030000126e-01
3.842592592590000217e-02,1.097222222219999960e-01,2.399074074070000062e-01,4.042592592590000256e-01,4.500000000000000111e-01,5.174999999999999600e-01,5.836111111109999472e-01,6.596296296300000472e-01,6.557407407409999722e-01,6.311111111110000449e-01,6.029629629630000043e-01,5.922222222230000277e-01
2.498888888889999882e-01,3.723888888890000137e-01,4.322777777780000275e-01,5.248888888889999826e-01,5.267777777779999449e-01,6.314999999999999503e-01,6.216111111109999809e-01,6.394444444439999486e-01,6.563888888890000439e-01,6.001666666670000261e-01,6.067777777780000159e-01,6.099999999999999867e-01
3.151388888889999906e-01,4.531250000000000000e-01,5.606250000000000400e-01,6.183333333330000015e-01,7.358333333330000503e-01,8.209027777780000257e-01,8.672222222219999610e-01,8.605555555560000514e-01,8.345138888890000217e-01,8.333333333329999704e-01,8.243055555560000469e-01,8.066666666670000430e-01
1.903703703700000138e-01,3.449999999999999734e-01,5.325925925919999804e-01,6.290740740739999559e-01,6.785185185180000467e-01,6.872222222220000232e-01,5.842592592590000189e-01,6.653703703700000194e-01,7.301851851849999742e-01,6.624074074069999929e-01,5.955555555549999491e-01,6.677777777779999591e-01
2.591111111109999920e-01,5.032777777779999795e-01,7.013888888889999729e-01,8.230555555549999847e-01,8.897777777780000452e-01,8.998888888889999826e-01,8.584444444440000321e-01,7.584999999999999520e-01,7.924999999999999822e-01,8.411666666670000181e-01,9.429999999999999494e-01,1.034055555559999950e+00
3.653703703699999750e-01,5.769444444439999486e-01,6.817592592590000500e-01,8.056481481480000095e-01,8.398148148149999770e-01,7.817592592590000278e-01,6.923148148150000125e-01,7.286111111109999650e-01,7.456481481479999562e-01,7.535185185189999801e-01,9.054629629629999954e-01,1.022499999999999964e+00
1.143518518520000027e-01,2.628240740739999914e-01,4.265277777779999946e-01,5.348611111109999872e-01,6.412499999999999867e-01,6.706944444439999486e-01,6.273148148149999548e-01,6.740740740739999959e-01,6.484722222219999610e-01,5.844444444440000108e-01,8.080092592590000233e-01,1.061666666670000092e+00
3.352490421460000217e-03,3.113026819919999938e-02,1.132183908049999993e-01,2.020114942529999957e-01,2.328544061299999968e-01,2.276819923370000109e-01,1.779693486589999929e-01,2.000957854410000125e-01,2.083333333329999981e-01,1.912835249039999963e-01,3.387931034480000103e-01,4.095785440610000272e-01
8.333333333350000441e-03,1.268518518519999930e-02,3.148148148149999825e-02,2.907407407409999880e-02,8.092592592590000522e-02,1.291666666669999963e-01,1.486111111110000049e-01,1.924074074069999918e-01,2.091666666670000119e-01,2.386111111110000016e-01,2.695370370369999935e-01,4.862037037040000120e-01
1.787654320990000045e-01,3.139506172839999776e-01,5.037654320990000434e-01,6.614197530869999619e-01,7.634567901240000287e-01,7.998148148150000525e-01,8.605555555560000514e-01,8.987037037039999898e-01,8.445061728399999579e-01,8.822222222219999743e-01,9.533950617280000372e-01,1.037654320989999990e+00
2.474074074079999908e-01,5.786574074070000018e-01,6.603240740739999559e-01,6.952314814810000021e-01,6.277314814809999977e-01,5.826851851850000097e-01,6.049537037040000342e-01,5.891666666670000163e-01,5.518518518520000304e-01,5.203240740740000536e-01,6.200462962960000546e-01,8.362500000000000488e-01
1.274444444439999935e-01,3.139444444439999926e-01,4.403333333330000099e-01,4.466666666670000008e-01,4.163888888889999973e-01,4.280555555550000224e-01,4.277777777780000235e-01,3.876666666670000039e-01,3.668333333330000001e-01,3.671111111109999769e-01,6.496111111110000058e-01,9.582222222220000418e-01
7.187500000000000312e-03,2.760416666670000019e-02,1.462499999999999911e-01,3.222916666669999874e-01,5.246527777780000124e-01,7.528472222219999566e-01,8.089930555550000069e-01,7.533333333330000103e-01,7.554166666670000252e-01,7.206597222220000321e-01,7.764236111110000005e-01,8.067013888890000040e-01
8.511111111109999350e-02,2.176111111110000107e-01,3.232777777779999862e-01,5.708888888890000235e-01,7.664999999999999591e-01,8.682222222219999619e-01,9.006666666670000154e-01,8.569444444439999753e-01,8.353888888889999809e-01,8.110000000000000542e-01,8.261666666670000048e-01,8.433333333329999792e-01
1.345138888890000106e-01,2.721527777780000101e-01,4.359722222219999943e-01,6.188194444440000552e-01,8.646527777779999813e-01,1.131111111110000067e+00,1.219583333329999908e+00,1.124652777779999946e+00,1.156041666669999968e+00,1.189305555560000061e+00,1.319722222220000019e+00,1.207847222220000072e+00
1.113675213669999969e-01,2.074786324779999969e-01,3.420512820509999941e-01,4.937179487180000104e-01,7.463247863249999892e-01,1.014700854700000043e+00,1.142948717949999971e+00,1.121196581199999986e+00,1.194615384620000054e+00,1.285769230769999938e+00,1.297606837610000063e+00,1.242948717950000059e+00
5.211111111109999888e-02,8.899999999999999578e-02,1.811111111110000060e-01,2.996666666669999812e-01,4.708888888889999902e-01,6.232222222219999663e-01,6.905555555560000114e-01,8.038888888890000084e-01,9.167777777779999582e-01,9.017777777779999449e-01,9.651111111110000085e-01,9.258888888890000057e-01
9.506944444440000586e-02,1.715972222219999954e-01,3.545138888889999840e-01,5.264583333329999615e-01,6.934027777779999679e-01,8.110416666669999497e-01,9.285416666669999985e-01,9.519444444439999486e-01,9.958333333329999482e-01,1.053680555559999954e+00,1.039513888889999960e+00,1.018124999999999947e+00
1.188888888889999967e-01,3.327777777779999946e-01,3.369444444440000130e-01,3.724999999999999978e-01,3.761111111109999849e-01,3.041666666669999852e-01,3.077777777779999724e-01,3.069444444439999864e-01,3.059722222219999899e-01,2.933333333329999904e-01,2.544444444439999953e-01,2.898611111109999916e-01
1.166666666669999991e-01,1.950000000000000067e-01,3.541666666669999741e-01,5.930555555550000024e-01,8.030555555549999669e-01,6.466666666670000119e-01,7.044444444440000064e-01,5.683333333329999570e-01,6.338888888889999684e-01,7.530555555550000335e-01,9.063888888890000439e-01,9.466666666669999453e-01
8.969135802460000140e-02,1.310493827160000013e-01,2.535802469130000181e-01,2.933333333329999904e-01,3.386419753079999984e-01,3.188888888890000217e-01,2.807407407410000277e-01,2.670987654320000071e-01,2.545061728390000111e-01,2.586419753090000162e-01,3.979012345679999729e-01,6.361728395060000096e-01
1.638888888889999951e-02,3.694444444440000280e-02,8.118055555559999803e-02,1.241666666670000058e-01,2.101388888890000084e-01,2.822222222219999965e-01,3.171527777779999946e-01,2.809027777779999901e-01,2.580555555560000158e-01,3.205555555560000158e-01,3.954861111110000160e-01,4.458333333330000148e-01
4.531249999999999861e-02,9.864583333330000092e-02,2.244444444439999964e-01,4.097222222219999987e-01,6.770138888890000484e-01,7.903124999999999734e-01,8.374652777779999502e-01,8.238194444440000153e-01,7.906250000000000222e-01,9.118749999999999911e-01,9.649305555549999580e-01,9.981250000000000400e-01
2.557407407410000055e-01,4.244444444450000131e-01,4.125925925930000182e-01,5.551851851850000408e-01,6.414814814820000155e-01,6.486111111110000049e-01,5.886111111109999516e-01,6.062962962960000146e-01,5.930555555559999803e-01,6.396296296300000295e-01,1.074814814810000074e+00,1.394166666670000110e+00
8.883415435130000148e-02,2.410509031199999930e-01,4.032840722500000141e-01,6.131362889989999676e-01,6.815270935960000553e-01,6.669950738919999678e-01,5.959770114939999530e-01,6.724137931039999572e-01,6.302134646960000364e-01,6.364532019709999711e-01,9.935960591139999520e-01,1.197865353040000080e+00
1.637301587299999917e-01,2.118253968250000119e-01,2.619841269839999764e-01,2.664285714290000051e-01,2.273809523810000066e-01,2.886507936509999928e-01,3.507936507939999893e-01,2.969841269840000075e-01,2.726984126979999923e-01,3.254761904760000157e-01,5.153968253970000468e-01,6.740476190480000351e-01
3.327777777779999946e-01,3.585185185179999845e-01,4.644444444440000153e-01,5.451851851850000319e-01,5.670370370370000357e-01,4.907407407409999922e-01,4.622222222219999899e-01,4.216666666660000007e-01,4.811111111110000227e-01,6.087037037039999543e-01,7.498148148150000081e-01,9.179629629629999510e-01
1.343650793650000008e-01,1.821428571429999921e-01,3.067460317460000141e-01,4.164285714290000273e-01,5.235714285720000083e-01,6.483333333340000060e-01,7.020634920639999832e-01,6.998412698420000133e-01,6.796825396829999644e-01,6.757936507940000004e-01,6.659523809530000227e-01,6.369047619050000053e-01
5.783950617280000234e-02,8.543209876540000525e-02,1.004320987650000052e-01,1.073456790119999976e-01,9.006172839499999860e-02,1.093827160490000033e-01,1.261111111110000127e-01,1.542592592589999978e-01,1.850617283950000136e-01,3.151851851849999941e-01,5.077160493829999677e-01,5.276543209880000251e-01
1.215359477129999977e-01,2.098366013069999925e-01,2.395751633990000073e-01,2.981372549019999929e-01,3.284967320259999934e-01,3.843790849670000176e-01,4.502287581700000207e-01,4.544444444440000064e-01,5.283986928110000481e-01,6.928758169940000267e-01,8.448692810460000091e-01,8.242156862739999923e-01
5.111111111109999799e-02,6.730158730150000157e-02,1.442857142860000108e-01,1.956349206349999870e-01,2.110317460320000060e-01,2.521428571429999987e-01,2.410317460320000049e-01,2.079365079369999980e-01,2.146031746029999909e-01,2.461904761900000072e-01,3.533333333329999881e-01,4.939682539679999818e-01
2.011111111109999960e-01,3.680952380949999991e-01,5.711111111109999916e-01,6.339682539680000506e-01,6.507936507939999782e-01,7.045238095239999554e-01,6.533333333330000325e-01,6.807142857139999448e-01,6.866666666670000474e-01,6.491666666669999586e-01,7.623412698420000133e-01,7.804365079370000347e-01
1.314197530860000129e-01,1.980864197530000093e-01,2.596913580249999853e-01,3.372839506170000057e-01,4.138271604939999793e-01,4.848765432100000106e-01,5.680246913580000445e-01,6.213580246909999882e-01,6.536419753090000340e-01,6.087037037039999543e-01,6.008641975309999550e-01,6.180864197530000492e-01
2.167592592589999978e-01,3.664814814810000154e-01,4.891666666669999830e-01,5.949999999999999734e-01,7.600000000000000089e-01,8.643518518520000304e-01,9.027777777779999457e-01,9.325925925929999805e-01,9.044444444450000509e-01,9.659259259260000174e-01,9.961111111120000139e-01,8.997222222220000454e-01
1.576111111110000129e-01,4.568888888889999778e-01,5.570555555559999483e-01,5.659999999999999476e-01,5.379444444440000250e-01,5.150555555560000220e-01,5.973888888889999915e-01,5.873888888889999826e-01,5.203333333330000254e-01,5.283333333330000325e-01,5.312777777780000044e-01,5.531111111109999756e-01
5.254515599339999732e-02,2.596880131359999844e-01,3.959770114939999974e-01,4.567323481119999751e-01,5.058292282430000286e-01,5.477832512320000014e-01,5.376847290639999999e-01,5.051724137930000413e-01,4.752052545159999863e-01,4.102627257800000038e-01,4.027914614120000070e-01,4.208538587849999790e-01
1.544444444439999897e-01,2.309876543209999911e-01,3.092592592589999967e-01,4.126543209870000006e-01,4.753703703700000172e-01,5.569135802469999952e-01,5.813580246909999527e-01,5.937654320990000123e-01,6.619753086420000487e-01,8.799382716050000441e-01,9.745679012350000336e-01,9.593827160490000505e-01
7.796296296290000649e-02,1.353703703699999927e-01,3.075308641969999868e-01,4.353086419750000213e-01,4.785802469129999959e-01,4.998148148150000081e-01,5.228395061730000126e-01,5.301851851850000186e-01,5.061111111110000449e-01,5.098765432099999773e-01,6.029629629630000043e-01,7.176543209879999718e-01
1.457407407409999911e-01,2.661111111109999983e-01,4.628395061730000148e-01,6.045061728389999889e-01,6.720987654319999782e-01,7.097530864200000122e-01,6.448765432099999861e-01,6.286419753090000118e-01,6.019753086419999955e-01,6.570987654319999649e-01,7.606790123459999942e-01,8.466049382720000072e-01
9.291666666669999575e-02,5.077777777780000390e-01,1.108333333330000059e+00,1.087083333330000068e+00,1.129305555560000007e+00,1.054999999999999938e+00,8.406944444449999665e-01,6.663888888890000528e-01,7.158333333330000325e-01,7.479166666659999851e-01,9.873611111110000005e-01,1.252083333330000103e+00
2.559722222220000010e-01,4.693055555549999758e-01,6.406250000000000000e-01,7.276388888889999684e-01,8.063194444450000331e-01,8.745833333329999792e-01,8.739583333329999926e-01,8.263194444450000509e-01,9.251388888889999773e-01,9.367361111109999694e-01,9.770138888889999818e-01,1.074166666670000048e+00
1.494444444440000130e-01,3.981481481479999807e-01,6.635185185180000333e-01,7.379629629630000132e-01,7.687037037030000075e-01,8.612962962960000191e-01,9.018518518520000082e-01,7.548148148150000125e-01,8.557407407410000388e-01,9.133333333330000414e-01,9.370370370360000534e-01,9.324074074070000107e-01
8.351851851850000674e-02,2.292592592590000089e-01,4.737037037040000009e-01,6.544444444439999620e-01,8.885185185189999890e-01,8.412962962960000013e-01,8.649999999999999911e-01,9.253703703700000283e-01,9.605555555550000513e-01,1.043148148150000010e+00,1.078518518519999914e+00,9.959259259260000441e-01
1.772916666669999974e-01,4.185416666669999897e-01,6.545833333330000059e-01,6.993749999999999689e-01,6.510416666670000296e-01,6.464583333340000459e-01,7.101388888890000084e-01,6.942361111110000316e-01,6.942361111110000316e-01,5.947916666670000074e-01,6.288888888889999640e-01,7.749305555559999892e-01
1.717171717169999889e-01,3.157070707069999926e-01,4.568181818179999909e-01,5.878787878790000532e-01,6.085353535359999677e-01,5.930808080810000549e-01,5.324242424239999938e-01,4.813131313130000200e-01,5.466666666670000341e-01,6.044949494950000446e-01,7.043434343440000411e-01,7.979797979799999608e-01
2.842063492060000196e-01,4.400000000000000022e-01,5.400000000000000355e-01,5.401587301589999557e-01,6.235714285719999861e-01,7.208730158730000115e-01,7.647619047620000110e-01,7.003968253969999891e-01,6.184920634920000326e-01,6.601587301589999512e-01,6.674603174609999856e-01,6.773809523810000455e-01
5.664814814819999489e-01,8.248148148149999637e-01,9.096296296300000472e-01,1.062962962959999924e+00,1.046944444440000010e+00,9.755555555549999536e-01,9.472222222220000321e-01,9.287962962970000014e-01,9.433333333340000459e-01,8.601851851849999786e-01,9.395370370369999780e-01,8.758333333329999526e-01
2.891975308640000186e-01,5.708641975310000394e-01,8.652469135800000544e-01,9.874691358020000198e-01,1.022777777780000008e+00,1.027160493830000076e+00,9.824074074080000329e-01,9.874691358020000198e-01,9.060493827159999958e-01,8.761728395060000008e-01,9.877777777780000212e-01,1.020246913580000081e+00
1.367777777779999870e-01,3.668888888890000088e-01,4.555555555560000247e-01,4.876666666669999817e-01,3.796666666669999968e-01,2.992222222220000116e-01,3.217777777779999848e-01,3.013333333329999975e-01,3.267777777779999893e-01,3.965555555559999723e-01,4.884444444439999811e-01,4.943333333330000023e-01
1.612222222220000001e-01,2.767777777780000004e-01,3.415555555559999790e-01,3.732222222220000218e-01,4.271111111109999747e-01,5.141111111110000520e-01,5.392222222220000027e-01,5.667777777779999804e-01,5.905555555549999447e-01,5.786666666669999515e-01,6.088888888889999462e-01,6.351111111110000484e-01
2.835555555559999830e-01,3.993333333329999735e-01,4.842222222220000094e-01,6.323333333330000139e-01,7.962222222220000090e-01,8.878888888889999720e-01,9.204444444449999541e-01,8.187777777779999822e-01,8.067777777779999715e-01,7.505555555559999537e-01,7.616666666670000030e-01,7.735555555549999962e-01
1.552631578950000070e-02,5.497076023400000039e-02,1.428947368419999919e-01,3.373099415199999895e-01,5.691520467839999986e-01,6.622514619880000009e-01,6.573684210529999739e-01,6.092982456140000336e-01,5.111111111110000493e-01,4.183625730989999902e-01,3.490643274849999922e-01,5.164619883040000303e-01
6.925925925930000171e-02,1.412962962959999902e-01,3.246296296300000273e-01,5.961111111110000138e-01,7.132407407409999678e-01,8.537037037039999499e-01,9.504629629630000354e-01,8.262962962959999880e-01,7.547222222220000276e-01,6.426851851849999520e-01,5.812037037030000075e-01,7.225000000000000311e-01
1.031481481479999962e-01,1.814814814809999899e-01,3.569444444439999753e-01,5.411111111109999650e-01,6.571296296299999895e-01,7.623148148149999637e-01,8.780555555550000335e-01,8.147222222219999699e-01,6.183333333339999793e-01,5.678703703699999883e-01,5.814814814809999843e-01,5.343518518519999594e-01
