0.000000000000000000e+00,6.738948626049999779e-01,1.132377538829999919e+00,1.235424133810000047e+00,1.430465949820000082e+00,1.355077658299999932e+00,1.087813620069999931e+00,3.464755077659999877e-03,0.000000000000000000e+00,0.000000000000000000e+00,6.581839904420000442e-01,1.204360812420000038e+00
0.000000000000000000e+00,5.633064516129999699e-01,1.046102150540000109e+00,1.051209677419999933e+00,1.115860215050000104e+00,1.193010752690000009e+00,1.052150537629999993e+00,3.897849462370000032e-03,0.000000000000000000e+00,0.000000000000000000e+00,7.163978494620000248e-01,1.086021505379999974e+00
5.347311827959999597e-01,5.527419354839999688e-01,6.567741935480000404e-01,8.987096774189999859e-01,1.010053763439999974e+00,9.976881720429999767e-01,8.977956989249999964e-01,7.498924731180000025e-01,7.408064516129999610e-01,8.385483870969999698e-01,1.005645161289999923e+00,1.100000000000000089e+00
4.334101382489999876e-01,4.337941628259999738e-01,7.068356374809999787e-01,8.027649769589999540e-01,8.553763440860000511e-01,9.060675883259999841e-01,8.641321044549999941e-01,8.432411674349999942e-01,8.081413210450000273e-01,8.638248847930000140e-01,9.764976958529999473e-01,1.002073732719999999e+00
3.227598566309999861e-01,6.215053763440000489e-01,8.146953405010000093e-01,9.189964157700000191e-01,1.128853046589999964e+00,1.217562724009999986e+00,1.071684587810000089e+00,1.106630824370000044e+00,1.277956989250000008e+00,1.362007168459999917e+00,1.544802867380000055e+00,1.453763440859999978e+00
3.424731182799999885e-01,5.990591397850000277e-01,7.758736559140000377e-01,8.839381720429999589e-01,1.056653225810000096e+00,1.004838709679999997e+00,1.002016129030000036e+00,9.509408602150000167e-01,1.018010752689999965e+00,1.138575268819999931e+00,1.288104838710000033e+00,1.295631720430000078e+00
6.196236559139999683e-02,1.635752688169999913e-01,3.100806451609999792e-01,4.206989247310000124e-01,5.175403225810000230e-01,5.387096774189999993e-01,4.935483870969999964e-01,4.417338709679999864e-01,4.025537634410000232e-01,4.528897849460000180e-01,6.168010752689999654e-01,6.489919354840000265e-01
2.784274193549999832e-01,4.016129032260000176e-01,5.200940860210000460e-01,5.513440860220000239e-01,6.397849462369999962e-01,6.276209677420000466e-01,5.429435483869999857e-01,4.019489247310000235e-01,3.706317204299999779e-01,3.975806451610000014e-01,6.065860215049999615e-01,8.036962365590000212e-01
0.000000000000000000e+00,2.069892473119999965e-01,4.234408602149999923e-01,5.509677419349999772e-01,6.125806451609999703e-01,6.620967741940000373e-01,5.833333333329999704e-01,5.816666666669999541e-01,5.003763440859999578e-01,4.366666666669999919e-01,4.759677419359999995e-01,5.325268817199999560e-01
0.000000000000000000e+00,9.492063492049999940e-02,1.956349206349999870e-01,2.912698412699999961e-01,3.784126984130000149e-01,3.327777777779999946e-01,2.632539682539999926e-01,4.761904761900000085e-04,0.000000000000000000e+00,0.000000000000000000e+00,0.000000000000000000e+00,1.057142857140000031e-01
5.655913978500000105e-01,7.472446236559999733e-01,7.924059139789999540e-01,8.448924731179999759e-01,8.723790322579999534e-01,8.967741935480000315e-01,8.386424731179999981e-01,8.639784946240000041e-01,8.659274193549999499e-01,1.009879032259999976e+00,1.130107526880000046e+00,1.206854838709999989e+00
2.728494623659999951e-01,4.966397849459999736e-01,7.228494623650000284e-01,8.520161290319999692e-01,9.001344086020000024e-01,8.612903225810000230e-01,7.662634408599999780e-01,7.479838709680000086e-01,8.981182795700000110e-01,1.020564516130000099e+00,1.177553763439999956e+00,1.220833333330000103e+00
1.293010752690000043e-01,2.391397849459999947e-01,3.921505376339999849e-01,4.822580645160000068e-01,5.015591397849999966e-01,4.928494623660000240e-01,4.109139784949999985e-01,3.618817204299999979e-01,3.003225806450000035e-01,3.584946236559999888e-01,5.283333333330000325e-01,6.083870967740000468e-01
5.956989247310000291e-02,8.983870967739999991e-02,1.429569892470000103e-01,1.924731182799999940e-01,2.403225806450000057e-01,2.546774193549999898e-01,2.371505376340000137e-01,2.167204301079999895e-01,1.918279569889999869e-01,2.177956989250000031e-01,3.901075268820000108e-01,5.804838709680000264e-01
2.149999999999999967e-01,4.091397849460000069e-01,5.454838709679999953e-01,6.676881720430000167e-01,7.142473118280000532e-01,7.282795698920000449e-01,6.662365591400000175e-01,7.002150537629999727e-01,6.432258064520000040e-01,6.620967741940000373e-01,7.791935483869999457e-01,7.812365591400000087e-01
1.738575268820000130e-01,2.655241935479999982e-01,3.040994623659999951e-01,3.316532258059999849e-01,3.579301075269999965e-01,3.540994623659999840e-01,3.028897849459999958e-01,2.906586021509999784e-01,2.474462365589999990e-01,2.326612903230000085e-01,3.371639784950000163e-01,5.102150537630000260e-01
1.733870967739999935e-01,4.212365591400000220e-01,4.967741935480000093e-01,6.215053763440000489e-01,7.887096774189999993e-01,7.274193548389999986e-01,6.177419354840000265e-01,7.072580645160000401e-01,6.137096774189999548e-01,5.938172043010000456e-01,1.071236559139999933e+00,1.415322580650000051e+00
1.318996415769999875e-01,2.894265232970000268e-01,3.996415770610000084e-01,4.086021505369999973e-01,5.064516129030000036e-01,6.231182795699999888e-01,5.003584229390000138e-01,3.727598566309999750e-01,2.781362007170000150e-01,2.543010752689999765e-01,3.630824372759999807e-01,7.575268817200000449e-01
2.369892473119999954e-01,4.754838709679999886e-01,5.649999999999999467e-01,5.781720430110000031e-01,6.314516129030000036e-01,5.866129032260000153e-01,6.168279569889999481e-01,5.579569892469999903e-01,4.053763440859999845e-01,4.275806451609999725e-01,6.984946236560000132e-01,7.851612903229999718e-01
2.376941457579999917e-01,5.147550776579999932e-01,6.530465949820000171e-01,7.873954599760000228e-01,7.577658303469999579e-01,7.618279569889999658e-01,7.826762246120000377e-01,7.266427718040000538e-01,6.613500597370000067e-01,6.977299880530000165e-01,8.578255675029999860e-01,8.277180406209999619e-01
1.532258064520000129e-01,2.586021505380000085e-01,4.074596774190000215e-01,6.090053763439999823e-01,6.852822580649999828e-01,7.274193548389999986e-01,6.938172043010000234e-01,5.720430107530000141e-01,4.320564516129999921e-01,3.751344086019999802e-01,4.440188172039999936e-01,4.193548387100000108e-01
1.755376344089999985e-01,2.685483870970000186e-01,4.431451612899999781e-01,5.547043010750000169e-01,6.102150537630000038e-01,6.777553763439999601e-01,6.258064516129999699e-01,5.740591397850000055e-01,4.591397849459999958e-01,2.780913978489999994e-01,2.594086021509999784e-01,2.850134408600000224e-01
5.213709677419999799e-01,7.900537634409999788e-01,9.032258064520000129e-01,9.704973118280000310e-01,1.032862903230000073e+00,9.954973118280000532e-01,9.922715053759999515e-01,8.283602150540000375e-01,6.888440860210000016e-01,6.361559139789999540e-01,6.765456989250000497e-01,7.219758064519999907e-01
1.396505376340000104e-01,2.514112903230000251e-01,4.010752688170000080e-01,5.143145161290000322e-01,5.554435483870000523e-01,5.850806451610000014e-01,5.755376344089999652e-01,4.961021505379999974e-01,5.369623655909999682e-01,5.341397849460000069e-01,4.849462365589999879e-01,4.817876344090000207e-01
2.181329423260000011e-01,3.223851417399999919e-01,4.340664711630000117e-01,5.365102639300000087e-01,6.093841642230000133e-01,5.537634408599999558e-01,4.891006842619999850e-01,4.413000977520000201e-01,5.317693059629999830e-01,6.566471163239999687e-01,7.763929618770000207e-01,7.928641251229999742e-01
2.700165425969999755e-01,4.050041356490000077e-01,5.138957816379999821e-01,5.234077750200000212e-01,5.428039702229999763e-01,5.671215880890000394e-01,5.244416873449999628e-01,5.339950372209999463e-01,5.275020678249999762e-01,5.604631927209999809e-01,6.503308519439999769e-01,7.354838709680000530e-01
3.873118279569999767e-01,5.134408602150000167e-01,7.666666666670000074e-01,8.363978494620000204e-01,8.579032258069999584e-01,7.674193548390000341e-01,7.133333333329999748e-01,6.626344086019999580e-01,7.168817204299999801e-01,7.596774193549999943e-01,9.581182795699999533e-01,1.052580645159999939e+00
4.327188940089999880e-01,6.060675883260000507e-01,7.692012288789999985e-01,8.467741935489999650e-01,9.016897081420000015e-01,7.675115207379999971e-01,6.956221198159999730e-01,6.768049155149999940e-01,5.594470046080000092e-01,6.463901689709999898e-01,8.509216589870000069e-01,1.019585253460000063e+00
2.372311827960000008e-01,4.369623655909999904e-01,5.959005376339999716e-01,8.011424731180000203e-01,8.935483870970000186e-01,8.764112903220000472e-01,8.352150537629999816e-01,8.033602150540000153e-01,6.471774193549999499e-01,6.359543010749999503e-01,7.745295698919999472e-01,7.317204301080000306e-01
2.432950191569999837e-02,2.222222222220000126e-02,3.773946360150000345e-02,1.277777777780000068e-01,1.971264367820000085e-01,2.181992337160000017e-01,1.932950191570000087e-01,1.599616858239999995e-01,1.526819923369999998e-01,1.844827586209999981e-01,1.940613026820000031e-01,1.733716475089999987e-01
2.729646697390000210e-01,3.796466973889999763e-01,5.340245775730000366e-01,6.559907834099999446e-01,8.274961597550000159e-01,8.850230414749999941e-01,8.904761904760000180e-01,8.253456221199999554e-01,9.121351766519999460e-01,9.771121351770000185e-01,1.028494623660000107e+00,9.774961597550000381e-01
2.393548387099999897e-01,4.539784946239999730e-01,6.853763440860000111e-01,8.088172043010000145e-01,9.474193548389999719e-01,9.890322580649999473e-01,1.025913978489999989e+00,1.026881720430000033e+00,1.198279569889999951e+00,1.488924731180000016e+00,1.612580645159999992e+00,1.415591397850000099e+00
2.313172043010000012e-01,3.698924731179999981e-01,5.659946236559999511e-01,6.896505376339999716e-01,7.216397849460000069e-01,7.254032258060000293e-01,6.467741935480000315e-01,6.116935483869999635e-01,5.219086021509999895e-01,5.567204301079999862e-01,7.020161290319999470e-01,6.907258064519999907e-01
4.857142857139999936e-01,6.819508448540000378e-01,8.909370199699999660e-01,1.011136712749999944e+00,1.072119815670000031e+00,1.101075268820000064e+00,1.036098310290000102e+00,9.218894009220000019e-01,7.373271889400000445e-01,7.301075268819999797e-01,8.701996927809999560e-01,8.823348694320000130e-01
2.868951612899999781e-01,6.616935483870000079e-01,8.710349462359999739e-01,9.537634408599999780e-01,1.007258064519999996e+00,9.754704301080000528e-01,9.061155913980000198e-01,8.156586021499999672e-01,6.945564516129999477e-01,5.573924731179999981e-01,6.403897849459999625e-01,7.494623655919999683e-01
3.189516129030000036e-01,7.522849462370000406e-01,1.007526881720000045e+00,1.026478494620000070e+00,9.561827956989999988e-01,9.235215053759999737e-01,8.801075268820000019e-01,7.408602150540000153e-01,5.943548387100000552e-01,5.704301075269999632e-01,8.297043010750000391e-01,9.174731182799999996e-01
2.216589861749999890e-01,4.162058371740000040e-01,5.371735791089999879e-01,6.391705069130000361e-01,6.565284178189999542e-01,5.748079877109999458e-01,6.144393241169999742e-01,5.815668202770000184e-01,4.623655913979999865e-01,4.566820276499999887e-01,5.089861751149999947e-01,5.203533026109999904e-01
7.480798771110000467e-02,1.292626728110000123e-01,1.991551459289999937e-01,2.248079877109999958e-01,2.224270353299999947e-01,2.773425499230000035e-01,2.729646697390000210e-01,2.530721966200000228e-01,2.257296466969999915e-01,2.004608294930000090e-01,2.308755760370000132e-01,2.446236559140000100e-01
1.174731182799999968e-01,2.158602150539999931e-01,3.498207885299999820e-01,6.286738351259999469e-01,8.865591397850000055e-01,9.144265232980000047e-01,8.473118279569999967e-01,7.509856630829999657e-01,7.229390680999999708e-01,8.260752688169999969e-01,9.738351254479999941e-01,1.068727598569999993e+00
9.774193548390000541e-02,1.372043010750000069e-01,1.535483870969999998e-01,4.833333333329999926e-01,7.335483870969999876e-01,7.688172043009999790e-01,7.415053763440000445e-01,6.443010752690000453e-01,5.576344086019999757e-01,7.401075268819999886e-01,1.191935483870000034e+00,1.231505376339999902e+00
2.473118279569999980e-02,1.349462365590000101e-01,2.778225806449999835e-01,3.950268817200000004e-01,4.193548387100000108e-01,4.591397849459999958e-01,3.653225806450000057e-01,2.459677419359999895e-01,2.057795698919999972e-01,1.245967741940000040e-01,1.396505376340000104e-01,1.555107526879999924e-01
8.363575268820000463e-02,2.635080645160000068e-01,5.948588709680000530e-01,8.929099462359999517e-01,1.001713709679999953e+00,9.943548387089999885e-01,8.871303763440000489e-01,8.376680107530000141e-01,8.378024193549999943e-01,9.327956989250000275e-01,9.945564516129999921e-01,1.027788978490000060e+00
7.056451612899999892e-02,9.784946236560000676e-02,2.176075268819999964e-01,5.720430107530000141e-01,8.919354838709999678e-01,8.619623655910000348e-01,7.173387096769999749e-01,1.344086021509999923e-03,0.000000000000000000e+00,0.000000000000000000e+00,5.090053763440000045e-01,8.118279569890000102e-01
2.593413978490000105e-01,4.465725806449999946e-01,4.918682795700000110e-01,5.713037634409999788e-01,6.231854838710000344e-01,5.690188172040000492e-01,4.770161290320000247e-01,4.107526881720000023e-01,4.295698924729999812e-01,5.140456989249999609e-01,7.747311827959999508e-01,7.776209677419999577e-01
4.279569892469999859e-01,6.571684587810000533e-01,6.953405017920000208e-01,6.924731182790000439e-01,7.304659498209999935e-01,6.707885304659999548e-01,5.736559139779999761e-01,5.962365591389999775e-01,5.964157706089999733e-01,5.924731182789999551e-01,8.259856630820000545e-01,9.444444444439999975e-01
4.174731182799999996e-01,7.958333333329999926e-01,9.572580645160000401e-01,1.095833333330000103e+00,1.099596774189999904e+00,9.987903225809999785e-01,1.001344086020000024e+00,9.840053763439999823e-01,8.302419354840000487e-01,8.086021505379999974e-01,9.430107526880000535e-01,1.007795698920000094e+00
3.120071684590000061e-01,5.305256869769999772e-01,6.258064516129999699e-01,6.724014336920000057e-01,6.661887694139999594e-01,6.875149342890000126e-01,7.066308243729999550e-01,7.311230585429999707e-01,6.167861409799999528e-01,4.368578255669999799e-01,5.775985663079999943e-01,6.827359617679999992e-01
2.661887694139999927e-01,3.706690561529999983e-01,4.632019115889999816e-01,5.262843488649999735e-01,5.879330943849999658e-01,5.624850657109999874e-01,5.637395459980000245e-01,4.905017921150000015e-01,3.875746714450000185e-01,5.542413381120000482e-01,7.538829151739999679e-01,8.044205495820000440e-01
3.079569892469999903e-01,4.097849462370000140e-01,4.472043010749999770e-01,4.770967741930000061e-01,5.144086021510000384e-01,5.469892473120000487e-01,4.575268817200000004e-01,3.743010752690000276e-01,3.165591397849999988e-01,5.659139784950000251e-01,7.173118279569999922e-01,7.807526881720000533e-01
2.666666666670000074e-01,4.922939068100000148e-01,5.941756272399999483e-01,6.098566308239999900e-01,7.041218637989999918e-01,6.896057347670000448e-01,6.127240143369999670e-01,5.563620071689999724e-01,5.646057347670000448e-01,5.478494623659999618e-01,6.195340501789999843e-01,5.853046594980000350e-01
2.830851943750000155e-01,5.058726220020000053e-01,6.444995864350000492e-01,7.254755996689999931e-01,6.932175351529999974e-01,6.346567411079999665e-01,5.943755169559999940e-01,5.703887510339999967e-01,5.331679073609999486e-01,4.908188585609999932e-01,5.483043837879999494e-01,5.877584780810000131e-01
5.811059907840000482e-01,5.334101382489999654e-01,6.341781874040000044e-01,6.622887864819999582e-01,8.651305683569999738e-01,8.362519201229999810e-01,6.941628264210000232e-01,5.430107526880000313e-01,3.443164362519999799e-01,3.304915514589999992e-01,3.692780337939999824e-01,4.498463901690000211e-01
5.107526881720000356e-01,6.076612903229999807e-01,7.395161290320000358e-01,8.059811827959999508e-01,8.699596774190000437e-01,9.842069892479999860e-01,9.887096774189999548e-01,8.732526881719999690e-01,6.403225806450000279e-01,6.170026881719999912e-01,7.107526881719999912e-01,7.559139784939999940e-01
5.529032258060000427e-01,7.909677419349999683e-01,9.879569892470000392e-01,9.510752688169999969e-01,1.043655913979999905e+00,1.098924731179999892e+00,1.083118279570000064e+00,9.613978494620000204e-01,7.133333333329999748e-01,6.324731182799999685e-01,6.649462365589999813e-01,7.184946236560000310e-01
3.953917050690000101e-01,6.482334869429999813e-01,8.692780337940000379e-01,9.515360983099999670e-01,9.984639016899999886e-01,9.397849462370000406e-01,8.599078341020000016e-01,8.027649769589999540e-01,5.995391705070000077e-01,6.096006144400000215e-01,7.081413210450000495e-01,7.112135176649999613e-01
3.384408602149999723e-01,4.866935483870000190e-01,5.291666666669999630e-01,5.268817204300000334e-01,5.560483870969999964e-01,5.365591397850000277e-01,4.856182795699999777e-01,4.404569892469999970e-01,3.576612903229999807e-01,3.276881720429999922e-01,4.516129032260000065e-01,5.062499999999999778e-01
3.176651305679999981e-01,5.593701996929999476e-01,8.162058371739999707e-01,8.582181259600000223e-01,7.900921658989999985e-01,9.077572964679999634e-01,8.742703533029999585e-01,7.384024577569999748e-01,8.158218125959999512e-01,9.022273425500000332e-01,1.083717357909999901e+00,1.044162826420000023e+00
2.284050179209999865e-01,3.079749103939999899e-01,5.264336917559999662e-01,6.481182795700000110e-01,6.786738351250000134e-01,7.201612903230000251e-01,7.564516129030000036e-01,6.897849462359999517e-01,7.465949820789999913e-01,8.191756272400000372e-01,1.004659498209999891e+00,1.097491039429999926e+00
3.610887096770000193e-01,4.942876344089999763e-01,6.075268817210000005e-01,6.669354838709999900e-01,7.918682795700000554e-01,8.200268817200000449e-01,8.157258064519999907e-01,8.570564516130000365e-01,8.660618279570000411e-01,1.070564516129999921e+00,1.220900537629999949e+00,1.267002688170000058e+00
2.599647266310000093e-01,4.063492063490000139e-01,4.787477954139999770e-01,4.977954144619999854e-01,5.592592592599999746e-01,5.570546737220000155e-01,4.979717813050000275e-01,4.477072310399999866e-01,3.754850088180000101e-01,3.987654320990000056e-01,4.746031746029999998e-01,5.475308641980000113e-01
8.620689655170000673e-03,2.456896551719999974e-02,1.114942528739999994e-01,2.050287356319999976e-01,2.241379310340000097e-01,2.041666666670000074e-01,1.696839080460000038e-01,1.231321839080000008e-01,8.606321839080000036e-02,1.089080459770000037e-01,1.741379310339999931e-01,2.199712643679999913e-01
1.163978494620000054e-01,2.327060931899999907e-01,3.486559139779999983e-01,4.240143369170000232e-01,5.548387096769999971e-01,5.631720430109999898e-01,4.671146953409999747e-01,4.332437275989999836e-01,3.397849462370000073e-01,3.141577060929999776e-01,3.998207885300000264e-01,4.206989247310000124e-01
7.694444444449999310e-02,1.302777777780000090e-01,1.413888888890000028e-01,1.961111111109999916e-01,1.980555555559999903e-01,2.066666666670000096e-01,1.897222222219999976e-01,2.830555555559999825e-01,2.163888888889999862e-01,1.449999999999999900e-01,1.969444444439999997e-01,2.336111111109999972e-01
3.742703533030000140e-01,5.525345622120000355e-01,7.334101382490000320e-01,8.543010752690000098e-01,8.929339477729999475e-01,8.986943164370000403e-01,8.949308755760000400e-01,9.934715821809999570e-01,1.013440860220000017e+00,1.065514592930000060e+00,1.059139784949999941e+00,1.095238095240000042e+00
3.436155913980000198e-01,4.631048387100000219e-01,5.828629032259999843e-01,6.946908602150000389e-01,7.331989247310000124e-01,7.343413978489999883e-01,7.545026881719999468e-01,7.087365591399999998e-01,7.769489247309999680e-01,9.020833333329999482e-01,1.005645161289999923e+00,1.030376344090000007e+00
0.000000000000000000e+00,1.299283154120000061e-01,5.439068100349999657e-01,6.797491039420000547e-01,7.179211469530000223e-01,6.166666666660000073e-01,4.331541218639999857e-01,2.019713261649999925e-01,5.376344086020000499e-04,0.000000000000000000e+00,0.000000000000000000e+00,0.000000000000000000e+00
2.116161616159999981e-01,2.170875420870000128e-01,2.342592592590000133e-01,3.029461279460000100e-01,2.961279461279999747e-01,3.329124579120000260e-01,2.381313131309999997e-01,2.310606060610000123e-01,2.223063973059999920e-01,2.430976430979999992e-01,3.138888888890000173e-01,3.744107744110000136e-01
3.611708482670000220e-01,6.799283154120000505e-01,9.082437275989999614e-01,1.010215053760000092e+00,9.851254480290000393e-01,1.052986857829999900e+00,1.025627240139999952e+00,1.026284348859999973e+00,1.001314217440000043e+00,1.172281959380000016e+00,1.273894862599999955e+00,1.243488649939999968e+00
3.168682795700000221e-01,5.248655913980000420e-01,6.938172043010000234e-01,7.556451612900000336e-01,8.844086021499999450e-01,9.151881720429999589e-01,9.092741935489999650e-01,8.958333333339999482e-01,9.290322580650000051e-01,1.070026881720000045e+00,1.090658602149999989e+00,1.067338709679999997e+00
0.000000000000000000e+00,2.105734767019999953e-01,7.145161290320000136e-01,9.912783751489999684e-01,1.052210274789999955e+00,9.666069295100000458e-01,7.065710872160000378e-01,1.971326164869999838e-03,0.000000000000000000e+00,0.000000000000000000e+00,0.000000000000000000e+00,4.390681003579999797e-01
4.214876033059999916e-02,1.606060606059999951e-01,4.772727272730000192e-01,7.320936639120000367e-01,7.637741046829999991e-01,8.358126721759999711e-01,8.223140495870000510e-01,7.187327823689999562e-01,5.888429752070000189e-01,5.648760330580000488e-01,6.415977961430000542e-01,6.374655647379999790e-01
5.046296296299999928e-02,1.651851851849999997e-01,3.829938271610000000e-01,4.685185185190000046e-01,4.737037037040000009e-01,5.020679012350000026e-01,4.889197530859999974e-01,4.429012345680000129e-01,4.007098765429999987e-01,3.564814814819999844e-01,3.593518518520000260e-01,4.189197530859999907e-01
9.133064516130000310e-02,2.638440860210000127e-01,4.805107526879999758e-01,6.471774193549999499e-01,7.635080645159999513e-01,7.122311827959999508e-01,7.043682795700000332e-01,6.347446236560000399e-01,5.665322580649999606e-01,6.293682795699999666e-01,6.459005376340000160e-01,6.345430107530000141e-01
2.762096774189999882e-01,6.889784946239999597e-01,1.087768817199999960e+00,1.224462365589999990e+00,1.303091397850000055e+00,1.265860215050000015e+00,1.007795698920000094e+00,2.553763440860000108e-03,0.000000000000000000e+00,0.000000000000000000e+00,1.418010752689999876e-01,2.790322580649999828e-01
1.065343258889999978e-01,2.377998345740000019e-01,3.433002481390000082e-01,4.412737799829999918e-01,5.437138130690000182e-01,6.036393713809999895e-01,5.925971877579999658e-01,5.359801488830000515e-01,5.601736972699999928e-01,6.694375516960000549e-01,7.100909842849999487e-01,7.516542597190000174e-01
9.706368899910000625e-02,1.512406947890000131e-01,2.903225806449999946e-01,4.902812241519999836e-01,6.862696443339999508e-01,7.028122415219999475e-01,6.545078577339999981e-01,5.861042183619999957e-01,5.201819685690000084e-01,6.304383788249999787e-01,7.842018196860000012e-01,8.533912324239999458e-01
2.853046594979999906e-01,5.671594982080000458e-01,8.216845878140000003e-01,1.014023297490000086e+00,1.204390681000000018e+00,1.244534050179999962e+00,1.325492831540000083e+00,1.372087813620000096e+00,1.432034050179999962e+00,1.604838709680000086e+00,1.750224014340000078e+00,1.709184587810000044e+00
2.114247311830000087e-01,3.834677419359999728e-01,5.714157706089999511e-01,7.163978494620000248e-01,8.234767025089999581e-01,8.685931899640000342e-01,8.402329749100000411e-01,8.047043010750000169e-01,8.424283154120000283e-01,9.168010752690000098e-01,9.163978494619999804e-01,9.058691756269999784e-01
1.328888888889999953e-01,2.127777777779999990e-01,2.879999999999999782e-01,4.171111111110000214e-01,5.377777777779999546e-01,5.849999999999999645e-01,5.463333333330000485e-01,5.450000000000000400e-01,5.758888888890000279e-01,6.506666666670000154e-01,7.634444444439999478e-01,7.815555555559999812e-01
1.920250896060000101e-01,5.372759856630000552e-01,5.435483870970000408e-01,8.070788530470000000e-01,8.879928315409999495e-01,9.340501792119999536e-01,8.585125448029999884e-01,9.460573476700000484e-01,1.056720430109999942e+00,1.206989247309999902e+00,1.243996415770000086e+00,1.087096774189999948e+00
0.000000000000000000e+00,7.795698924730000423e-02,2.200268817200000115e-01,3.287634408599999780e-01,5.790994623659999618e-01,3.153225806450000168e-01,2.604838709680000197e-01,2.610215053759999959e-01,2.285618279570000022e-01,2.676075268820000130e-01,3.676075268819999908e-01,4.397849462369999851e-01
0.000000000000000000e+00,9.280303030300000519e-03,4.526515151519999725e-02,7.339015151510000501e-02,1.307765151520000058e-01,6.799242424239999860e-02,4.867424242420000102e-02,9.469696969689999624e-05,0.000000000000000000e+00,0.000000000000000000e+00,0.000000000000000000e+00,8.901515151509999460e-03
0.000000000000000000e+00,3.555299539169999856e-01,8.768049155149999496e-01,1.012288786480000091e+00,1.033179723499999980e+00,9.516129032260000065e-01,8.523809523809999789e-01,2.304147465439999789e-03,0.000000000000000000e+00,0.000000000000000000e+00,0.000000000000000000e+00,5.149001536099999665e-01
2.393450635380000024e-01,3.173509286410000074e-01,4.436461388069999900e-01,5.387585532749999961e-01,5.696480938419999918e-01,6.083577712609999910e-01,6.193548387099999664e-01,6.001466275660000127e-01,5.227272727270000363e-01,5.442326490709999964e-01,6.576246334309999719e-01,7.171554252199999757e-01
1.689964157709999970e-01,2.863799283149999764e-01,4.623655913979999865e-01,6.222222222219999654e-01,9.403225806449999613e-01,1.046057347669999915e+00,9.327956989240000496e-01,7.480286738350000464e-01,8.182795698920000138e-01,1.064157706090000044e+00,1.085663082439999982e+00,1.136917562720000108e+00
2.626642771800000165e-01,4.180406212660000009e-01,4.976702508959999771e-01,6.863201911590000037e-01,8.843488649940000057e-01,8.732377538829999564e-01,9.543010752689999876e-01,8.698327359619999477e-01,8.403225806449999835e-01,1.064396654719999891e+00,1.193189964159999894e+00,1.252568697729999903e+00
2.527329749100000189e-01,4.417114695339999786e-01,7.673835125450000350e-01,9.847222222220000099e-01,1.107885304659999903e+00,1.132526881720000045e+00,1.073969534049999952e+00,9.952956989240000496e-01,1.059811827959999952e+00,1.118817204299999979e+00,1.206854838709999989e+00,1.236245519709999963e+00
3.224828934510000078e-01,5.781524926690000399e-01,8.695014662760000013e-01,1.065298142719999896e+00,1.194868035190000066e+00,1.208944281529999998e+00,1.155229716520000061e+00,1.096383186710000013e+00,1.147702834800000016e+00,1.310997067449999998e+00,1.368279569890000102e+00,1.350537634409999965e+00
6.469534050170000494e-01,9.232974910390000511e-01,1.008064516129999921e+00,1.011469534049999952e+00,1.005376344090000096e+00,9.362007168449999472e-01,8.921146953399999857e-01,7.724014336919999835e-01,6.148745519710000496e-01,6.949820788530000071e-01,1.023835125449999994e+00,1.184587813620000096e+00
2.423963133639999989e-01,3.949308755759999845e-01,5.604454685099999889e-01,6.006144393240000490e-01,5.986943164360000180e-01,5.619815668209999782e-01,5.001536098309999900e-01,5.076036866359999733e-01,4.274193548390000097e-01,5.728110599079999643e-01,8.028417818740000156e-01,8.930107526889999869e-01
4.112305854239999836e-01,4.674432497009999854e-01,4.985663082440000005e-01,4.942054958179999957e-01,4.890083632019999738e-01,6.031063321380000231e-01,5.919354838710000344e-01,6.596176821979999882e-01,8.597371565120000003e-01,9.577658303470000245e-01,1.093787335720000087e+00,1.053405017920000075e+00
4.892473118280000338e-02,1.301075268820000019e-01,2.983870967739999935e-01,3.817204301079999973e-01,5.225806451610000014e-01,7.537634408600000224e-01,6.489247311829999809e-01,4.967741935480000093e-01,2.736559139779999872e-01,2.392473118279999922e-01,3.639784946240000041e-01,5.602150537629999594e-01
5.070967741930000328e-01,9.035483870970000275e-01,1.069892473119999909e+00,1.084301075269999970e+00,1.062043010750000072e+00,9.955913978489999705e-01,9.712903225810000096e-01,9.752688172040000492e-01,1.098709677420000030e+00,1.105161290320000100e+00,1.188924731179999972e+00,1.184086021509999975e+00
4.123655913979999976e-01,7.567876344089999874e-01,8.922715053759999737e-01,1.008803763440000001e+00,1.027217741939999929e+00,1.022916666670000030e+00,9.903897849460000513e-01,9.481854838709999900e-01,8.942876344090000540e-01,8.676747311829999809e-01,9.788306451610000458e-01,1.072446236560000044e+00
2.173579109060000125e-01,4.665130568359999730e-01,7.131336405529999922e-01,8.619815668200000447e-01,9.582949308760000395e-01,8.572196620590000204e-01,7.412442396309999459e-01,7.246543778799999780e-01,6.961597542249999826e-01,6.662826420890000101e-01,7.281874039939999488e-01,6.980030721969999741e-01
2.669653524489999930e-01,5.508363201910000395e-01,7.167861409800000416e-01,7.958183990439999800e-01,9.027479092000000316e-01,8.735961768219999701e-01,8.360215053770000404e-01,7.925328554360000499e-01,7.102747909200000098e-01,6.596774193550000165e-01,6.636798088409999741e-01,7.014934289130000389e-01
3.520609318999999848e-01,5.967741935479999871e-01,7.074372759860000359e-01,8.708781362009999638e-01,9.120071684589999839e-01,9.600358422939999636e-01,8.562724014339999634e-01,7.216845878140000226e-01,6.585125448030000328e-01,7.466845878140000448e-01,9.010752688169999525e-01,9.082437275989999614e-01
3.232974910390000178e-01,5.894265232969999602e-01,7.784946236559999733e-01,9.035842293900000488e-01,9.632616487449999765e-01,9.268817204299999446e-01,8.860215053759999959e-01,7.998207885300000486e-01,9.136200716839999458e-01,9.080645161279999877e-01,1.031899641579999916e+00,9.367383512539999568e-01
2.719758064519999796e-01,6.690188172040000270e-01,8.219758064519999685e-01,8.926747311830000031e-01,1.044690860210000016e+00,9.987231182800000440e-01,9.868279569890000547e-01,9.207661290319999470e-01,8.498655913979999976e-01,6.854166666669999630e-01,6.558467741939999485e-01,6.384408602150000167e-01
5.051612903229999452e-01,7.676881720429999945e-01,6.765591397850000410e-01,7.243548387099999486e-01,9.081182795700000199e-01,9.144086021509999496e-01,8.768817204300000112e-01,7.474731182799999596e-01,5.271505376339999938e-01,4.467204301070000216e-01,5.429569892469999770e-01,5.208602150540000419e-01
1.339198435969999983e-02,1.344086021509999923e-02,4.374389051810000095e-02,8.035190615829999883e-02,1.054740957969999976e-01,1.270772238510000096e-01,1.301564027369999932e-01,1.961388074290000005e-01,3.085043988269999815e-01,3.214076246329999886e-01,4.496089931580000143e-01,5.934506353859999583e-01
2.311827956989999933e-01,2.624372759859999737e-01,3.561290322580000223e-01,5.490322580650000006e-01,8.165591397850000543e-01,8.378494623659999974e-01,7.744444444450000464e-01,6.945519713259999950e-01,7.264516129029999769e-01,8.178136200719999804e-01,9.340501792119999536e-01,9.768817204299999890e-01
3.336917562719999841e-01,4.776583034649999893e-01,5.309438470730000192e-01,6.517323775390000407e-01,8.244324970130000318e-01,9.342293906809999715e-01,7.956989247310000124e-01,6.465949820790000135e-01,6.452210274790000089e-01,7.948028673839999669e-01,9.691756272399999483e-01,1.020310633210000040e+00
5.293906810030000187e-01,6.227598566309999750e-01,7.277777777770000345e-01,6.949820788530000071e-01,8.483870967740000379e-01,8.637992831540000083e-01,6.437275985660000366e-01,6.005376344089999874e-01,5.783154121860000219e-01,6.594982078850000207e-01,7.727598566309999972e-01,9.008960573480000456e-01
7.922201138529999520e-02,1.180898165720000031e-01,3.111321948129999737e-01,6.886780518659999517e-01,8.896900695760000533e-01,9.814990512329999639e-01,9.242567994939999698e-01,8.838077166350000180e-01,9.635041113219999787e-01,1.001233396579999990e+00,1.003415559770000076e+00,8.669196710940000328e-01
1.826612903229999918e-01,3.639112903230000140e-01,7.270833333330000148e-01,1.179099462369999962e+00,1.420430107530000097e+00,1.451411290320000047e+00,1.354637096770000104e+00,1.207661290319999914e+00,1.253293010749999992e+00,1.371169354839999910e+00,1.469892473120000043e+00,1.502486559140000066e+00
1.766666666670000108e-01,4.379569892469999948e-01,6.617204301069999905e-01,7.075268817200000004e-01,7.527956989249999786e-01,5.435483870970000408e-01,2.127956989249999986e-01,1.487096774190000137e-01,6.655913978489999550e-02,4.064516129029999841e-02,6.311827956990000155e-02,5.013978494619999449e-01
3.310035842290000030e-01,5.170250896050000433e-01,6.632616487450000431e-01,8.283154121860000219e-01,9.220430107520000140e-01,9.069892473120000354e-01,8.284946236550000398e-01,7.854838709679999864e-01,5.958781361999999637e-01,4.182795698919999916e-01,5.946236559140000155e-01,8.541218637990000140e-01
1.710573476699999984e-01,2.638888888889999729e-01,3.836917562719999730e-01,4.898745519709999940e-01,5.928315412189999467e-01,5.641577060929999776e-01,4.432795698920000138e-01,4.159498207880000242e-01,4.167562724009999942e-01,4.609318996419999870e-01,5.780465949819999505e-01,7.218637992830000405e-01
2.426523297490000008e-01,3.983870967740000268e-01,5.156810035840000417e-01,6.271505376339999716e-01,7.652329749099999745e-01,7.651433691760000100e-01,5.329749103940000232e-01,4.907706093190000174e-01,3.951612903230000140e-01,4.135304659499999813e-01,6.172043010750000169e-01,7.137992831539999861e-01
4.013888888889999979e-02,9.111111111109999883e-02,2.476388888889999862e-01,3.380555555559999759e-01,5.630555555559999537e-01,5.931944444450000242e-01,4.734722222220000276e-01,4.963888888890000128e-01,5.713888888889999684e-01,6.768055555549999935e-01,7.073611111109999738e-01,7.213888888889999906e-01
2.411111111110000038e-01,2.608333333330000170e-01,4.916666666669999852e-01,5.274999999999999689e-01,7.608333333329999615e-01,8.791666666670000518e-01,6.363888888890000262e-01,4.977777777779999746e-01,5.755555555560000203e-01,9.069444444449999976e-01,1.089444444439999993e+00,1.184166666669999923e+00
7.440860215050000559e-02,1.669892473119999887e-01,4.212903225810000207e-01,5.022580645159999690e-01,5.294623655910000171e-01,5.083870967739999580e-01,5.105376344090000185e-01,4.444086021509999762e-01,4.303225806450000079e-01,5.452688172040000003e-01,7.637634408600000313e-01,8.367741935479999782e-01
2.005376344089999929e-01,3.336559139779999850e-01,4.261827956990000277e-01,5.161290322579999978e-01,5.780107526879999513e-01,5.465053763439999823e-01,4.916666666669999852e-01,4.965053763439999934e-01,5.306451612899999448e-01,5.708602150539999753e-01,6.425806451609999970e-01,6.839784946239999552e-01
2.356630824369999877e-01,3.553763440859999956e-01,4.922043010750000169e-01,5.603046594980000128e-01,7.166666666669999630e-01,7.035842293909999601e-01,6.815412186379999904e-01,7.115591397849999611e-01,7.075268817200000004e-01,7.895161290319999692e-01,8.599462365590000434e-01,9.493727598569999815e-01
4.002304147469999962e-01,4.307219662060000065e-01,5.298771121349999946e-01,5.830261136709999903e-01,6.130568356379999528e-01,6.394777265750000161e-01,6.586789554530000368e-01,5.735791090630000255e-01,5.323348694320000352e-01,5.932411674349999942e-01,7.521505376349999494e-01,7.554531490020000017e-01
6.244623655909999904e-01,7.608870967740000157e-01,9.283602150540000153e-01,9.635080645160000179e-01,1.035685483870000034e+00,1.092540322579999890e+00,1.021370967740000024e+00,8.568548387100000108e-01,8.733198924730000146e-01,8.569892473119999909e-01,9.087365591399999554e-01,9.182123655909999460e-01
2.924731182799999996e-01,5.151612903229999540e-01,6.858064516130000232e-01,8.543010752690000098e-01,9.561290322579999446e-01,9.609677419359999861e-01,9.933333333330000015e-01,8.906451612900000425e-01,8.209677419359999728e-01,8.315053763440000134e-01,8.806451612900000336e-01,8.382795698920000316e-01
5.411290322580000201e-01,6.938172043010000234e-01,7.981182795700000332e-01,9.212365591400000220e-01,1.160215053760000004e+00,1.036021505379999930e+00,1.065053763439999912e+00,1.087634408600000047e+00,1.004838709679999997e+00,1.134677419349999994e+00,9.561827956989999988e-01,8.750000000000000000e-01
1.821044546850000001e-01,2.687019969280000087e-01,3.542626728109999901e-01,4.302227342550000166e-01,5.139400921660000066e-01,4.534946236560000177e-01,3.778417818740000267e-01,2.993855606759999732e-01,1.596390168969999968e-01,1.520737327189999877e-01,1.851766513060000008e-01,2.802227342549999944e-01
1.755077658299999954e-01,2.879330943849999769e-01,3.924731182789999995e-01,4.146953405009999871e-01,4.692353643969999766e-01,4.295698924729999812e-01,4.019115890080000031e-01,3.391875746710000250e-01,2.142174432500000003e-01,1.101553166069999951e-01,1.525089605730000075e-01,2.577658303459999800e-01
3.599462365589999879e-01,5.657258064519999907e-01,7.590053763440000045e-01,9.141129032260000287e-01,9.865591397849999833e-01,7.946236559139999711e-01,5.256720430110000120e-01,1.881720430110000054e-03,0.000000000000000000e+00,0.000000000000000000e+00,7.150537634410000232e-01,1.057526881720000089e+00
2.310931899639999954e-01,4.501792114700000069e-01,5.438172043010000012e-01,6.068996415770000485e-01,6.929211469530000000e-01,6.687275985659999478e-01,6.956989247310000346e-01,6.238351254480000163e-01,5.671146953400000301e-01,6.220430107519999696e-01,8.204301075269999632e-01,9.301075268820000463e-01
5.704761904759999558e-01,7.025000000000000133e-01,6.420238095239999554e-01,5.516666666670000385e-01,6.158333333330000547e-01,6.491666666669999586e-01,5.235714285710000304e-01,3.732142857140000047e-01,0.000000000000000000e+00,0.000000000000000000e+00,8.178571428570000079e-02,2.527380952380000045e-01
4.031182795700000154e-01,5.101075268820000064e-01,5.394623655910000259e-01,5.367741935480000448e-01,6.879569892469999948e-01,7.591397849459999847e-01,6.720430107529999919e-01,6.221505376339999671e-01,5.822580645160000401e-01,6.349462365589999546e-01,7.645161290319999470e-01,8.020430107529999963e-01
2.803763440859999845e-01,6.564516129030000258e-01,8.523297491039999452e-01,8.559139784949999497e-01,9.441756272400000372e-01,9.503584229389999694e-01,9.188172043010000012e-01,8.644265232969999824e-01,7.832437275989999614e-01,7.306451612900000114e-01,8.158602150539999709e-01,7.842293906809999493e-01
3.381048387100000219e-01,8.665994623660000507e-01,1.090860215049999971e+00,1.158938172040000048e+00,1.172849462370000095e+00,1.079771505380000107e+00,9.906586021500000117e-01,1.001814516130000055e+00,8.559811827959999952e-01,6.815188172039999825e-01,7.297043010749999503e-01,8.012768817200000004e-01
2.681182795700000066e-01,4.402688172040000181e-01,5.973118279569999967e-01,6.709677419359999506e-01,8.299462365590000168e-01,8.706451612900000248e-01,8.238709677419999711e-01,7.400537634410000454e-01,6.199462365590000523e-01,6.561827956989999544e-01,8.110215053760000403e-01,8.613440860219999662e-01
2.184811827960000119e-01,3.718413978499999772e-01,5.788306451610000236e-01,6.844086021509999673e-01,7.173387096769999749e-01,7.971102150540000375e-01,7.714381720430000255e-01,6.894489247309999458e-01,6.242607526879999646e-01,7.279569892470000303e-01,8.676747311829999809e-01,8.675403225810000007e-01
2.049581839899999869e-01,2.813620071679999723e-01,3.657108721619999891e-01,4.636798088410000185e-01,5.171445639189999888e-01,5.456391875749999620e-01,5.015531660690000226e-01,4.915173237750000146e-01,4.686977299880000225e-01,5.173237753880000067e-01,6.230585424129999605e-01,6.884707287929999753e-01
2.204973118280000033e-01,4.401881720429999811e-01,5.985215053760000181e-01,6.814516129030000480e-01,8.521505376350000383e-01,8.252016129029999814e-01,7.700940860210000460e-01,7.935483870970000408e-01,8.020161290320000358e-01,8.559811827959999952e-01,9.987903225809999785e-01,9.439516129030000036e-01
3.272043010749999814e-01,5.563978494619999937e-01,6.794086021509999629e-01,7.108602150539999887e-01,8.413978494620000248e-01,8.134408602149999501e-01,8.016129032259999843e-01,7.301612903230000340e-01,6.959139784950000296e-01,7.432258064519999818e-01,8.740860215050000326e-01,8.910215053760000004e-01
1.380184331800000108e-01,2.721966205840000153e-01,3.543010752690000098e-01,4.513056835640000264e-01,5.990783410140000376e-01,6.074500768049999611e-01,4.537634408599999780e-01,1.382488479260000035e-03,0.000000000000000000e+00,0.000000000000000000e+00,2.609062980030000256e-01,7.089093701999999997e-01
3.295698924730000035e-01,4.159498207890000021e-01,6.442652329750000462e-01,7.470430107529999475e-01,9.354838709680000086e-01,9.098566308240000344e-01,8.683691756270000006e-01,8.691756272409999484e-01,8.226702508959999882e-01,8.480286738350000242e-01,1.040591397850000099e+00,1.067921146950000066e+00
6.033452807640000276e-02,1.041816009560000006e-01,1.670250896059999879e-01,2.837514934290000235e-01,3.789725209079999879e-01,2.908004778969999760e-01,1.707885304660000103e-01,2.389486260449999965e-04,0.000000000000000000e+00,0.000000000000000000e+00,1.508363201909999896e-01,3.516726403820000235e-01
3.572916666670000185e-01,5.816868279569999967e-01,7.642809139789999984e-01,8.003024193550000165e-01,8.606518817210000449e-01,8.327620967740000379e-01,7.904233870969999964e-01,7.677419354840000487e-01,6.363239247309999680e-01,5.808467741939999929e-01,6.274529569890000547e-01,5.839045698920000138e-01
1.912634408599999947e-01,3.834677419349999949e-01,5.700268817200000449e-01,7.075940860220000239e-01,7.409274193549999499e-01,6.878360215050000059e-01,5.053763440859999623e-01,1.008064516129999989e-03,0.000000000000000000e+00,0.000000000000000000e+00,1.668010752690000098e-01,3.610215053759999737e-01
0.000000000000000000e+00,1.442652329749999907e-01,5.347670250889999810e-01,6.818996415770000041e-01,6.872759856629999664e-01,6.482078853049999534e-01,4.560931899640000009e-01,7.168458781349999623e-04,0.000000000000000000e+00,0.000000000000000000e+00,2.107526881719999912e-01,5.930107526879999646e-01
4.715053763440000267e-01,7.302688172040000536e-01,8.595698924729999746e-01,9.736559139779999983e-01,1.000860215049999891e+00,1.055752688169999898e+00,1.075107526880000108e+00,1.081881720429999971e+00,1.051612903229999896e+00,1.120698924730000101e+00,1.158655913979999896e+00,1.214569892469999912e+00
1.257575757580000064e-01,2.148093841640000001e-01,2.875366568909999976e-01,3.963343108499999823e-01,4.370478983380000071e-01,4.350439882700000149e-01,3.752199413489999968e-01,3.253176930600000238e-01,2.954056695989999981e-01,3.088465298140000148e-01,5.303030303029999670e-01,6.018084066469999716e-01
4.168458781359999921e-01,6.660394265229999666e-01,7.463261648750000310e-01,8.431003584230000181e-01,8.910394265230000554e-01,8.037634408599999558e-01,8.355734767029999732e-01,8.789426523300000182e-01,7.014336917560000106e-01,6.592293906809999493e-01,8.444444444440000197e-01,9.067204301079999640e-01
1.254838709680000108e-01,2.645161290320000025e-01,4.191397849460000158e-01,4.954838709680000064e-01,5.736559139789999540e-01,6.259139784949999674e-01,5.241935483870000523e-01,3.855913978489999838e-01,3.479569892470000259e-01,4.902150537630000082e-01,7.586021505379999530e-01,7.993548387100000152e-01
2.743176178660000075e-01,4.999586435069999779e-01,6.294458229939999816e-01,7.346567411080000554e-01,8.340363937139999573e-01,7.561621174529999934e-01,6.272952853600000100e-01,5.357320099250000300e-01,4.572373862690000124e-01,6.508271298600000199e-01,9.725392886679999904e-01,9.946650124070000043e-01
2.106630824369999933e-01,3.651433691759999878e-01,5.142473118279999866e-01,5.891577060929999998e-01,6.602150537630000482e-01,7.033154121869999997e-01,6.641577060929999554e-01,6.042114695339999564e-01,6.052867383509999977e-01,6.670250896060000434e-01,8.745519713260000438e-01,9.420250896059999546e-01
9.131578947370000421e-02,2.772807017539999919e-01,3.601754385959999860e-01,4.567543859650000093e-01,5.726315789479999863e-01,5.691228070179999987e-01,6.129824561400000205e-01,6.024561403510000357e-01,5.004385964909999762e-01,5.875438596490000220e-01,8.578070175440000167e-01,9.671052631580000503e-01
3.495818399039999913e-01,4.498805256869999880e-01,6.114695340500000409e-01,7.136200716849999681e-01,7.333930704900000208e-01,7.964157706090000399e-01,7.895459976109999722e-01,8.034050179210000531e-01,8.144563918760000520e-01,9.799880525690000121e-01,1.137395459980000023e+00,1.215053763440000045e+00
1.569403714560000107e-01,4.677908113390000233e-01,6.991691104599999651e-01,6.881231671559999707e-01,7.245356793749999635e-01,7.107526881719999912e-01,6.627077223849999754e-01,5.879276637339999612e-01,5.824535679379999609e-01,6.700879765399999632e-01,8.861681329430000087e-01,1.006158357769999956e+00
1.117831541220000030e-01,2.345430107529999919e-01,4.695788530469999777e-01,6.101702508959999660e-01,7.283154121860000441e-01,6.702956989249999609e-01,5.390232974909999752e-01,4.437275985660000255e-01,4.316308243729999883e-01,5.208781362009999860e-01,8.447580645159999957e-01,9.727150537630000482e-01
3.283333333330000214e-01,4.138095238100000239e-01,5.271428571430000209e-01,6.512698412699999828e-01,6.868253968249999897e-01,6.319047619050000009e-01,6.157142857139999981e-01,6.769841269840000120e-01,6.471428571430000165e-01,7.029365079370000213e-01,8.138888888890000173e-01,9.352380952379999446e-01
2.357142857139999936e-01,3.092165898620000131e-01,3.138248847930000252e-01,3.724270353299999892e-01,4.414746543779999866e-01,4.626728110600000221e-01,4.705837173579999755e-01,4.506144393240000268e-01,4.029953917049999834e-01,3.895545314900000222e-01,4.924731182800000107e-01,5.516897081410000458e-01
5.112519201230000254e-01,8.286482334870000077e-01,1.007181259600000045e+00,1.026651305679999959e+00,1.124731182799999951e+00,1.124193548390000075e+00,1.038325652840000002e+00,9.997695852539999484e-01,9.930107526889999647e-01,9.495391705069999855e-01,9.652457757300000329e-01,9.481182795700000554e-01
1.467741935480000037e-01,3.418757467140000061e-01,7.560931899639999898e-01,9.471326164869999786e-01,1.074372759859999915e+00,1.044982078849999940e+00,8.700716845879999939e-01,7.731780167259999503e-01,6.995818399040000246e-01,7.026284348869999974e-01,7.455197132619999500e-01,7.548387096780000416e-01
1.238095238089999967e-01,3.016129032259999843e-01,5.668970814129999924e-01,6.708141321049999606e-01,7.499231950850000494e-01,7.848694316440000263e-01,7.668202764979999975e-01,6.657450076809999784e-01,5.498463901690000544e-01,5.750384024579999753e-01,6.010752688170000191e-01,5.334101382489999654e-01
9.702508960569999896e-02,1.278494623660000051e-01,2.108243727599999895e-01,2.825089605739999898e-01,3.640143369180000033e-01,4.161648745520000192e-01,4.392831541219999747e-01,4.174910394260000213e-01,4.868817204299999979e-01,5.793189964160000427e-01,7.621146953409999591e-01,8.177419354839999821e-01
1.140860215049999959e-01,1.753763440860000022e-01,2.644086021509999829e-01,4.556989247309999880e-01,6.406451612900000425e-01,7.008602150539999798e-01,6.715053763439999823e-01,6.629032258070000072e-01,8.472043010749999992e-01,1.192580645160000063e+00,1.477096774190000072e+00,1.492580645160000108e+00
9.173387096769999860e-02,2.750000000000000222e-01,4.409946236560000066e-01,5.149193548389999764e-01,5.805107526880000091e-01,5.858198924730000368e-01,5.613575268820000241e-01,5.043010752690000320e-01,5.375672043010000234e-01,5.991263440859999623e-01,7.087365591399999998e-01,7.914650537630000260e-01
1.483870967739999991e-01,2.647849462369999962e-01,5.294354838710000344e-01,7.401881720430000255e-01,8.699596774190000437e-01,8.994623655910000126e-01,7.694892473119999687e-01,7.319220430109999453e-01,6.701612903220000028e-01,7.140456989250000275e-01,9.571236559139999489e-01,1.001478494619999937e+00
7.247311827959999897e-02,1.208602150540000059e-01,2.234408602150000089e-01,3.416129032260000198e-01,4.208602150540000086e-01,4.593548387099999908e-01,4.445161290319999958e-01,3.955913978489999927e-01,3.460215053760000159e-01,3.726881720429999767e-01,4.759139784950000007e-01,4.583870967740000246e-01
0.000000000000000000e+00,0.000000000000000000e+00,0.000000000000000000e+00,0.000000000000000000e+00,0.000000000000000000e+00,0.000000000000000000e+00,0.000000000000000000e+00,0.000000000000000000e+00,0.000000000000000000e+00,0.000000000000000000e+00,0.000000000000000000e+00,0.000000000000000000e+00
4.539938556070000075e-01,6.091397849459999625e-01,6.526881720430000033e-01,7.491551459299999882e-01,8.445468509989999539e-01,8.552995391709999895e-01,7.857910906299999665e-01,7.387096774200000437e-01,6.635176651309999674e-01,6.989247311830000253e-01,9.708141321040000271e-01,9.473886328730000139e-01
4.097849462370000140e-01,6.816129032259999887e-01,7.907526881719999512e-01,7.533333333330000103e-01,6.878494623659999752e-01,8.150537634410000010e-01,8.818279569889999614e-01,8.258064516130000365e-01,7.636559139780000338e-01,7.817204301079999640e-01,1.032580645159999921e+00,1.186236559139999924e+00
3.583632019119999956e-01,5.060334528080000505e-01,6.358422939069999780e-01,6.649940262839999505e-01,7.988052568700000355e-01,8.593189964159999583e-01,8.432497013140000108e-01,7.897252090799999902e-01,6.213261648740000531e-01,5.325567502989999591e-01,6.109318996410000313e-01,6.977897252089999558e-01
3.696236559139999822e-01,5.422043010749999503e-01,6.198924731179999981e-01,6.458333333329999704e-01,7.831989247309999458e-01,8.382392473119999465e-01,8.259408602150000167e-01,7.432123655910000126e-01,4.948924731179999981e-01,4.243951612899999892e-01,5.674059139789999762e-01,5.880376344090000318e-01
4.913210445469999854e-01,6.119815668210000226e-01,6.718894009220000019e-01,6.513056835639999820e-01,6.834101382489999876e-01,6.570660522269999859e-01,7.102918586790000210e-01,6.700460829500000104e-01,5.803379416280000092e-01,5.652841781870000526e-01,7.431643625189999769e-01,7.431643625189999769e-01
5.720430107530000141e-01,7.237455197130000517e-01,8.463261648750000088e-01,8.880824372760000029e-01,8.473118279569999967e-01,8.506272401429999519e-01,8.472222222220000543e-01,8.178315412190000355e-01,6.800179211469999929e-01,6.038530465950000536e-01,8.614695340500000409e-01,9.385304659500000035e-01
8.709677419349999561e-02,2.664874551970000116e-01,5.796296296299999762e-01,7.860215053760000181e-01,9.516129032260000065e-01,9.290919952210000554e-01,8.414575866190000530e-01,7.116487455200000145e-01,5.172043010750000391e-01,5.817204301080000084e-01,6.818399044209999538e-01,7.462962962970000058e-01
1.034050179210000003e-01,1.748207885309999987e-01,3.427419354840000043e-01,5.012544802870000371e-01,6.707885304659999548e-01,6.806451612899999670e-01,7.101254480290000171e-01,5.841397849460000513e-01,4.107974910389999845e-01,3.024193548390000097e-01,3.129032258069999739e-01,3.405465949820000171e-01
3.034050179209999976e-01,5.523297491040000118e-01,8.596326164880000453e-01,9.894713261649999980e-01,1.015277777779999946e+00,9.807347670249999538e-01,9.481182795700000554e-01,9.155017921150000459e-01,8.975806451610000014e-01,8.830645161290000544e-01,9.173387096770000415e-01,9.745519713260000216e-01
2.546594982079999903e-01,5.664874551969999450e-01,7.741039426519999989e-01,8.549283154129999618e-01,8.385304659500000257e-01,8.049283154120000505e-01,7.999103942649999910e-01,5.112903225799999563e-01,4.763440860220000128e-01,4.698028673840000113e-01,5.806451612899999892e-01,9.101254480289999726e-01
3.497311827960000175e-01,4.556451612899999892e-01,7.411290322579999756e-01,8.391129032259999621e-01,7.330645161290000322e-01,7.467741935480000093e-01,7.131720430110000120e-01,7.655913978489999883e-01,6.155913978500000550e-01,6.961021505379999530e-01,7.965053763439999823e-01,8.598118279569999522e-01
6.053763440860000511e-01,7.930107526880000313e-01,6.402150537630000304e-01,6.886021505380000018e-01,8.488172043010000500e-01,8.598924731179999892e-01,7.863440860210000327e-01,5.506451612899999626e-01,5.583870967740000024e-01,5.731182795700000554e-01,6.793548387100000197e-01,6.058064516129999522e-01
4.111559139779999983e-01,7.190860215050000059e-01,7.509408602149999501e-01,7.651881720430000478e-01,6.973118279569999745e-01,6.377688172040000270e-01,5.619623655909999904e-01,5.045698924729999923e-01,5.844086021509999895e-01,6.168010752689999654e-01,7.573924731179999537e-01,6.282258064519999907e-01
2.101075268819999897e-01,4.523655913979999776e-01,6.898924731179999492e-01,7.453763440859999534e-01,8.622580645159999557e-01,7.356989247309999591e-01,6.433333333330000237e-01,6.254838709679999553e-01,6.511827956989999500e-01,7.377419354840000221e-01,7.949462365589999857e-01,8.216129032260000020e-01
2.462365591400000053e-01,5.340501792109999535e-01,7.212365591399999554e-01,8.246415770610000529e-01,8.155017921149999571e-01,7.297491039429999660e-01,7.595878136200000519e-01,7.759856630820000101e-01,7.252688172050000270e-01,6.928315412190000355e-01,6.547491039430000104e-01,6.645161290319999692e-01
3.317204301069999750e-01,5.931643625189999547e-01,7.472350230419999573e-01,9.100614439330000360e-01,9.739631336409999562e-01,1.027803379420000107e+00,1.071044546850000057e+00,1.071044546850000057e+00,1.040783410139999976e+00,1.191781874039999911e+00,1.324577572960000005e+00,1.236559139779999983e+00
2.596774193549999943e-01,4.890937019969999744e-01,6.827188940099999659e-01,8.043778801840000270e-01,7.625192012289999655e-01,6.954685099849999830e-01,6.783410138250000054e-01,6.799539170509999453e-01,6.864055299539999488e-01,7.794930875579999530e-01,8.096006144399999771e-01,7.774961597539999936e-01
3.698252688170000080e-01,4.819220430110000009e-01,7.676075268819999575e-01,9.197580645159999513e-01,9.048387096769999749e-01,9.421370967740000379e-01,1.006989247309999946e+00,8.443548387100000552e-01,6.495967741939999707e-01,6.726478494619999582e-01,1.029435483869999945e+00,1.019959677419999933e+00
1.806451612899999948e-01,2.304301075269999943e-01,3.507526881720000045e-01,3.812903225809999852e-01,3.275268817199999960e-01,3.777419354839999799e-01,4.052688172039999870e-01,4.297849462369999762e-01,3.836559139779999739e-01,3.689247311830000098e-01,4.501075268820000086e-01,4.358064516130000232e-01
7.293906810039999522e-01,8.980286738349999576e-01,9.681003584230000181e-01,9.813620071680000390e-01,9.673835125440000127e-01,9.915770609309999539e-01,9.727598566299999749e-01,1.133333333329999970e+00,1.209318996419999959e+00,1.075268817200000004e+00,1.114874551970000072e+00,1.127240143369999892e+00
4.209677419349999727e-01,6.613500597370000067e-01,7.993428912790000451e-01,8.180406212659999676e-01,8.652329749110000412e-01,8.877538829150000144e-01,8.669653524489999707e-01,9.053166069300000451e-01,8.654719235359999985e-01,9.143966547190000016e-01,9.509557945040000293e-01,9.809438470729999748e-01
3.132258064519999885e-01,5.897849462369999518e-01,8.332258064509999729e-01,9.273118279569999567e-01,9.888172043009999523e-01,8.672043010750000169e-01,9.050537634409999699e-01,8.732258064519999863e-01,7.894623655910000259e-01,7.835483870970000320e-01,8.927956989249999920e-01,1.016344086019999926e+00
1.858198924729999868e-01,3.773521505379999752e-01,6.084677419349999727e-01,6.819220430110000120e-01,7.001344086020000468e-01,7.397177419360000394e-01,6.534274193550000387e-01,4.082661290319999914e-01,7.392473118289999640e-04,0.000000000000000000e+00,4.110215053760000181e-01,6.721774193549999721e-01
2.541935483869999790e-01,5.236559139780000427e-01,7.554838709679999598e-01,8.578494623660000151e-01,8.946236559139999489e-01,8.905376344090000229e-01,8.948387096769999660e-01,9.348387096770000015e-01,1.007849462370000060e+00,1.026129032260000074e+00,1.049247311830000084e+00,1.023763440860000040e+00
6.525537634410000232e-02,2.368279569889999991e-01,4.983198924730000146e-01,7.817876344090000096e-01,9.395833333340000149e-01,9.188172043010000012e-01,7.068548387099999886e-01,9.724462365590000323e-02,5.551075268820000047e-02,5.329301075270000132e-02,5.853494623660000090e-02,6.915994623650000284e-01
2.136200716849999959e-01,6.163082437269999936e-01,7.860215053760000181e-01,9.510752688169999969e-01,9.507168458779999831e-01,8.627240143359999891e-01,8.700716845879999939e-01,8.358422939070000446e-01,8.731182795699999888e-01,1.186559139779999938e+00,1.276881720430000033e+00,1.470071684589999927e+00
2.379032258060000127e-01,3.912634408599999780e-01,5.962365591399999554e-01,6.370295698929999695e-01,6.324596774189999993e-01,6.209677419350000394e-01,6.225134408600000446e-01,5.657258064519999907e-01,5.174731182799999774e-01,4.508736559140000266e-01,5.348118279569999967e-01,5.948252688170000413e-01
3.165770609319999984e-01,7.318100358419999951e-01,9.519713261650000202e-01,1.076568100360000058e+00,1.109946236559999910e+00,1.142921146950000022e+00,1.152822580640000094e+00,1.133915770610000040e+00,1.079973118280000088e+00,1.088799283149999964e+00,1.101702508960000104e+00,1.139516129029999991e+00
6.232078853050000006e-02,2.154569892469999914e-01,5.294802867379999611e-01,7.974014336920000057e-01,9.457437275990000503e-01,8.718189964160000249e-01,7.824820788530000293e-01,7.497759856629999664e-01,6.068100358419999951e-01,5.620967741939999485e-01,6.498207885300000264e-01,7.494175627239999526e-01
1.439784946240000030e-01,2.146774193550000098e-01,4.186559139780000049e-01,5.379569892469999726e-01,6.591935483869999501e-01,6.687096774190000037e-01,5.761827956989999944e-01,5.694623655910000526e-01,4.913978494619999915e-01,4.710215053760000159e-01,5.197849462370000007e-01,5.859139784950000429e-01
1.120071684589999950e-01,2.901433691759999767e-01,5.674731182800000218e-01,6.793906810040000188e-01,5.785842293909999601e-01,6.140681003579999686e-01,6.277777777780000346e-01,6.155913978489999661e-01,5.932795698920000360e-01,6.253584229390000138e-01,8.006272401439999964e-01,8.097670250899999811e-01
1.397849462370000066e-02,3.252688172039999714e-02,1.069892473120000048e-01,1.239247311830000003e-01,1.282258064519999907e-01,1.444892473119999965e-01,1.061827956989999933e-01,2.688172043019999846e-04,0.000000000000000000e+00,0.000000000000000000e+00,2.474462365589999990e-01,3.923387096770000193e-01
6.473118279570000411e-02,1.713440860210000138e-01,3.683870967740000002e-01,5.768817204299999668e-01,7.454838709679999509e-01,8.200537634410000054e-01,7.867204301069999905e-01,7.682795698919999694e-01,6.856989247310000257e-01,7.179032258059999672e-01,7.515591397849999966e-01,6.372043010750000347e-01
1.278897849460000069e-01,2.170026881719999967e-01,4.253360215049999948e-01,6.700268817210000005e-01,7.125672043009999568e-01,7.161290322579999534e-01,5.935483870969999742e-01,1.612903225809999988e-03,0.000000000000000000e+00,0.000000000000000000e+00,3.427419354840000043e-01,5.942876344090000096e-01
3.369772998800000252e-01,4.465352449219999742e-01,5.298088410989999497e-01,6.835722819599999722e-01,7.930704898449999485e-01,7.154121863800000369e-01,6.948028673830000113e-01,7.705495818399999974e-01,7.897252090799999902e-01,1.019534050180000095e+00,1.123357228199999946e+00,1.017144563920000078e+00
3.159498207879999909e-01,3.974910394260000035e-01,3.913978494620000137e-01,4.808243727600000073e-01,7.512544802859999482e-01,6.460573476700000040e-01,6.688172043010000012e-01,8.870967741930000372e-01,1.081899641579999960e+00,1.155555555549999891e+00,1.157526881719999956e+00,1.146057347670000004e+00
2.505376344090000096e-01,5.886021505380000240e-01,8.279569892470000081e-01,9.053763440859999845e-01,8.218279569890000191e-01,7.221505376339999449e-01,6.495698924730000101e-01,5.390322580640000139e-01,4.259139784950000118e-01,3.860215053759999959e-01,4.658064516129999943e-01,5.317204301079999640e-01
2.286738351250000023e-01,4.097670250900000144e-01,5.330645161289999656e-01,6.178315412189999689e-01,7.019713261650000202e-01,6.818996415770000041e-01,6.525089605730000075e-01,5.835125448029999662e-01,4.930107526879999869e-01,5.206989247309999902e-01,6.605734767030000398e-01,7.120071684590000283e-01
2.766373411529999826e-01,4.858260019549999753e-01,5.912512218969999678e-01,6.463831867060000347e-01,6.839687194529999736e-01,5.913000977519999868e-01,6.124633431089999691e-01,6.557184750740000512e-01,6.902248289350000343e-01,7.422776148580000344e-01,9.463343108499999712e-01,1.049315738030000000e+00
1.325567502989999924e-01,2.507765830340000224e-01,3.340501792109999979e-01,4.933691756270000006e-01,5.780764635599999757e-01,6.270609319000000070e-01,6.647550776580000154e-01,6.886499402629999711e-01,6.921744324969999473e-01,9.284348864989999672e-01,1.125268817200000049e+00,1.205256869769999906e+00
1.432795698919999972e-01,2.586021505380000085e-01,7.978494623659999618e-01,1.194354838710000033e+00,1.350806451610000014e+00,1.425000000000000044e+00,1.203494623659999929e+00,8.900537634409999566e-01,9.010752688169999525e-01,1.043279569889999925e+00,1.636827956989999944e+00,1.737903225810000007e+00
1.010080645160000012e-01,2.334677419350000005e-01,5.245967741939999707e-01,7.436827956989999766e-01,8.755376344090000096e-01,9.291666666669999852e-01,8.688844086020000024e-01,8.606182795700000332e-01,7.981182795700000332e-01,8.301075268819999575e-01,9.956989247309999680e-01,9.775537634409999788e-01
5.537634408599999974e-02,1.364247311829999976e-01,2.592741935480000204e-01,3.014784946240000041e-01,3.133064516130000254e-01,3.079301075270000077e-01,3.720430107530000030e-01,3.431451612900000003e-01,1.521505376339999938e-01,1.162634408599999974e-01,1.532258064520000129e-01,1.756720430110000064e-01
3.140681003579999797e-01,5.215053763439999601e-01,6.353942652330000218e-01,6.575268817199999560e-01,7.489247311829999587e-01,7.135304659500000257e-01,6.817204301079999862e-01,6.540322580649999828e-01,4.579749103949999900e-01,3.184587813620000096e-01,5.030465949819999949e-01,5.682795698920000138e-01
3.922043010749999836e-01,5.265053763439999646e-01,5.994623655909999682e-01,5.337634408600000491e-01,5.316129032259999665e-01,5.276881720430000033e-01,5.260215053760000092e-01,4.556451612899999892e-01,3.397311827960000086e-01,2.598924731180000114e-01,3.523655913979999998e-01,4.368279569890000102e-01
7.661962365590000434e-01,9.075940860219999795e-01,9.577284946240000041e-01,5.901209677419999577e-01,7.971102150540000375e-01,9.797715053759999959e-01,9.556451612899999892e-01,9.911290322579999756e-01,6.313844086019999580e-01,5.215725806450000057e-01,6.862903225809999785e-01,7.629704301080000306e-01
1.490079365080000107e-01,1.698412698410000088e-01,2.813492063490000139e-01,3.305555555549999913e-01,3.892857142860000064e-01,4.029761904759999736e-01,3.335317460319999761e-01,3.410714285709999793e-01,3.732142857140000047e-01,2.732142857140000269e-01,2.388888888890000062e-01,2.857142857139999825e-01
2.688172043009999790e-01,4.719892473119999821e-01,6.568817204300000379e-01,7.727956989249999964e-01,8.523118279570000011e-01,8.135483870969999476e-01,6.754838709679999997e-01,6.791935483869999679e-01,6.809139784950000163e-01,8.119892473119999510e-01,9.722043010749999992e-01,9.674731182800000440e-01
3.429211469530000223e-01,4.958781362010000193e-01,7.163978494620000248e-01,8.784946236559999511e-01,9.901433691759999878e-01,8.149641577059999475e-01,6.513440860220000017e-01,6.615591397850000277e-01,6.630824372760000252e-01,7.617383512550000013e-01,9.108422939070000002e-01,1.058243727600000073e+00
3.629928315409999828e-01,4.867383512540000012e-01,5.465053763439999823e-01,6.189964157709999526e-01,5.742383512540000234e-01,5.450268817200000226e-01,4.792562724009999942e-01,5.131720430109999453e-01,5.146505376340000382e-01,5.112007168459999917e-01,7.896057347670000226e-01,1.017249103940000010e+00
8.252688172050000326e-02,1.261648745520000114e-01,1.366487455200000034e-01,1.809139784949999885e-01,1.638888888889999951e-01,1.820788530470000000e-01,1.295698924729999923e-01,1.213261648750000032e-01,1.120967741940000068e-01,1.559139784949999941e-01,2.971326164870000119e-01,3.578853046600000143e-01
1.216845878140000031e-01,2.244623655909999960e-01,4.524193548389999764e-01,6.773297491040000118e-01,7.738351254480000385e-01,8.439964157710000414e-01,7.012544802869999927e-01,6.310931899639999898e-01,4.770609318999999848e-01,3.566308243729999772e-01,4.297491039429999771e-01,5.601254480280000170e-01
4.799283154119999839e-01,7.912186379929999624e-01,8.947431302270000275e-01,9.281362007169999817e-01,9.750896057350000312e-01,9.200716845880000383e-01,8.767025089609999933e-01,8.336917562729999620e-01,8.013739546000000491e-01,8.026881720430000255e-01,9.135005973719999561e-01,1.016726403819999902e+00
3.301971326170000109e-01,5.536290322579999756e-01,8.421146953400000523e-01,8.693996415770000041e-01,8.503136200719999538e-01,8.353494623660000507e-01,7.129928315410000161e-01,6.499551971329999844e-01,6.372311827959999952e-01,7.402777777779999679e-01,8.909946236560000177e-01,9.455645161290000544e-01
3.058602150540000175e-01,4.411290322579999867e-01,5.719354838710000166e-01,6.191397849459999714e-01,6.408602150540000375e-01,6.091935483870000168e-01,5.732258064520000529e-01,6.088709677420000022e-01,6.324731182799999685e-01,6.264516129029999991e-01,7.942473118280000133e-01,8.805376344090000140e-01
2.557123655909999960e-02,3.877688172040000270e-02,6.706989247309999569e-02,1.174395161289999989e-01,2.037634408600000058e-01,2.319556451610000070e-01,1.957325268819999908e-01,2.058467741939999929e-01,2.442540322579999923e-01,3.167338709679999864e-01,4.523185483869999746e-01,5.417002688169999525e-01
1.376881720429999900e-01,1.875806451610000092e-01,3.322043010749999858e-01,5.543010752689999654e-01,6.972580645160000312e-01,7.582258064519999952e-01,7.023655913980000332e-01,5.352688172039999914e-01,4.751075268819999753e-01,4.996774193549999854e-01,6.277956989249999786e-01,6.884408602149999501e-01
2.905913978490000105e-01,4.500000000000000111e-01,5.958333333330000370e-01,7.018145161290000322e-01,6.973118279569999745e-01,7.768817204300000334e-01,8.372311827959999508e-01,8.346774193549999499e-01,9.043010752690000542e-01,1.060685483869999945e+00,1.371438172039999959e+00,1.309206989250000008e+00
2.753928866829999933e-01,5.047559966910000195e-01,6.379652605460000014e-01,6.972291149710000413e-01,7.210090984289999616e-01,8.060380479740000270e-01,8.605459057069999584e-01,8.534739454099999900e-01,8.657981803140000210e-01,9.114971050450000334e-01,1.104094292799999932e+00,1.142845326720000054e+00
1.255913978490000027e-01,2.089247311830000065e-01,3.389247311829999831e-01,5.619354838710000077e-01,7.801075268820000241e-01,8.758064516129999699e-01,9.061290322580000112e-01,7.533333333330000103e-01,8.112903225809999785e-01,8.992473118279999955e-01,1.000430107529999946e+00,1.014516129029999991e+00
1.231854838710000066e-01,1.923387096770000082e-01,3.864919354840000154e-01,5.629032258070000294e-01,6.308467741929999484e-01,6.633064516129999477e-01,6.780241935480000315e-01,6.146505376340000160e-01,7.561827956990000432e-01,9.279569892469999859e-01,1.037298387100000108e+00,1.073588709680000086e+00
3.782258064519999907e-01,7.634408602150000167e-01,8.822580645159999735e-01,8.115591397850000499e-01,8.892473118279999866e-01,1.005645161289999923e+00,9.805107526880000313e-01,9.344086021499999895e-01,6.763440860220000239e-01,4.221774193550000276e-01,3.509408602149999834e-01,3.641129032259999843e-01
1.736559139789999873e-01,2.594086021509999784e-01,4.005376344089999763e-01,3.870967741929999817e-01,5.196236559139999489e-01,5.349462365589999768e-01,5.768817204299999668e-01,5.803763440860000289e-01,5.610215053760000403e-01,6.405913978489999883e-01,8.825268817200000449e-01,9.034946236559999733e-01
3.487228607919999890e-01,4.526181353770000193e-01,4.842273307789999870e-01,5.494252873560000472e-01,6.065772669219999802e-01,5.639208173690000159e-01,4.397828863339999783e-01,2.083652618129999967e-01,1.908684546609999977e-01,1.959131545339999891e-01,3.903575989779999866e-01,5.742656449549999875e-01
1.573924731180000036e-01,2.007392473119999909e-01,2.809811827959999841e-01,2.990591397849999833e-01,3.770161290319999914e-01,3.704301075270000077e-01,3.212365591399999887e-01,2.592741935480000204e-01,2.142473118279999977e-01,3.439516129030000258e-01,4.670026881720000245e-01,5.361559139779999983e-01
6.045026881719999662e-02,1.571572580649999995e-01,3.759072580639999939e-01,5.229502688170000191e-01,6.471102150540000153e-01,6.641465053759999515e-01,6.096438172039999603e-01,5.986895161290000100e-01,6.151545698920000138e-01,8.623319892470000525e-01,9.931787634409999788e-01,9.982862903229999807e-01
3.931003584230000070e-01,5.324372759859999915e-01,7.370967741939999929e-01,8.896953405020000538e-01,8.905913978499999661e-01,7.608422939060000001e-01,7.137992831539999861e-01,7.019713261650000202e-01,7.136200716849999681e-01,6.999999999999999556e-01,1.017741935479999915e+00,1.202419354839999954e+00
2.524577572960000071e-01,3.323348694320000241e-01,5.112903225810000452e-01,5.831029185870000298e-01,6.133640553000000439e-01,5.194316436250000502e-01,5.449308755759999512e-01,4.602150537640000150e-01,5.195084485409999786e-01,6.320276497700000329e-01,9.329493087560000175e-01,9.889400921659999844e-01
2.211981566819999911e-01,3.263440860210000127e-01,3.779569892469999970e-01,3.833333333330000148e-01,4.111367127500000218e-01,4.376344086019999802e-01,4.054531490009999906e-01,3.883256528419999909e-01,4.130568356370000194e-01,4.218125960060000179e-01,5.021505376339999716e-01,6.636712749619999574e-01
3.691756272400000261e-01,5.422939068100000037e-01,5.729390680999999486e-01,5.431899641580000271e-01,7.677419354840000487e-01,6.492831541219999947e-01,4.267025089609999822e-01,9.498207885299999806e-03,1.075268817199999914e-02,2.688172043010000033e-03,2.232974910390000123e-01,5.075268817200000449e-01
1.342549923190000105e-01,2.549155145929999922e-01,3.473886328729999806e-01,4.830261136710000125e-01,5.397081413209999790e-01,5.059139784949999719e-01,5.019969278029999815e-01,4.420890937020000022e-01,3.863287250379999760e-01,3.836405529949999949e-01,4.575268817200000004e-01,5.630568356380000195e-01
1.137395459979999995e-01,2.109318996410000091e-01,3.569295101550000182e-01,4.513739546000000158e-01,4.511947431300000200e-01,5.090800477900000454e-01,4.719235364400000132e-01,4.418757467139999839e-01,3.843488649940000057e-01,3.620669056149999898e-01,3.898446833929999911e-01,4.666666666659999851e-01
3.544908285899999734e-01,5.647691334600000168e-01,6.756166982919999953e-01,6.738140417460000142e-01,6.148323845669999566e-01,6.585072738770000322e-01,6.695445920300000520e-01,6.359898798230000372e-01,5.954459203040000093e-01,5.263124604679999541e-01,6.842820999369999546e-01,6.712523719170000458e-01
9.231950844849999560e-02,1.307219662059999898e-01,2.390168970809999904e-01,2.754224270349999726e-01,2.719662058369999857e-01,2.678955453149999832e-01,2.254224270350000114e-01,2.344086021500000061e-01,2.101382488480000033e-01,2.157450076799999894e-01,2.889400921659999733e-01,3.404761904759999736e-01
2.210061443930000091e-01,4.150537634409999788e-01,6.911674347159999510e-01,7.713901689709999898e-01,7.790322580640000050e-01,7.769585253459999619e-01,6.713901689710000120e-01,6.560675883259999841e-01,6.047235023039999602e-01,6.003456221199999776e-01,6.897465437790000209e-01,7.226958525350000162e-01
2.486857825569999958e-01,3.773596176819999926e-01,4.150537634409999788e-01,4.497610513740000204e-01,4.885304659499999924e-01,4.890681003580000241e-01,4.908602150540000153e-01,4.790322580640000161e-01,3.918757467139999950e-01,3.634408602149999945e-01,4.590800477900000010e-01,5.011350059739999585e-01
4.144265232970000268e-01,5.621863799280000240e-01,6.397849462360000183e-01,7.064516129029999592e-01,7.512544802870000371e-01,8.147849462370000406e-01,8.214157706089999511e-01,7.738351254480000385e-01,6.842293906809999715e-01,6.600358422940000303e-01,7.798387096769999749e-01,7.880824372760000252e-01
4.077956989250000053e-01,7.158064516130000499e-01,8.400537634410000232e-01,7.962903225809999652e-01,8.379032258059999627e-01,8.398924731179999714e-01,7.905376344090000451e-01,7.302688172040000536e-01,5.520430107529999963e-01,4.602688172039999803e-01,5.193010752690000453e-01,5.855913978500000283e-01
3.115975422430000141e-01,6.075268817210000005e-01,7.705069124429999583e-01,8.008448540710000341e-01,8.771121351770000407e-01,8.746543778800000002e-01,8.037634408610000447e-01,7.793394777269999629e-01,7.354070660529999914e-01,6.435483870970000186e-01,6.437788018429999592e-01,5.904761904759999736e-01
5.339307048979999859e-01,8.053763440860000067e-01,8.015531660700000449e-01,8.026881720430000255e-01,7.574074074069999662e-01,7.971923536439999847e-01,8.109916367980000151e-01,7.462365591399999776e-01,6.841696535240000543e-01,6.781362007169999817e-01,8.560334528080000283e-01,8.147550776580000376e-01
9.677419354829999709e-02,2.068100358420000007e-01,2.568697729989999901e-01,2.802270011940000138e-01,3.348864994019999930e-01,3.106332138590000014e-01,3.912783751489999906e-01,3.738351254480000163e-01,2.807048984469999731e-01,3.533452807640000137e-01,5.069892473120000131e-01,6.574671445640000167e-01
2.791517323769999726e-01,4.590203106329999727e-01,5.818399044209999760e-01,7.043010752689999876e-01,7.668458781360000254e-01,6.745519713259999772e-01,5.913381123059999744e-01,5.525089605730000297e-01,5.350657108720000554e-01,5.909796893669999607e-01,7.470728793309999727e-01,8.372759856629999886e-01
0.000000000000000000e+00,1.952956989250000108e-01,6.901881720429999811e-01,1.002822580639999961e+00,1.109408602150000034e+00,1.033870967739999980e+00,7.286290322580000201e-01,1.209677419359999999e-03,0.000000000000000000e+00,0.000000000000000000e+00,5.278225806449999835e-01,1.188306451609999925e+00
3.883736559140000266e-01,5.716397849459999847e-01,8.067204301079999862e-01,9.070564516129999699e-01,9.680107526879999646e-01,9.655241935480000093e-01,6.946908602150000389e-01,1.612903225809999988e-03,0.000000000000000000e+00,0.000000000000000000e+00,0.000000000000000000e+00,5.274193548390000430e-01
1.134408602149999945e-01,2.645161290320000025e-01,5.338709677420000466e-01,6.953405017920000208e-01,8.720430107519999696e-01,9.587813620070000376e-01,7.982078853039999977e-01,5.741935483869999857e-01,4.829749103939999788e-01,4.777777777780000124e-01,5.876344086020000024e-01,6.001792114689999957e-01
1.145161290319999942e-01,1.725806451609999959e-01,2.127240143370000003e-01,2.908602150540000042e-01,5.240143369180000343e-01,6.327956989240000052e-01,5.885304659500000257e-01,5.086021505369999751e-01,3.405017921140000015e-01,2.978494623649999840e-01,3.899641577060000142e-01,4.666666666659999851e-01
0.000000000000000000e+00,0.000000000000000000e+00,3.678763440860000067e-01,7.584005376350000383e-01,9.037634408600000446e-01,9.517473118279999866e-01,8.718413978490000549e-01,7.156586021499999895e-01,6.726478494619999582e-01,6.282930107530000363e-01,6.458333333329999704e-01,7.303091397850000055e-01
4.865591397849999833e-01,7.439393939399999711e-01,8.717497556209999887e-01,9.013196480940000033e-01,8.569892473119999909e-01,8.556207233629999909e-01,8.431085043989999805e-01,7.817693059629999830e-01,6.653470185730000486e-01,6.415444770279999931e-01,7.336265884649999514e-01,8.247800586510000143e-01
2.612135176650000057e-01,4.337941628259999738e-01,5.805683563750000387e-01,6.547619047620000243e-01,7.792626728110000345e-01,8.139784946239999597e-01,7.798771121359999725e-01,7.185099846389999545e-01,6.693548387100000108e-01,6.470046082949999500e-01,6.950076804920000129e-01,6.165130568359999952e-01
3.396057347670000115e-01,5.930107526879999646e-01,8.623655913979999532e-01,9.133512544799999855e-01,1.008422939069999913e+00,9.229390681000000374e-01,9.315412186379999904e-01,8.750000000000000000e-01,8.797491039429999882e-01,9.189068100360000546e-01,8.946236559139999489e-01,8.751792114699999958e-01
3.872162485060000048e-01,5.535244922340000207e-01,6.232377538829999564e-01,7.352449223420000068e-01,8.084229390680000016e-01,8.123655913980000198e-01,7.543010752690000320e-01,8.186379928320000054e-01,7.824970131420000419e-01,8.658303464759999901e-01,9.503584229389999694e-01,9.954599761050000328e-01
0.000000000000000000e+00,5.347311827959999597e-01,8.850537634409999521e-01,1.059247311830000093e+00,1.091182795699999986e+00,1.114731182799999942e+00,1.028709677419999968e+00,8.881720430109999453e-01,6.976344086019999891e-01,4.807526881720000089e-01,7.092473118280000488e-01,6.997849462370000495e-01
2.086021505379999919e-01,3.613978494619999871e-01,4.783870967739999869e-01,5.655913978500000105e-01,5.210752688169999480e-01,4.831182795699999755e-01,4.266666666669999830e-01,4.770967741939999840e-01,4.436559139780000272e-01,4.195698924729999724e-01,4.947311827959999797e-01,5.766666666669999497e-01
2.055555555559999970e-01,3.015555555559999990e-01,3.901111111109999974e-01,4.588888888889999795e-01,4.590000000000000191e-01,4.192222222220000072e-01,3.549999999999999822e-01,0.000000000000000000e+00,0.000000000000000000e+00,0.000000000000000000e+00,2.489999999999999991e-01,5.018888888889999622e-01
1.039049235989999986e-01,1.211092246750000018e-01,2.177985285790000058e-01,3.660441426150000122e-01,5.664402942840000010e-01,6.237691001699999793e-01,5.250990379169999667e-01,4.275042444819999732e-01,3.356819468030000087e-01,2.604131295980000038e-01,2.814091680810000273e-01,3.835597057160000101e-01
2.220430107530000086e-01,2.732078853050000089e-01,3.592293906810000159e-01,5.754480286740000228e-01,7.514336917560000551e-01,8.377240143369999448e-01,7.803763440859999845e-01,6.826164874550000317e-01,5.951612903230000251e-01,5.043010752690000320e-01,5.898745519710000274e-01,7.641577060930000442e-01
1.911290322579999867e-01,4.543906810039999855e-01,5.194444444439999531e-01,5.523297491040000118e-01,6.095878136200000297e-01,5.938172043010000456e-01,5.711469534049999908e-01,4.436379928310000276e-01,3.602150537630000038e-01,3.169354838710000122e-01,4.629032258060000182e-01,6.513440860220000017e-01
