0.000000000000000000e+00,4.908024691360000080e-01,1.025864197530000022e+00,1.230185185180000085e+00,1.295308641969999952e+00,1.260864197529999897e+00,1.093271604939999975e+00,2.530864197530000026e-03,0.000000000000000000e+00,0.000000000000000000e+00,6.311728395060000052e-01,1.168765432100000057e+00
0.000000000000000000e+00,5.434722222219999788e-01,8.731944444450000509e-01,1.016111111110000076e+00,1.125972222219999930e+00,1.243194444440000046e+00,1.134861111109999987e+00,3.194444444450000083e-03,0.000000000000000000e+00,0.000000000000000000e+00,8.166666666670000518e-01,1.097499999999999920e+00
5.858333333330000281e-01,6.055000000000000382e-01,7.368888888889999489e-01,8.313888888889999773e-01,9.566666666669999541e-01,9.756666666669999710e-01,9.392777777780000337e-01,8.456666666669999666e-01,7.673333333330000228e-01,8.198888888890000226e-01,9.421111111109999880e-01,1.118611111109999889e+00
3.922222222219999832e-01,5.400000000000000355e-01,7.251587301590000090e-01,8.112698412700000139e-01,8.567460317459999475e-01,9.030158730159999481e-01,8.969841269849999632e-01,7.853174603179999824e-01,7.573809523810000055e-01,7.868253968259999453e-01,8.696825396830000221e-01,9.799206349210000111e-01
3.490740740739999848e-01,5.648148148139999769e-01,6.718518518520000260e-01,8.981481481480000362e-01,9.674074074070000417e-01,1.139814814810000021e+00,1.141481481480000060e+00,1.075740740739999923e+00,1.031296296300000082e+00,1.263518518519999967e+00,1.425740740740000012e+00,1.563148148150000027e+00
4.106250000000000178e-01,6.740972222219999699e-01,8.290972222219999965e-01,9.672222222220000498e-01,1.000208333330000032e+00,1.044999999999999929e+00,1.044444444440000064e+00,9.956249999999999822e-01,9.918055555560000291e-01,1.125208333330000032e+00,1.277638888890000102e+00,1.304444444440000073e+00
1.165277777779999968e-01,3.095833333329999770e-01,4.249305555560000114e-01,4.111111111110000160e-01,5.471527777779999768e-01,5.615277777780000035e-01,4.413888888890000195e-01,4.222916666670000208e-01,4.610416666670000274e-01,5.587499999999999689e-01,6.334027777780000257e-01,6.557638888889999462e-01
2.190277777780000046e-01,3.368055555560000025e-01,5.928472222220000365e-01,6.811805555550000113e-01,7.014583333330000059e-01,6.902083333330000237e-01,5.863194444439999709e-01,4.027777777780000013e-01,3.411111111110000094e-01,4.416666666669999963e-01,6.025694444450000464e-01,6.592361111110000005e-01
0.000000000000000000e+00,2.018333333329999923e-01,4.217777777780000181e-01,5.138888888889999729e-01,5.695000000000000062e-01,5.966666666669999675e-01,5.222222222219999876e-01,5.112222222219999779e-01,4.617222222219999894e-01,4.858888888890000035e-01,5.344444444450000553e-01,5.369444444440000241e-01
0.000000000000000000e+00,6.809523809520000304e-02,2.327777777779999890e-01,2.677777777779999924e-01,3.079365079360000257e-01,3.426984126979999989e-01,2.413492063490000061e-01,6.349206349200000113e-04,0.000000000000000000e+00,0.000000000000000000e+00,0.000000000000000000e+00,3.571428571429999949e-02
5.343750000000000444e-01,8.026388888890000350e-01,7.888194444439999842e-01,7.683333333330000237e-01,7.186805555559999670e-01,7.590277777780000124e-01,8.201388888889999951e-01,8.936111111110000005e-01,8.984722222219999610e-01,9.237499999999999600e-01,1.027708333329999890e+00,1.102222222219999992e+00
2.712499999999999911e-01,7.168055555560000069e-01,8.445833333329999526e-01,9.590277777779999679e-01,9.656944444449999665e-01,8.880555555550000424e-01,8.973611111110000316e-01,8.776388888889999906e-01,9.209722222220000365e-01,9.958333333329999482e-01,1.177638888890000013e+00,1.277083333330000015e+00
1.243333333330000068e-01,2.054999999999999882e-01,4.011111111110000071e-01,4.741666666670000252e-01,4.797222222220000054e-01,5.070000000000000062e-01,4.650555555559999776e-01,3.439444444440000193e-01,3.474999999999999756e-01,3.542777777780000137e-01,3.697777777780000275e-01,4.068333333329999801e-01
1.261666666669999937e-01,1.048333333330000033e-01,1.421666666670000079e-01,1.411111111109999983e-01,2.039999999999999869e-01,1.989444444440000015e-01,1.653888888889999964e-01,1.923333333330000117e-01,1.932777777780000095e-01,2.719444444440000108e-01,3.281666666670000065e-01,3.803333333330000121e-01
1.800555555560000021e-01,3.691111111109999787e-01,5.352222222219999992e-01,6.697777777779999608e-01,7.497777777780000319e-01,8.049444444450000180e-01,6.958888888890000235e-01,6.358333333329999615e-01,5.961666666670000225e-01,5.414999999999999813e-01,6.638888888889999951e-01,7.361666666670000359e-01
1.521527777779999868e-01,2.227083333329999970e-01,2.856944444439999953e-01,3.061805555559999892e-01,3.290277777780000190e-01,3.694444444439999864e-01,3.784027777780000212e-01,3.469444444440000219e-01,2.866666666670000252e-01,2.411111111110000038e-01,3.270138888890000151e-01,3.870833333329999904e-01
9.972222222219999377e-02,3.119444444439999908e-01,3.311111111110000005e-01,4.413888888890000195e-01,6.138888888889999507e-01,5.602777777780000301e-01,5.741666666670000030e-01,6.711111111109999694e-01,5.997222222220000010e-01,6.550000000000000266e-01,8.755555555559999537e-01,1.098333333330000050e+00
1.303703703699999883e-01,2.031481481480000018e-01,3.340740740740000270e-01,4.574074074069999774e-01,4.912962962960000235e-01,5.209259259259999553e-01,4.901851851849999830e-01,4.249999999999999889e-01,3.800000000000000044e-01,3.233333333330000170e-01,5.557407407400000166e-01,9.325925925929999805e-01
2.618333333330000179e-01,5.367777777779999537e-01,6.357777777780000417e-01,6.177777777780000257e-01,7.126111111109999507e-01,6.978333333330000166e-01,6.546666666670000190e-01,6.086666666669999781e-01,4.556111111110000000e-01,3.372222222219999899e-01,5.211666666669999559e-01,6.664999999999999813e-01
1.401234567899999894e-01,4.683950617279999951e-01,6.523456790120000237e-01,7.216049382720000072e-01,8.025925925929999760e-01,7.996913580250000209e-01,8.109259259259999908e-01,6.785802469130000070e-01,6.084567901230000242e-01,6.085185185189999624e-01,7.583950617279999751e-01,8.242592592590000100e-01
1.174305555560000019e-01,1.941666666669999985e-01,3.329861111110000160e-01,5.073611111110000182e-01,6.424999999999999600e-01,6.513194444440000286e-01,5.780555555549999891e-01,4.769444444440000264e-01,4.172222222220000054e-01,3.648611111110000027e-01,3.572916666670000185e-01,3.655555555560000003e-01
1.391666666670000052e-01,2.052083333330000092e-01,3.596527777779999768e-01,4.597916666669999985e-01,5.793749999999999734e-01,6.096527777779999768e-01,5.600694444439999753e-01,4.580555555549999935e-01,2.969444444439999775e-01,2.026388888890000017e-01,2.079861111109999883e-01,2.526388888889999906e-01
5.443750000000000533e-01,7.270833333330000148e-01,9.088888888889999906e-01,1.003055555560000034e+00,9.661111111110000094e-01,9.014583333329999615e-01,8.964583333329999570e-01,8.126388888890000439e-01,6.781249999999999778e-01,5.575694444440000286e-01,5.874305555550000113e-01,6.222916666669999763e-01
1.156944444439999969e-01,2.419444444440000119e-01,3.449999999999999734e-01,4.390277777780000057e-01,5.371527777779999679e-01,5.453472222220000498e-01,5.511805555559999847e-01,5.622916666670000341e-01,5.832638888890000484e-01,4.918055555559999736e-01,4.720138888889999773e-01,4.117361111110000027e-01
1.770114942530000013e-01,3.055903866249999878e-01,4.276907001040000100e-01,5.455590386630000399e-01,6.182340647859999594e-01,5.314002089870000223e-01,4.954545454550000061e-01,4.733019853709999891e-01,4.434169278999999797e-01,5.759665621739999963e-01,7.145768025080000418e-01,7.496865203760000318e-01
2.369584438550000061e-01,3.998231653400000085e-01,5.564986737399999495e-01,5.412024756850000173e-01,5.881520778069999622e-01,5.870026525199999456e-01,5.942528735630000503e-01,5.671971706459999485e-01,5.436781609199999865e-01,5.775862068970000207e-01,6.662687886829999906e-01,7.833333333340000149e-01
3.141666666669999941e-01,4.775555555550000109e-01,7.801111111109999552e-01,8.439444444439999637e-01,9.219444444450000109e-01,7.810000000000000275e-01,7.847777777779999520e-01,6.779444444450000162e-01,6.367222222220000338e-01,7.072222222220000409e-01,9.364444444449999683e-01,9.563333333329999686e-01
3.722222222220000210e-01,6.120634920640000143e-01,7.157936507940000359e-01,7.863492063489999628e-01,7.742063492070000441e-01,7.138095238099999573e-01,6.903174603180000091e-01,6.363492063490000517e-01,5.019841269839999676e-01,5.176984126989999657e-01,7.620634920640000365e-01,9.310317460320000071e-01
1.462499999999999911e-01,3.265277777780000168e-01,7.149305555560000469e-01,7.532638888889999773e-01,8.740277777780000035e-01,7.500000000000000000e-01,6.095138888890000439e-01,6.207638888890000262e-01,5.718055555559999892e-01,5.959027777780000479e-01,7.263888888889999951e-01,7.151388888890000128e-01
2.837301587300000011e-02,2.321428571429999879e-02,1.527777777780000013e-01,1.765873015870000062e-01,2.374999999999999889e-01,1.821428571429999921e-01,1.922619047620000021e-01,1.797619047619999910e-01,1.958333333329999870e-01,2.009920634919999949e-01,1.958333333329999870e-01,1.730158730159999936e-01
1.675396825400000123e-01,3.646825396819999843e-01,5.724603174600000344e-01,7.411904761909999806e-01,8.970634920640000454e-01,9.424603174600000299e-01,8.834920634920000460e-01,8.182539682539999859e-01,8.288888888890000306e-01,8.788888888889999640e-01,8.846825396830000354e-01,7.971428571430000387e-01
2.451111111110000074e-01,5.228888888889999809e-01,7.113333333329999730e-01,7.135555555550000539e-01,9.214444444439999771e-01,9.723333333329999828e-01,1.055333333329999901e+00,1.169000000000000039e+00,1.214222222220000091e+00,1.257777777780000106e+00,1.460888888890000015e+00,1.328444444440000094e+00
3.484722222220000276e-01,4.630555555559999759e-01,5.923611111109999827e-01,5.706944444439999709e-01,6.119444444439999797e-01,6.591666666669999675e-01,6.273611111110000138e-01,6.234722222220000498e-01,4.840277777779999901e-01,4.480555555560000180e-01,5.536111111110000316e-01,5.336111111110000138e-01
5.750793650800000156e-01,8.077777777779999724e-01,9.373015873019999722e-01,1.014365079370000089e+00,9.496031746040000110e-01,1.071904761909999948e+00,1.045476190480000067e+00,1.010079365079999958e+00,8.137301587299999861e-01,7.067460317460000363e-01,7.878571428570000368e-01,7.651587301590000445e-01
2.376388888890000051e-01,6.563888888890000439e-01,8.637500000000000178e-01,9.795138888890000395e-01,9.543749999999999734e-01,9.059722222220000232e-01,8.839583333330000015e-01,8.556944444449999798e-01,6.817361111109999650e-01,5.176388888890000040e-01,5.466666666670000341e-01,6.038888888890000528e-01
2.268055555559999881e-01,6.363888888890000262e-01,8.904166666670000341e-01,1.014722222220000081e+00,1.001944444440000082e+00,8.927777777780000479e-01,7.779166666669999897e-01,7.101388888890000084e-01,5.758333333330000192e-01,4.590277777780000235e-01,5.727777777779999857e-01,7.447222222220000187e-01
2.276984126980000078e-01,3.883333333330000192e-01,4.923809523809999922e-01,5.690476190480000529e-01,5.851587301589999957e-01,5.611904761910000428e-01,5.567460317460000141e-01,5.573015873019999677e-01,4.379365079370000080e-01,3.243650793649999753e-01,3.907936507940000248e-01,3.668253968249999830e-01
9.444444444440000530e-02,1.857936507940000093e-01,2.732539682540000014e-01,3.278571428570000168e-01,3.384126984129999793e-01,2.995238095239999843e-01,3.167460317460000230e-01,2.806349206350000069e-01,2.088888888890000073e-01,1.601587301590000068e-01,1.458730158730000004e-01,1.333333333329999870e-01
1.228703703699999955e-01,1.938888888889999940e-01,2.809259259260000197e-01,4.252777777780000212e-01,6.495370370370000535e-01,7.407407407410000477e-01,6.811111111109999783e-01,5.613888888889999595e-01,4.618518518520000060e-01,6.360185185179999534e-01,8.796296296300000206e-01,1.022222222219999921e+00
4.888888888890000062e-02,8.666666666670000407e-02,1.391111111109999965e-01,2.634444444440000033e-01,5.878888888890000386e-01,7.219999999999999751e-01,6.047777777780000141e-01,4.319999999999999951e-01,3.095555555560000061e-01,3.770000000000000018e-01,8.485555555560000407e-01,1.000888888890000050e+00
2.291666666669999949e-02,5.708333333329999870e-02,2.334722222220000087e-01,5.056944444440000241e-01,3.923611111110000271e-01,3.719444444439999886e-01,3.830555555560000158e-01,3.240277777780000146e-01,1.719444444440000053e-01,1.045833333330000031e-01,7.652777777779999624e-02,7.305555555560000469e-02
8.680555555560000303e-02,2.093750000000000056e-01,5.273958333329999970e-01,7.565277777779999546e-01,8.890972222220000498e-01,9.017013888889999773e-01,8.792708333330000459e-01,8.007986111110000360e-01,7.106944444439999842e-01,8.840972222220000454e-01,1.025833333330000041e+00,1.055381944440000108e+00
2.527777777779999929e-02,8.722222222219999654e-02,2.765277777779999724e-01,5.240277777780000257e-01,6.605555555550000069e-01,6.238888888889999595e-01,4.720833333330000103e-01,4.166666666679999910e-04,0.000000000000000000e+00,0.000000000000000000e+00,4.547222222219999832e-01,7.913888888890000528e-01
2.869444444440000241e-01,5.136805555550000291e-01,5.250000000000000222e-01,5.775694444440000463e-01,5.706250000000000488e-01,5.021527777780000479e-01,4.525694444439999908e-01,3.939583333330000103e-01,3.899305555559999803e-01,5.256250000000000089e-01,7.380555555550000202e-01,8.056944444450000464e-01
2.996296296290000272e-01,5.114814814810000332e-01,5.803703703700000549e-01,5.877777777770000212e-01,5.811111111110000005e-01,5.114814814810000332e-01,5.598148148149999503e-01,6.005555555549999536e-01,5.905555555549999447e-01,6.561111111109999561e-01,8.809259259260000530e-01,9.022222222219999921e-01
4.665277777779999746e-01,9.044444444439999620e-01,1.088888888889999906e+00,1.142638888890000093e+00,1.094444444440000108e+00,9.713888888889999906e-01,1.001944444440000082e+00,9.605555555560000291e-01,7.497222222220000232e-01,6.579166666669999941e-01,7.176388888889999595e-01,7.429166666669999586e-01
3.251234567899999872e-01,5.577777777779999724e-01,6.854938271599999577e-01,7.499382716050000397e-01,6.919135802470000041e-01,6.717901234569999547e-01,6.586419753090000384e-01,6.290740740739999559e-01,5.334567901229999576e-01,3.762345679010000166e-01,3.915432098759999979e-01,3.917901234569999835e-01
1.302469135800000122e-01,2.696296296290000005e-01,3.753703703699999839e-01,4.393827160489999772e-01,4.868518518519999727e-01,4.711111111110000138e-01,4.262962962960000213e-01,4.101234567900000072e-01,4.289506172840000242e-01,5.463580246910000326e-01,6.354320987660000419e-01,6.464197530869999486e-01
2.788888888889999862e-01,3.062222222220000178e-01,4.109999999999999765e-01,4.655555555559999781e-01,4.194444444439999753e-01,4.271111111109999747e-01,4.461111111109999916e-01,3.972222222219999876e-01,4.045555555559999794e-01,5.877777777779999990e-01,7.224444444440000224e-01,7.399999999999999911e-01
2.634259259260000041e-01,4.595370370369999957e-01,7.049074074069999751e-01,7.814814814810000509e-01,8.126851851859999698e-01,7.803703703700000105e-01,6.506481481479999829e-01,5.405555555550000113e-01,5.125925925930000515e-01,4.812037037040000076e-01,5.331481481480000451e-01,6.199074074070000107e-01
2.202991452989999932e-01,3.649145299139999743e-01,5.977777777780000079e-01,6.594444444439999664e-01,7.006410256409999482e-01,6.497863247859999580e-01,5.146581196580000128e-01,4.459401709399999914e-01,3.620940170940000202e-01,3.554273504270000217e-01,4.767948717950000193e-01,4.574786324790000025e-01
5.866666666669999586e-01,5.257142857140000292e-01,5.588095238100000417e-01,6.011904761909999673e-01,7.596031746039999533e-01,7.168253968259999942e-01,6.976190476189999545e-01,6.162698412699999517e-01,4.853968253970000202e-01,4.463492063489999939e-01,4.684126984129999838e-01,4.919047619049999875e-01
4.606250000000000067e-01,6.056249999999999689e-01,8.038888888890000084e-01,8.355555555550000513e-01,8.477777777780000079e-01,9.709722222219999699e-01,9.316666666670000430e-01,9.179166666670000030e-01,7.800000000000000266e-01,7.432638888889999684e-01,7.651388888889999462e-01,7.271527777780000257e-01
5.225555555559999732e-01,8.637777777780000221e-01,1.100000000000000089e+00,1.149999999999999911e+00,1.162666666670000071e+00,1.147999999999999909e+00,1.091222222220000093e+00,9.937777777780000266e-01,7.215555555549999500e-01,5.225555555559999732e-01,5.462222222220000090e-01,6.029999999999999805e-01
4.180158730160000169e-01,8.031746031750000014e-01,1.004365079370000080e+00,9.650793650800000290e-01,9.657142857149999537e-01,1.011428571429999979e+00,9.896031746029999576e-01,9.470634920639999788e-01,7.953174603179999913e-01,7.404761904769999736e-01,7.180158730160000058e-01,6.804761904770000314e-01
3.704166666670000163e-01,4.697916666670000074e-01,4.823611111109999960e-01,4.908333333329999992e-01,5.495833333330000237e-01,5.777083333329999792e-01,5.784722222220000099e-01,5.472222222220000099e-01,4.259722222219999854e-01,3.984722222220000165e-01,3.988194444440000264e-01,3.615972222220000254e-01
2.897619047619999777e-01,6.019841269839999454e-01,8.165079365080000207e-01,8.925396825400000456e-01,8.776190476190000034e-01,9.188095238100000284e-01,9.490476190479999463e-01,8.828571428570000101e-01,7.745238095240000176e-01,7.306349206350000181e-01,7.988888888890000040e-01,6.987301587299999950e-01
2.282407407410000089e-01,3.578703703700000238e-01,5.535185185190000245e-01,5.879629629629999910e-01,5.936111111109999561e-01,6.503703703700000061e-01,6.621296296290000161e-01,7.341666666670000341e-01,7.070370370370000490e-01,8.012037037039999587e-01,9.554629629630000398e-01,1.006296296299999948e+00
2.820138888889999751e-01,4.564583333330000103e-01,5.570138888890000528e-01,6.549305555559999936e-01,6.590972222219999566e-01,6.764583333329999837e-01,7.221527777780000212e-01,7.297916666670000163e-01,6.879861111110000538e-01,8.590277777779999901e-01,1.100138888890000111e+00,1.184652777779999999e+00
3.259353741500000123e-01,4.698979591840000136e-01,5.129251700679999804e-01,5.392006802719999659e-01,5.736394557820000406e-01,5.770408163269999946e-01,5.340986394560000017e-01,4.963435374149999801e-01,3.948979591840000025e-01,3.643707482990000135e-01,4.089285714290000207e-01,4.012755102039999855e-01
8.333333333330000814e-03,5.700000000000000205e-02,1.675000000000000100e-01,2.751666666670000150e-01,3.843333333330000157e-01,4.098333333329999828e-01,3.791666666669999963e-01,3.071666666669999879e-01,2.006666666670000043e-01,1.519999999999999962e-01,1.549999999999999989e-01,1.086666666670000059e-01
1.123148148149999970e-01,2.534259259259999952e-01,2.957407407409999855e-01,4.934259259259999864e-01,4.974999999999999978e-01,5.164814814810000376e-01,4.300925925929999782e-01,3.768518518519999860e-01,3.445370370370000046e-01,2.894444444440000264e-01,4.138888888889999951e-01,3.979629629629999887e-01
8.848039215689999792e-02,1.098039215689999987e-01,1.607843137249999887e-01,1.995098039219999897e-01,2.129901960779999881e-01,2.617647058820000150e-01,1.843137254899999966e-01,2.063725490199999901e-01,2.061274509799999877e-01,1.615196078430000126e-01,2.058823529409999908e-01,2.245098039220000119e-01
3.555555555559999914e-01,5.226984126989999702e-01,6.207142857140000025e-01,7.886507936509999928e-01,8.516666666669999719e-01,9.216666666670000341e-01,9.722222222220000543e-01,1.021190476189999918e+00,9.098412698409999999e-01,9.073015873019999455e-01,9.286507936510000061e-01,9.011111111109999516e-01
3.678879310350000043e-01,6.109913793110000046e-01,6.493534482759999449e-01,7.572557471259999673e-01,7.928879310349999932e-01,7.821120689649999624e-01,7.372126436779999903e-01,7.436781609200000531e-01,7.644396551719999655e-01,8.052442528740000327e-01,9.033764367819999697e-01,9.367816091959999536e-01
0.000000000000000000e+00,1.091954022990000023e-01,3.226053639850000043e-01,5.488505747130000278e-01,7.139846743290000353e-01,5.572796934860000384e-01,4.358237547889999841e-01,2.555555555549999802e-01,1.915708812260000053e-04,0.000000000000000000e+00,0.000000000000000000e+00,0.000000000000000000e+00
1.048353909460000011e-01,1.401234567899999894e-01,1.953703703699999905e-01,2.920781893000000129e-01,3.512345679009999944e-01,3.704732510289999725e-01,2.822016460899999801e-01,2.754115226339999833e-01,2.540123456789999956e-01,2.054526748970000039e-01,2.486625514399999903e-01,3.239711934150000250e-01
3.906172839500000049e-01,7.322222222230000410e-01,8.721604938270000051e-01,9.837037037039999543e-01,1.028395061729999949e+00,1.066296296300000002e+00,1.112962962959999969e+00,1.094197530860000045e+00,1.068827160489999928e+00,1.181728395059999936e+00,1.264999999999999902e+00,1.218888888890000022e+00
2.570833333329999859e-01,5.592361111110000227e-01,7.405555555559999448e-01,7.909722222220000321e-01,7.897222222219999477e-01,8.330555555559999714e-01,9.254166666669999541e-01,9.272222222220000143e-01,9.066666666670000208e-01,1.051527777780000061e+00,1.099861111110000067e+00,1.009513888889999933e+00
0.000000000000000000e+00,2.175308641969999901e-01,7.088271604939999637e-01,9.485185185179999534e-01,1.000679012350000008e+00,8.442592592590000278e-01,5.719135802470000085e-01,1.481481481479999954e-03,0.000000000000000000e+00,0.000000000000000000e+00,0.000000000000000000e+00,3.657407407409999922e-01
4.242424242420000241e-02,1.709090909089999999e-01,5.487878787879999498e-01,8.406060606059999607e-01,8.896969696980000508e-01,8.654545454550000017e-01,8.692424242420000446e-01,8.507575757569999508e-01,6.086363636370000219e-01,5.419696969699999700e-01,4.340909090910000101e-01,5.175757575760000506e-01
2.366071428570000121e-02,1.031845238099999978e-01,2.736309523809999922e-01,4.186011904759999736e-01,4.386309523810000277e-01,4.657142857139999759e-01,4.793749999999999956e-01,4.513392857140000047e-01,3.725595238100000151e-01,3.088392857139999892e-01,2.700595238099999795e-01,3.067857142859999886e-01
9.909722222219999321e-02,2.013194444439999897e-01,4.900694444440000241e-01,7.231250000000000178e-01,7.623611111110000227e-01,6.805555555550000246e-01,6.235416666669999497e-01,5.903472222219999788e-01,5.713194444439999575e-01,6.413888888890000306e-01,6.665277777779999857e-01,6.000694444440000108e-01
2.974999999999999867e-01,6.588888888889999906e-01,9.906944444449999887e-01,1.163888888890000084e+00,1.177083333329999926e+00,1.072222222219999965e+00,7.852777777780000079e-01,2.916666666670000071e-03,0.000000000000000000e+00,0.000000000000000000e+00,1.376388888889999995e-01,2.899999999999999800e-01
1.435897435900000130e-01,2.331623931619999923e-01,3.305555555549999913e-01,4.180341880339999983e-01,4.984188034190000227e-01,4.972222222220000210e-01,4.395726495730000183e-01,3.338888888889999795e-01,4.200854700850000234e-01,6.181196581200000262e-01,7.163247863249999625e-01,7.833760683760000454e-01
5.179487179489999926e-02,1.397435897440000019e-01,3.082051282050000118e-01,4.769658119660000195e-01,6.429487179489999926e-01,6.185470085469999546e-01,5.438034188029999827e-01,5.268803418799999916e-01,5.007692307690000399e-01,6.357264957270000183e-01,7.382905982909999665e-01,7.507264957270000094e-01
2.743055555560000025e-01,4.810185185190000157e-01,6.495370370370000535e-01,8.810185185190000379e-01,1.055138888889999960e+00,1.156527777780000044e+00,1.281944444440000108e+00,1.329629629630000087e+00,1.402175925929999956e+00,1.468333333329999935e+00,1.591759259260000059e+00,1.566990740740000110e+00
1.531481481480000129e-01,2.910648148150000170e-01,4.524074074069999729e-01,6.446759259259999819e-01,7.853703703700000149e-01,8.374537037029999853e-01,8.226388888890000528e-01,7.838888888889999906e-01,7.685648148150000525e-01,8.472685185180000023e-01,8.843518518520000482e-01,8.670370370369999691e-01
1.064444444440000026e-01,2.194444444439999919e-01,3.136666666669999937e-01,4.194444444439999753e-01,4.795555555559999905e-01,4.516666666670000052e-01,4.754444444440000250e-01,4.786666666669999737e-01,5.226666666670000128e-01,6.454444444439999540e-01,7.864444444449999461e-01,7.940000000000000391e-01
1.380555555559999925e-01,3.967592592590000189e-01,6.947222222219999743e-01,9.038888888889999862e-01,9.472222222230000099e-01,8.911111111110000538e-01,9.407407407410000033e-01,9.524074074080000063e-01,9.825000000000000400e-01,1.179444444440000073e+00,1.336944444440000046e+00,1.273148148149999992e+00
0.000000000000000000e+00,3.333333333329999842e-02,1.496527777780000124e-01,2.973611111109999983e-01,5.206250000000000044e-01,2.895833333330000148e-01,2.507638888889999751e-01,2.586805555560000025e-01,2.994444444439999797e-01,3.618055555560000247e-01,3.855555555560000180e-01,2.877083333329999992e-01
0.000000000000000000e+00,1.838235294120000099e-02,2.426470588230000142e-02,6.188725490199999818e-02,1.390931372549999989e-01,7.585784313729999895e-02,3.210784313730000172e-02,2.450980392159999850e-04,0.000000000000000000e+00,0.000000000000000000e+00,0.000000000000000000e+00,0.000000000000000000e+00
0.000000000000000000e+00,3.277777777779999901e-01,7.850793650799999801e-01,9.356349206349999781e-01,9.724603174610000345e-01,9.103968253969999536e-01,8.124603174610000034e-01,2.619047619049999845e-03,0.000000000000000000e+00,0.000000000000000000e+00,0.000000000000000000e+00,3.832539682539999881e-01
2.224242424239999960e-01,2.934848484850000050e-01,4.048989898989999725e-01,4.690404040400000252e-01,4.961616161619999965e-01,4.889393939389999888e-01,5.148484848480000542e-01,5.638888888890000173e-01,5.121717171720000517e-01,5.271212121210000490e-01,6.461111111120000361e-01,6.923737373739999867e-01
2.309259259260000030e-01,3.170370370369999802e-01,5.755555555550000424e-01,7.033333333329999659e-01,7.851851851850000230e-01,8.216666666659999674e-01,9.929629629630000176e-01,8.262962962959999880e-01,7.929629629629999510e-01,1.077222222220000081e+00,1.242592592590000100e+00,1.279814814809999923e+00
1.640740740739999870e-01,4.214197530859999929e-01,5.603703703700000371e-01,7.020987654320000049e-01,8.359259259260000130e-01,8.462345679010000454e-01,8.153086419749999703e-01,7.605555555559999625e-01,8.151234567899999783e-01,1.017407407409999909e+00,1.185308641970000076e+00,1.270987654320000049e+00
2.737962962959999969e-01,4.206018518519999971e-01,6.796296296299999540e-01,8.250925925919999626e-01,9.842129629629999821e-01,1.003148148149999974e+00,1.009861111109999987e+00,1.023379629629999954e+00,1.081712962959999969e+00,1.140138888889999924e+00,1.181620370369999895e+00,1.189537037040000023e+00
3.838888888890000239e-01,6.735858585859999526e-01,8.365656565660000155e-01,9.759090909090000210e-01,1.100757575760000107e+00,1.074242424239999938e+00,1.055303030299999945e+00,1.086161616160000065e+00,1.099848484850000085e+00,1.217222222219999983e+00,1.354999999999999982e+00,1.355151515149999986e+00
6.420370370369999913e-01,8.861111111110000493e-01,9.888888888889999507e-01,1.015925925929999973e+00,1.027962962960000004e+00,9.385185185190000334e-01,8.840740740739999604e-01,7.727777777769999634e-01,5.548148148139999680e-01,6.094444444440000330e-01,7.942592592589999834e-01,9.894444444440000375e-01
2.184920634920000104e-01,3.575396825400000145e-01,4.326984126980000234e-01,4.345238095239999931e-01,4.576984126990000235e-01,4.291269841270000107e-01,4.799999999999999822e-01,5.104761904760000135e-01,4.510317460320000249e-01,5.326190476190000300e-01,7.045238095239999554e-01,7.980158730159999658e-01
3.648765432100000150e-01,4.697530864200000211e-01,5.208024691360000347e-01,5.715432098770000247e-01,5.690740740740000136e-01,5.859876543209999733e-01,6.050617283950000536e-01,6.294444444450000287e-01,7.427160493829999544e-01,8.438271604939999726e-01,9.118518518520000171e-01,9.167901234569999502e-01
8.388888888890000395e-02,2.638888888889999729e-01,3.266666666670000052e-01,3.855555555560000180e-01,6.466666666670000119e-01,5.655555555560000114e-01,4.866666666669999808e-01,3.400000000000000244e-01,2.194444444439999919e-01,2.722222222219999876e-01,3.044444444439999842e-01,4.388888888890000173e-01
4.874444444439999802e-01,8.482222222220000551e-01,1.162333333330000107e+00,1.206777777779999949e+00,1.190222222220000070e+00,1.153333333329999988e+00,1.063111111110000007e+00,1.035888888889999970e+00,1.047444444439999955e+00,1.003777777780000102e+00,1.130222222220000017e+00,1.049888888889999983e+00
3.952083333329999837e-01,7.688194444439999664e-01,9.863888888890000040e-01,1.050555555559999910e+00,1.044930555559999918e+00,1.033125000000000071e+00,1.007152777780000008e+00,9.984027777780000168e-01,8.928472222219999699e-01,8.081249999999999822e-01,9.627777777779999990e-01,9.475000000000000089e-01
2.030158730159999925e-01,5.083333333330000148e-01,7.953174603179999913e-01,8.439682539689999929e-01,8.565079365079999452e-01,8.084920634919999793e-01,7.718253968260000430e-01,6.826984126990000012e-01,5.539682539679999795e-01,4.669047619050000208e-01,5.287301587299999550e-01,6.019841269839999454e-01
2.405555555549999946e-01,5.658641975310000349e-01,7.121604938269999741e-01,7.822222222219999965e-01,8.723456790119999971e-01,8.364814814809999888e-01,7.479629629630000220e-01,7.490123456789999912e-01,6.722839506169999702e-01,5.772839506169999968e-01,6.597530864199999678e-01,7.287037037039999499e-01
3.033333333329999992e-01,4.198148148149999925e-01,6.912962962959999791e-01,9.045370370380000358e-01,1.037685185189999970e+00,1.013518518519999967e+00,8.535185185189999579e-01,7.231481481479999918e-01,7.566666666669999985e-01,8.064814814820000510e-01,9.975000000010000312e-01,9.425925925929999893e-01
3.455555555550000046e-01,5.435185185180000378e-01,8.483333333329999837e-01,9.464814814809999755e-01,8.757407407399999677e-01,9.583333333329999704e-01,8.398148148139999991e-01,7.885185185180000333e-01,8.855555555549999847e-01,9.625925925920000292e-01,1.020185185179999898e+00,8.827777777780000390e-01
2.376388888890000051e-01,6.492361111109999916e-01,8.731250000000000400e-01,9.008333333329999748e-01,9.425000000000000044e-01,9.822222222219999521e-01,9.114583333329999704e-01,8.237499999999999822e-01,7.162500000000000533e-01,4.981249999999999845e-01,5.200000000000000178e-01,5.336805555560000247e-01
5.143888888890000288e-01,8.183888888889999658e-01,7.291111111110000209e-01,7.380555555559999981e-01,9.014444444439999593e-01,1.000999999999999890e+00,9.949444444439999868e-01,8.471111111110000147e-01,5.496111111110000280e-01,4.214999999999999858e-01,5.503333333330000521e-01,5.072777777779999830e-01
3.333333333329999842e-03,6.969696969700000036e-03,5.262626262629999802e-02,1.129797979800000046e-01,1.266666666669999941e-01,1.481313131310000031e-01,1.759090909090000043e-01,2.679292929289999736e-01,3.051515151509999746e-01,3.171212121209999735e-01,3.460101010100000152e-01,3.813636363640000027e-01
1.031851851850000001e-01,1.854814814809999934e-01,3.159259259259999952e-01,4.958148148150000045e-01,7.834074074069999893e-01,8.585185185189999624e-01,7.338148148149999939e-01,6.728518518520000269e-01,6.093333333329999935e-01,6.409259259259999508e-01,7.797407407409999713e-01,8.254814814819999569e-01
3.033950617280000150e-01,4.429629629629999732e-01,4.554938271599999755e-01,5.379629629629999465e-01,7.214197530870000152e-01,8.502469135800000410e-01,8.040740740740000003e-01,7.102469135800000277e-01,5.662962962959999791e-01,5.843209876539999792e-01,7.449999999999999956e-01,7.962962962959999613e-01
5.351851851850000230e-01,5.824074074070000329e-01,5.574074074070000107e-01,6.962962962959999835e-01,8.424074074070000417e-01,8.985185185180000200e-01,9.077777777779999502e-01,8.477777777780000079e-01,7.270370370369999558e-01,6.972222222220000321e-01,8.303703703700000549e-01,9.655555555549999447e-01
6.398692810469999714e-02,1.366993464050000051e-01,3.021568627449999767e-01,4.921895424839999866e-01,7.363398692810000368e-01,8.466339869279999597e-01,8.303921568630000527e-01,7.653921568629999950e-01,7.995424836600000251e-01,9.150980392159999699e-01,9.641503267969999680e-01,9.069281045749999493e-01
2.538194444440000086e-01,4.781250000000000222e-01,8.399999999999999689e-01,1.252777777779999990e+00,1.551111111109999996e+00,1.624097222220000081e+00,1.285902777780000061e+00,1.094444444440000108e+00,1.242777777779999981e+00,1.448888888890000004e+00,1.558124999999999982e+00,1.506597222219999921e+00
1.787777777779999966e-01,4.674444444440000179e-01,6.583333333330000370e-01,7.550000000000000044e-01,6.812222222220000178e-01,4.683333333329999792e-01,2.232222222219999996e-01,1.132222222219999991e-01,6.033333333330000159e-02,2.077777777779999877e-02,1.544444444439999932e-02,4.731111111110000156e-01
2.385185185179999889e-01,4.662962962960000013e-01,5.437037037040000076e-01,7.527777777780000346e-01,7.725925925919999715e-01,7.038888888890000306e-01,6.553703703700000105e-01,5.490740740739999959e-01,4.020370370370000002e-01,3.398148148149999770e-01,4.981481481480000140e-01,7.496296296300000161e-01
1.585185185190000068e-01,3.127777777779999768e-01,3.172222222220000276e-01,3.732407407409999989e-01,4.484259259260000019e-01,4.977777777779999746e-01,5.277777777779999457e-01,5.256481481479999829e-01,3.737037037040000231e-01,3.285185185180000134e-01,5.051851851849999964e-01,5.583333333329999482e-01
2.285185185190000134e-01,4.012037037039999920e-01,4.729629629629999998e-01,5.597222222219999654e-01,6.300000000000000044e-01,5.788888888890000306e-01,5.722222222220000321e-01,5.442592592589999834e-01,4.763888888889999951e-01,4.580555555549999935e-01,4.331481481480000117e-01,4.550925925930000004e-01
9.111111111109999883e-02,1.950000000000000067e-01,2.513888888890000173e-01,3.619444444439999797e-01,5.045833333329999837e-01,4.723611111109999872e-01,4.001388888890000106e-01,3.106944444440000175e-01,3.704166666670000163e-01,6.008333333330000414e-01,6.898611111110000138e-01,6.855555555550000291e-01
2.044444444440000064e-01,3.269444444440000042e-01,5.358333333329999837e-01,6.983333333329999615e-01,6.433333333330000237e-01,5.849999999999999645e-01,4.488888888890000262e-01,3.977777777779999968e-01,5.244444444439999575e-01,7.422222222219999610e-01,1.076944444440000037e+00,1.177499999999999991e+00
1.213793103450000049e-01,2.288505747129999934e-01,4.474712643679999990e-01,4.924137931029999860e-01,4.695402298849999934e-01,4.131034482759999849e-01,3.810344827589999817e-01,4.088505747130000145e-01,4.251724137930000258e-01,4.089655172409999984e-01,5.865517241380000524e-01,6.954022988510000225e-01
2.118888888890000100e-01,3.375000000000000222e-01,4.148888888889999960e-01,4.595555555559999727e-01,4.688333333329999797e-01,4.649444444440000157e-01,5.112222222219999779e-01,5.061111111110000449e-01,4.493888888890000266e-01,5.046666666669999968e-01,6.398333333329999650e-01,6.600555555549999509e-01
1.086111111109999972e-01,2.355555555559999958e-01,4.250925925929999738e-01,6.512962962960000546e-01,7.012962962959999880e-01,6.962037037039999765e-01,6.537037037039999943e-01,5.962037037030000208e-01,6.645370370369999558e-01,7.654629629629999821e-01,8.497222222220000010e-01,9.312962962969999481e-01
2.671428571430000121e-01,3.988095238089999772e-01,4.826190476189999856e-01,5.955555555560000380e-01,6.049999999999999822e-01,5.525396825399999656e-01,5.724603174610000123e-01,4.766666666670000274e-01,4.034126984129999816e-01,4.507142857140000181e-01,6.058730158730000204e-01,6.323809523810000055e-01
5.457638888889999595e-01,7.263194444439999842e-01,9.284027777779999546e-01,9.515972222220000498e-01,9.747916666670000119e-01,9.347222222230000543e-01,8.886111111109999960e-01,7.868055555559999581e-01,8.295138888890000173e-01,7.940277777780000434e-01,8.514583333330000281e-01,8.227777777779999857e-01
2.542222222220000272e-01,4.666666666670000185e-01,7.674444444439999513e-01,8.747777777780000319e-01,8.811111111110000449e-01,9.238888888890000040e-01,8.128888888890000164e-01,8.158888888890000191e-01,7.005555555560000203e-01,8.111111111109999827e-01,8.645555555560000549e-01,7.706666666670000110e-01
4.625000000000000222e-01,6.480555555560000291e-01,9.558333333330000237e-01,1.026111111110000085e+00,1.121388888890000102e+00,9.761111111110000182e-01,9.952777777779999724e-01,9.955555555559999492e-01,1.003611111109999898e+00,9.869444444449999576e-01,1.127777777779999990e+00,9.747222222220000010e-01
1.799206349209999944e-01,2.729365079359999946e-01,3.638095238099999795e-01,3.247222222219999788e-01,4.415873015869999918e-01,4.765873015870000229e-01,4.268650793650000108e-01,3.355952380950000258e-01,1.811507936510000083e-01,2.401190476189999923e-01,2.426190476189999945e-01,2.469444444439999886e-01
1.853703703700000094e-01,2.732716049380000123e-01,4.109259259260000241e-01,4.043827160490000017e-01,4.338888888890000128e-01,5.008641975309999772e-01,4.356172839499999894e-01,3.736419753079999739e-01,2.312962962959999869e-01,2.009876543209999922e-01,2.090123456790000112e-01,1.690123456790000034e-01
2.519444444439999931e-01,4.302777777780000257e-01,6.902777777780000346e-01,7.748611111109999783e-01,8.497222222220000010e-01,7.820833333329999526e-01,5.170833333330000503e-01,1.666666666670000045e-03,0.000000000000000000e+00,0.000000000000000000e+00,6.562500000000000000e-01,9.947222222220000187e-01
2.433333333330000015e-01,3.824074074070000218e-01,4.834259259259999775e-01,6.411111111110000538e-01,6.536111111110000094e-01,6.314814814810000287e-01,5.925000000000000266e-01,5.800925925929999449e-01,6.261111111110000405e-01,6.229629629630000220e-01,7.302777777779999591e-01,8.501851851859999476e-01
5.595061728389999489e-01,7.088888888890000350e-01,6.460493827159999869e-01,4.796296296299999984e-01,6.530864197529999693e-01,6.577777777779999502e-01,5.754320987650000108e-01,3.665432098770000091e-01,0.000000000000000000e+00,0.000000000000000000e+00,3.209876543210000294e-02,7.530864197530000304e-02
3.529999999999999805e-01,5.390000000000000346e-01,4.938888888890000106e-01,5.424444444439999735e-01,6.572222222219999965e-01,6.830000000000000515e-01,6.685555555559999918e-01,7.132222222220000463e-01,7.148888888890000404e-01,6.115555555560000522e-01,5.385555555559999874e-01,4.823333333329999917e-01
3.157407407410000033e-01,5.703703703700000460e-01,8.196296296289999894e-01,9.658333333330000325e-01,9.356481481480000140e-01,9.728703703709999928e-01,8.925925925929999449e-01,7.995370370369999646e-01,7.063888888889999773e-01,5.687962962960000368e-01,5.818518518519999461e-01,6.555555555550000024e-01
3.278472222220000232e-01,8.136805555560000514e-01,1.014097222219999983e+00,1.079722222220000027e+00,1.039722222219999992e+00,1.012083333329999890e+00,9.560416666669999675e-01,8.713194444440000019e-01,7.649305555559999803e-01,5.910416666669999763e-01,6.422916666669999941e-01,7.051388888890000040e-01
3.243888888890000266e-01,5.773333333329999650e-01,6.843333333329999491e-01,7.657777777780000461e-01,8.367222222219999894e-01,8.497777777780000097e-01,8.171111111109999880e-01,7.769444444440000153e-01,6.075000000000000400e-01,5.410555555560000451e-01,5.911666666670000181e-01,5.594444444439999886e-01
2.347916666669999930e-01,4.224999999999999867e-01,5.966666666669999675e-01,8.030555555559999448e-01,8.015277777779999946e-01,8.536111111109999650e-01,8.096527777780000434e-01,7.377083333330000103e-01,6.973611111109999650e-01,6.590277777780000346e-01,7.036111111110000538e-01,7.630555555550000424e-01
2.095061728389999989e-01,3.496296296290000161e-01,4.454938271600000221e-01,4.874074074070000040e-01,5.102469135799999611e-01,5.421604938270000451e-01,5.354938271610000244e-01,5.771604938269999652e-01,5.456172839509999539e-01,5.733950617280000328e-01,5.857407407410000211e-01,5.637037037040000254e-01
3.245833333329999904e-01,6.160416666669999985e-01,7.045138888890000173e-01,7.784027777780000434e-01,7.816666666670000208e-01,8.327083333329999837e-01,9.172222222220000054e-01,8.843750000000000222e-01,8.381944444450000198e-01,8.581250000000000266e-01,8.100000000000000533e-01,7.597916666670000430e-01
4.055000000000000271e-01,6.078333333330000476e-01,7.140555555549999989e-01,8.007777777779999662e-01,8.412222222220000489e-01,8.805555555549999802e-01,8.300555555559999688e-01,7.308888888890000546e-01,6.003888888889999942e-01,6.280000000000000027e-01,6.546666666670000190e-01,6.809444444440000410e-01
2.050793650789999867e-01,3.822222222219999743e-01,6.165079365079999540e-01,6.661904761910000250e-01,7.036507936510000283e-01,7.585714285710000171e-01,5.124603174609999590e-01,1.507936507940000042e-03,0.000000000000000000e+00,0.000000000000000000e+00,2.466666666669999897e-01,6.796825396829999644e-01
3.536111111110000205e-01,4.724074074069999907e-01,7.767592592590000233e-01,8.396296296290000072e-01,9.499074074069999707e-01,9.791666666670000296e-01,8.054629629630000176e-01,7.529629629630000265e-01,7.373148148150000525e-01,7.250925925929999627e-01,8.506481481480000495e-01,8.437962962959999480e-01
7.104938271600000355e-02,1.138271604940000042e-01,1.361111111109999938e-01,1.701234567899999883e-01,2.576543209869999740e-01,2.523456790120000015e-01,1.404938271600000010e-01,2.469135802469999970e-04,0.000000000000000000e+00,0.000000000000000000e+00,6.413580246910000060e-02,2.230864197530000037e-01
2.406597222219999943e-01,5.022569444440000419e-01,7.028124999999999512e-01,7.731597222220000232e-01,8.316319444440000153e-01,8.234722222220000054e-01,8.149999999999999467e-01,8.213541666660000296e-01,6.639930555549999891e-01,4.520486111109999761e-01,3.546180555560000114e-01,2.865624999999999978e-01
1.691666666670000041e-01,3.332638888889999929e-01,5.034027777780000212e-01,5.927777777780000035e-01,7.204861111110000271e-01,6.495833333330000015e-01,4.572916666669999963e-01,1.250000000000000026e-03,0.000000000000000000e+00,0.000000000000000000e+00,3.826388888889999812e-02,1.046527777780000001e-01
0.000000000000000000e+00,1.251851851849999919e-01,3.775925925920000092e-01,4.607407407410000211e-01,5.777777777779999901e-01,6.640740740739999870e-01,4.503703703699999950e-01,7.407407407410000451e-04,0.000000000000000000e+00,0.000000000000000000e+00,2.846296296290000138e-01,4.418518518519999883e-01
5.586111111110000360e-01,6.973888888889999693e-01,7.880555555560000425e-01,8.716111111109999809e-01,9.313333333329999464e-01,9.498888888890000270e-01,1.002944444439999971e+00,1.047888888889999981e+00,9.748333333330000405e-01,9.899999999999999911e-01,1.081222222220000084e+00,1.109333333329999949e+00
1.165151515149999983e-01,2.346969696969999908e-01,3.281818181819999847e-01,3.968181818179999931e-01,4.355555555560000069e-01,4.108585858589999806e-01,3.430303030299999834e-01,3.258080808080000002e-01,3.002020202019999862e-01,3.196969696970000108e-01,5.219191919190000473e-01,6.638888888889999951e-01
4.560185185189999935e-01,7.850925925930000160e-01,8.982407407410000211e-01,8.922222222219999832e-01,8.796296296290000427e-01,9.230555555549999625e-01,8.544444444440000286e-01,8.425000000000000266e-01,6.262962962960000324e-01,5.925925925930000115e-01,7.771296296299999851e-01,9.047222222220000498e-01
1.340000000000000080e-01,2.954444444439999762e-01,4.844444444439999775e-01,5.291111111109999543e-01,5.232222222219999885e-01,5.636666666670000492e-01,5.305555555550000024e-01,3.567777777780000159e-01,3.022222222220000143e-01,4.207777777780000172e-01,6.560000000000000275e-01,7.254444444450000029e-01
1.987179487179999982e-01,4.384615384610000000e-01,6.597435897429999585e-01,7.515811965809999773e-01,7.698717948719999704e-01,6.918376068379999966e-01,6.508547008549999680e-01,5.605555555560000069e-01,4.423931623929999724e-01,5.669658119660000439e-01,9.521367521369999976e-01,1.041025641030000060e+00
2.918518518520000216e-01,4.219444444450000109e-01,4.870370370370000201e-01,5.029629629630000265e-01,4.887962962960000213e-01,5.656481481480000184e-01,5.993518518520000171e-01,6.650000000000000355e-01,6.173148148149999459e-01,6.402777777779999901e-01,8.134259259260000485e-01,8.941666666669999541e-01
1.215833333330000043e-01,3.383333333329999748e-01,5.136666666670000048e-01,5.506666666670000376e-01,5.548333333330000006e-01,5.652500000000000302e-01,5.056666666669999977e-01,4.736666666670000247e-01,4.122500000000000053e-01,4.525000000000000133e-01,6.444999999999999618e-01,7.860000000000000320e-01
3.114197530860000063e-01,4.200617283950000003e-01,6.140123456789999823e-01,6.940123456790000533e-01,7.814814814810000509e-01,7.558641975309999816e-01,7.809876543210000355e-01,7.920370370370000135e-01,8.682098765429999698e-01,1.022407407410000024e+00,1.048765432099999950e+00,1.106913580250000084e+00
1.845959595960000033e-01,4.593434343430000122e-01,7.571212121220000091e-01,8.380303030310000123e-01,7.832828282829999988e-01,7.727272727280000142e-01,7.861616161619999765e-01,6.710101010100000263e-01,5.718686868690000535e-01,6.194949494949999469e-01,7.920707070710000242e-01,1.010252525250000089e+00
1.468981481480000073e-01,3.387499999999999956e-01,5.839814814820000199e-01,7.794907407409999989e-01,7.757870370370000268e-01,6.686111111110000227e-01,5.764351851850000319e-01,4.707407407409999744e-01,4.105092592590000034e-01,4.153703703700000194e-01,7.073611111109999738e-01,9.489351851849999742e-01
1.880131362889999880e-01,3.211822660099999949e-01,5.428571428570000412e-01,5.637110016420000536e-01,6.399835796389999887e-01,6.239737274219999685e-01,6.173234811169999725e-01,5.874384236449999852e-01,6.160919540229999880e-01,6.373563218390000396e-01,6.743842364530000522e-01,8.176518883419999772e-01
2.261904761899999894e-01,2.784893267649999893e-01,3.282430213459999746e-01,3.598522167489999757e-01,4.625615763550000037e-01,3.963875205249999811e-01,3.193760262720000132e-01,3.584564860430000111e-01,3.533661740560000153e-01,3.697044334969999957e-01,5.353037766829999988e-01,6.128899835800000195e-01
5.636507936510000150e-01,9.121031746030000553e-01,9.798412698409999511e-01,1.014841269840000004e+00,1.072460317460000034e+00,1.087738095239999980e+00,1.034047619050000089e+00,9.873015873020000166e-01,9.351587301589999734e-01,7.689682539679999485e-01,8.691269841269999574e-01,8.268253968259999809e-01
1.264197530860000085e-01,3.922222222219999832e-01,7.882098765430000098e-01,9.559259259260000086e-01,9.396296296289999850e-01,8.901234567900000449e-01,8.261111111109999960e-01,7.451234567900000272e-01,6.122839506170000279e-01,6.504938271600000377e-01,7.108024691359999814e-01,6.856172839509999672e-01
1.499999999999999944e-01,4.704761904759999780e-01,8.326190476189999634e-01,9.132539682539999593e-01,8.049206349209999667e-01,8.453968253970000069e-01,7.722222222229999655e-01,6.666666666670000296e-01,6.173015873020000210e-01,5.204761904760000224e-01,5.088095238099999973e-01,5.003968253970000335e-01
4.151851851849999719e-02,8.707407407400000188e-02,1.650370370370000117e-01,2.518148148150000099e-01,3.155185185180000018e-01,4.167777777780000137e-01,4.883333333329999970e-01,4.868518518519999727e-01,5.300370370370000028e-01,5.802592592590000153e-01,6.304074074069999645e-01,6.262962962960000324e-01
1.174444444439999985e-01,2.138888888890000117e-01,3.741111111109999832e-01,5.158888888889999746e-01,7.311111111110000227e-01,7.878888888889999942e-01,6.783333333340000326e-01,6.326666666669999994e-01,7.615555555549999855e-01,9.425555555550000353e-01,1.270777777780000006e+00,1.320555555559999927e+00
1.530555555560000058e-01,2.256249999999999922e-01,4.047222222219999943e-01,5.200000000000000178e-01,5.370833333329999570e-01,5.661111111109999872e-01,4.600000000000000200e-01,3.847916666669999874e-01,3.961805555560000136e-01,4.563888888889999773e-01,6.004861111110000316e-01,6.523611111110000360e-01
1.259722222219999965e-01,2.315277777779999879e-01,4.757638888890000084e-01,7.546527777779999946e-01,8.050000000000000488e-01,8.652777777779999679e-01,8.104861111109999960e-01,6.031250000000000222e-01,5.540277777780000523e-01,5.675694444440000375e-01,6.718055555549999891e-01,7.834027777780000479e-01
7.744444444449999354e-02,1.354444444440000006e-01,3.128888888890000164e-01,4.124444444440000246e-01,3.984444444440000122e-01,4.418888888890000199e-01,3.096666666669999901e-01,2.977777777780000190e-01,3.127777777779999768e-01,3.471111111110000147e-01,3.974444444440000113e-01,3.664444444450000171e-01
0.000000000000000000e+00,0.000000000000000000e+00,0.000000000000000000e+00,0.000000000000000000e+00,0.000000000000000000e+00,0.000000000000000000e+00,0.000000000000000000e+00,0.000000000000000000e+00,0.000000000000000000e+00,0.000000000000000000e+00,0.000000000000000000e+00,0.000000000000000000e+00
4.430952380950000102e-01,5.503174603179999957e-01,6.486507936509999794e-01,7.709523809530000049e-01,7.954761904770000225e-01,7.899206349209999534e-01,7.565079365079999674e-01,6.794444444439999842e-01,5.574603174600000211e-01,5.368253968249999675e-01,7.756349206349999470e-01,8.514285714289999696e-01
3.980000000000000204e-01,5.651111111109999863e-01,6.166666666669999852e-01,6.637777777779999555e-01,6.851111111109999818e-01,6.807777777779999706e-01,6.979999999999999538e-01,5.994444444440000241e-01,5.558888888890000102e-01,6.455555555559999714e-01,8.947777777780000497e-01,1.071111111110000014e+00
3.720370370369999735e-01,5.111728395060000096e-01,6.391358024690000361e-01,7.274691358029999888e-01,8.592592592590000411e-01,8.410493827160000491e-01,7.403086419750000147e-01,6.401234567900000449e-01,4.444444444439999975e-01,4.415432098759999868e-01,5.619135802469999996e-01,5.979012345680000395e-01
3.557638888890000128e-01,4.952777777779999724e-01,6.110416666669999941e-01,6.681249999999999689e-01,7.336805555550000024e-01,7.337500000000000133e-01,6.940972222219999876e-01,6.049999999999999822e-01,4.560416666670000230e-01,3.959722222220000143e-01,5.242361111109999916e-01,4.941666666669999874e-01
5.007142857140000070e-01,6.389682539690000329e-01,6.824603174609999989e-01,7.292857142859999753e-01,7.619841269839999764e-01,7.384920634920000282e-01,7.197619047619999710e-01,6.648412698419999822e-01,5.627777777779999768e-01,5.324603174599999988e-01,5.476190476190000433e-01,4.527777777779999901e-01
4.715740740739999826e-01,6.920370370370000357e-01,8.211111111109999916e-01,7.944444444439999753e-01,7.602777777779999857e-01,8.337037037040000431e-01,7.985185185190000201e-01,7.523148148149999548e-01,6.422222222219999832e-01,5.702777777780000390e-01,5.551851851850000408e-01,4.848148148149999948e-01
7.413580246909999560e-02,2.416666666660000073e-01,5.705555555560000158e-01,7.817283950619999811e-01,7.982098765430000187e-01,8.589506172840000175e-01,7.998148148150000525e-01,6.804938271599999533e-01,5.443827160490000150e-01,4.453703703699999905e-01,4.835185185179999845e-01,5.441358024689999517e-01
7.967592592599999357e-02,1.653703703699999916e-01,3.512037037040000031e-01,5.775000000000000133e-01,6.893981481480000451e-01,7.383333333329999970e-01,6.720833333329999659e-01,5.619907407409999722e-01,3.534722222219999765e-01,2.368518518520000005e-01,2.656018518520000260e-01,2.848148148149999836e-01
2.669444444449999843e-01,6.116666666669999808e-01,8.877314814810000065e-01,9.381944444440000197e-01,1.009074074069999938e+00,1.008101851850000008e+00,9.534259259259999508e-01,8.910648148149999948e-01,8.182407407409999500e-01,7.991666666669999808e-01,8.171759259259999686e-01,8.443981481479999607e-01
2.282407407410000089e-01,4.452777777779999835e-01,6.501851851850000141e-01,7.256481481480000495e-01,8.434259259259999642e-01,8.193518518519999905e-01,7.533333333330000103e-01,4.402777777779999790e-01,3.912037037039999832e-01,4.285185185179999912e-01,4.997222222220000232e-01,7.735185185189999979e-01
4.091954022989999773e-01,5.018678160920000408e-01,6.533045977010000227e-01,7.383620689659999847e-01,7.465517241379999724e-01,7.150862068969999763e-01,7.403735632179999637e-01,5.879310344829999924e-01,4.948275862070000142e-01,8.129310344829999702e-01,9.014367816089999819e-01,1.022701149430000012e+00
6.404444444439999495e-01,7.771111111109999525e-01,5.871111111110000058e-01,5.608888888890000146e-01,8.068888888890000111e-01,9.048888888889999871e-01,8.507777777780000106e-01,6.691111111109999676e-01,5.846666666669999568e-01,5.131111111110000511e-01,4.903333333329999988e-01,4.322222222220000187e-01
5.173611111110000271e-01,7.769444444440000153e-01,8.225000000000000089e-01,7.486111111109999827e-01,7.488888888889999595e-01,7.940277777780000434e-01,7.011111111109999960e-01,6.152777777779999679e-01,5.224999999999999645e-01,4.416666666669999963e-01,4.301388888889999818e-01,3.787499999999999756e-01
1.674444444440000013e-01,3.927777777779999924e-01,6.996666666669999479e-01,8.122222222220000232e-01,8.222222222220000321e-01,7.404444444440000384e-01,6.746666666670000367e-01,6.254444444440000472e-01,5.937777777780000044e-01,7.258888888890000501e-01,7.696666666670000101e-01,7.272222222219999477e-01
2.625000000000000111e-01,6.251851851849999919e-01,8.601851851849999786e-01,9.316666666670000430e-01,9.429629629629999732e-01,8.182407407409999500e-01,8.051851851850000408e-01,8.249074074079999486e-01,7.554629629629999732e-01,7.806481481489999652e-01,8.368518518519999505e-01,7.707407407409999633e-01
2.815873015870000162e-01,5.411904761910000250e-01,7.907142857150000204e-01,9.812698412700000539e-01,1.052857142859999984e+00,1.006746031750000103e+00,1.000317460320000018e+00,1.053571428569999968e+00,9.892063492070000130e-01,1.079761904760000002e+00,1.210873015870000069e+00,1.153888888890000075e+00
2.770634920630000164e-01,4.853174603179999935e-01,6.635714285720000216e-01,7.280158730160000147e-01,7.519841269839999676e-01,7.287301587300000216e-01,7.276190476189999812e-01,7.656349206350000491e-01,8.030952380960000303e-01,8.267460317460000319e-01,9.051587301589999468e-01,8.836507936509999661e-01
2.381944444440000086e-01,5.386111111110000182e-01,7.698611111109999738e-01,9.202083333330000059e-01,9.231944444440000064e-01,8.613888888890000040e-01,8.915277777779999635e-01,8.608333333330000503e-01,7.281250000000000222e-01,6.777777777779999679e-01,9.119444444450000020e-01,1.009027777780000079e+00
1.121111111110000003e-01,2.532222222220000263e-01,3.506666666670000265e-01,4.054444444440000184e-01,4.543333333330000223e-01,4.742222222220000005e-01,5.193333333330000245e-01,4.704444444440000206e-01,3.784444444439999944e-01,2.473333333330000050e-01,4.208888888890000013e-01,5.185555555559999696e-01
6.092592592590000411e-01,9.164814814809999488e-01,1.056666666669999977e+00,1.195925925929999911e+00,1.186296296300000108e+00,1.066296296300000002e+00,1.115740740739999959e+00,1.202037037039999978e+00,1.170185185180000031e+00,1.063333333329999908e+00,1.089074074070000009e+00,1.226296296299999922e+00
4.565432098760000001e-01,6.322222222219999743e-01,7.840123456790000223e-01,9.028395061730000171e-01,8.987654320989999501e-01,8.987037037039999898e-01,9.259876543210000532e-01,9.237654320989999723e-01,8.560493827159999514e-01,8.292592592590000145e-01,8.496913580249999542e-01,8.731481481480000140e-01
3.488888888889999929e-01,9.558888888890000324e-01,1.126666666670000039e+00,1.122333333330000071e+00,9.908888888889999524e-01,1.033555555560000005e+00,1.007888888889999945e+00,9.182222222220000063e-01,7.807777777779999484e-01,6.510000000000000231e-01,6.904444444439999939e-01,6.151111111110000307e-01
1.631944444439999975e-01,3.666666666669999852e-01,5.418749999999999956e-01,5.811805555550000335e-01,5.537499999999999645e-01,5.870138888889999684e-01,5.806944444439999797e-01,3.848611111110000205e-01,7.638888888900000193e-04,0.000000000000000000e+00,3.240277777780000146e-01,7.293055555559999625e-01
1.672222222220000054e-01,5.762222222220000356e-01,7.685555555549999918e-01,8.928888888889999764e-01,8.677777777780000257e-01,7.875555555559999865e-01,8.775555555559999554e-01,8.428888888890000430e-01,9.020000000000000240e-01,8.877777777780000434e-01,9.843333333329999935e-01,9.454444444439999984e-01
7.173611111109999550e-02,2.586805555560000025e-01,6.411111111110000538e-01,9.445138888890000084e-01,9.416666666659999629e-01,9.264583333329999837e-01,6.810416666669999453e-01,4.791666666669999741e-02,2.986111111109999994e-02,2.993055555560000108e-02,2.923611111109999938e-02,7.845138888889999773e-01
1.320370370370000102e-01,5.012962962960000324e-01,7.990740740739999959e-01,1.074629629629999972e+00,1.143703703699999963e+00,1.095740740739999941e+00,9.870370370359999868e-01,8.675925925919999449e-01,7.827777777779999502e-01,9.244444444439999797e-01,1.212222222220000090e+00,1.479074074069999911e+00
1.932638888890000073e-01,3.509027777779999968e-01,4.811111111110000227e-01,5.893055555559999492e-01,6.724999999999999867e-01,7.004861111110000094e-01,6.686111111110000227e-01,6.229166666669999630e-01,5.263888888890000395e-01,4.611111111110000049e-01,5.224999999999999645e-01,5.557638888889999684e-01
3.312499999999999889e-01,6.306018518520000171e-01,8.488888888890000484e-01,9.987962962959999746e-01,1.061527777780000070e+00,1.032499999999999973e+00,1.072870370369999993e+00,1.083425925930000089e+00,1.039120370370000046e+00,9.850462962960000457e-01,1.047685185189999979e+00,1.082453703699999936e+00
8.291666666670000074e-02,2.162962962960000013e-01,4.834259259259999775e-01,7.803240740739999515e-01,9.062037037040000520e-01,8.118055555559999803e-01,7.682407407410000166e-01,6.825462962960000546e-01,5.487962962969999969e-01,4.056018518519999838e-01,4.259722222219999854e-01,4.680555555559999803e-01
5.805555555550000191e-02,1.599444444439999946e-01,4.056111111110000111e-01,5.198333333329999695e-01,6.166666666669999852e-01,5.664444444439999948e-01,5.486111111110000271e-01,4.802222222220000059e-01,3.453333333329999810e-01,2.854999999999999760e-01,3.656666666669999843e-01,4.876111111109999730e-01
1.182407407409999944e-01,3.206481481480000229e-01,6.052777777779999591e-01,6.726851851849999786e-01,6.353703703699999927e-01,5.932407407409999722e-01,6.073148148150000480e-01,6.068518518519999683e-01,6.032407407409999811e-01,6.323148148149999592e-01,6.517592592590000233e-01,6.245370370370000312e-01
2.341954022990000092e-02,5.272988505750000193e-02,6.954022988510000225e-02,1.630747126440000028e-01,1.548850574710000094e-01,1.349137931030000015e-01,7.557471264369999830e-02,1.436781609200000109e-04,0.000000000000000000e+00,0.000000000000000000e+00,8.994252873560000527e-02,2.030172413790000130e-01
3.411111111109999677e-02,1.058333333330000042e-01,2.673888888889999760e-01,4.982222222220000218e-01,6.191666666670000430e-01,7.028888888890000297e-01,7.241666666670000252e-01,7.250555555559999865e-01,6.363333333330000174e-01,5.170555555560000238e-01,5.258888888889999835e-01,4.715555555559999834e-01
1.769444444440000097e-01,1.895138888890000040e-01,3.933333333330000237e-01,5.341666666669999675e-01,5.892361111110000493e-01,5.550694444439999709e-01,4.157638888890000106e-01,1.250000000000000026e-03,0.000000000000000000e+00,0.000000000000000000e+00,9.347222222220000210e-02,3.467361111110000005e-01
2.046913580249999920e-01,3.786419753079999784e-01,5.348765432099999995e-01,6.312345679009999655e-01,7.041975308640000542e-01,5.908641975309999461e-01,5.942592592590000278e-01,5.982098765429999521e-01,6.531481481480000406e-01,9.243209876550000370e-01,1.035432098770000087e+00,1.003148148149999974e+00
1.440613026819999865e-01,2.900383141760000116e-01,3.480842911879999946e-01,4.107279693479999882e-01,5.628352490419999965e-01,4.637931034480000103e-01,5.597701149420000188e-01,7.034482758619999831e-01,9.557471264369999941e-01,1.065900383140000018e+00,1.103256704979999947e+00,1.004980842910000005e+00
1.574444444439999924e-01,6.723333333330000494e-01,9.328888888890000120e-01,9.100000000000000311e-01,9.138888888889999951e-01,7.725555555559999732e-01,7.292222222219999495e-01,6.420000000000000151e-01,5.040000000000000036e-01,3.634444444439999811e-01,4.164444444439999726e-01,5.077777777780000390e-01
2.019444444450000098e-01,3.807407407410000055e-01,6.642592592589999789e-01,7.581481481480000229e-01,7.539814814819999489e-01,8.109259259259999908e-01,5.829629629629999865e-01,5.171296296289999983e-01,4.044444444440000175e-01,4.276851851849999830e-01,5.810185185189999935e-01,6.599074074070000462e-01
2.758585858590000273e-01,3.831818181819999780e-01,5.281818181820000513e-01,5.857070707070000104e-01,6.502525252530000355e-01,7.104040404039999590e-01,6.660101010100000218e-01,5.747474747480000312e-01,6.304040404039999990e-01,6.567676767679999639e-01,8.071212121209999646e-01,9.278787878790000221e-01
1.214814814810000060e-01,2.213580246909999938e-01,3.295061728390000222e-01,3.983333333329999726e-01,4.867283950610000187e-01,5.400000000000000355e-01,5.336419753090000384e-01,5.295061728390000333e-01,5.988271604939999770e-01,7.887037037040000031e-01,1.036975308639999982e+00,1.145493827159999922e+00
1.824999999999999956e-01,4.502777777779999879e-01,6.852777777780000301e-01,9.586111111109999472e-01,1.278611111110000031e+00,1.270555555560000105e+00,1.087499999999999911e+00,9.438888888890000217e-01,9.088888888889999906e-01,1.073611111109999960e+00,1.645277777780000061e+00,1.652500000000000080e+00
1.159027777779999963e-01,2.347222222220000099e-01,4.580555555560000269e-01,6.777777777779999679e-01,8.545138888890000395e-01,8.693055555559999759e-01,8.302777777780000479e-01,8.313194444439999664e-01,7.813194444440000330e-01,8.735416666669999497e-01,9.686805555559999670e-01,9.447222222219999743e-01
2.763888888889999909e-02,8.611111111109999439e-02,2.327777777779999890e-01,2.779166666669999897e-01,2.929166666670000030e-01,3.295833333329999948e-01,3.066666666669999874e-01,2.190277777780000046e-01,1.416666666670000074e-01,1.233333333330000059e-01,1.406944444440000053e-01,1.013888888889999951e-01
2.570370370369999824e-01,4.901851851849999830e-01,6.783333333330000547e-01,6.830555555559999492e-01,7.869444444440000241e-01,7.862037037039999454e-01,7.114814814819999667e-01,6.641666666669999719e-01,4.488888888890000262e-01,3.799074074070000195e-01,4.122222222220000010e-01,4.303703703699999772e-01
4.079999999999999738e-01,6.621666666669999701e-01,6.985000000000000098e-01,5.759444444439999478e-01,5.389444444440000259e-01,5.792777777780000470e-01,5.361666666669999692e-01,4.941666666669999874e-01,4.124999999999999778e-01,4.294444444439999842e-01,5.011111111110000405e-01,5.301111111109999552e-01
6.997222222219999788e-01,8.451388888890000173e-01,8.895833333329999926e-01,6.321527777780000523e-01,8.951388888889999507e-01,9.779861111109999783e-01,9.768055555550000379e-01,9.361111111109999827e-01,5.124305555560000336e-01,5.246527777780000124e-01,6.276388888889999906e-01,6.489583333330000148e-01
9.833333333329999371e-02,1.859259259259999908e-01,4.279629629630000154e-01,4.977777777779999746e-01,5.937037037029999631e-01,6.409259259249999729e-01,5.737037037040000342e-01,4.612962962959999969e-01,3.494444444440000241e-01,2.561111111109999894e-01,1.927777777780000090e-01,1.972222222220000043e-01
3.437222222219999956e-01,5.264999999999999680e-01,6.903888888889999631e-01,7.603888888890000253e-01,8.598333333330000494e-01,7.508333333329999526e-01,7.115000000000000213e-01,6.656111111110000200e-01,6.912222222220000267e-01,7.500555555560000087e-01,9.176111111110000218e-01,1.012277777780000054e+00
3.312962962959999924e-01,5.000925925929999849e-01,6.940740740740000136e-01,7.708333333329999704e-01,1.004814814820000013e+00,8.737037037039999676e-01,8.147222222219999699e-01,6.106481481479999474e-01,5.990740740740000403e-01,7.471296296299999584e-01,9.045370370369999469e-01,9.688888888890000439e-01
2.947685185189999890e-01,4.536574074070000018e-01,5.359722222220000276e-01,5.402314814819999533e-01,5.785185185190000468e-01,5.393055555560000158e-01,5.123148148149999637e-01,5.315740740740000358e-01,5.113425925929999671e-01,5.844444444449999887e-01,7.669907407410000433e-01,1.016759259260000103e+00
9.277777777779999679e-02,1.203703703699999933e-01,1.409259259260000063e-01,1.406481481480000018e-01,1.950000000000000067e-01,2.222222222219999987e-01,1.812962962959999980e-01,1.272222222219999976e-01,1.067592592589999972e-01,1.441666666670000096e-01,3.007407407409999900e-01,3.755555555549999758e-01
9.833333333339999704e-02,2.452777777780000001e-01,4.393518518519999860e-01,6.431481481480000317e-01,7.266666666669999719e-01,7.405555555549999669e-01,6.712962962959999613e-01,5.136111111109999960e-01,4.192592592589999834e-01,2.845370370370000068e-01,3.262037037039999809e-01,3.468518518520000149e-01
5.559876543209999467e-01,9.113580246910000238e-01,1.069876543209999920e+00,1.097222222220000099e+00,1.073148148150000036e+00,1.068086419749999960e+00,1.046975308639999991e+00,9.685802469130000425e-01,8.999382716049999509e-01,7.922222222220000054e-01,9.094444444450000553e-01,1.000987654320000031e+00
2.856018518519999883e-01,5.000925925929999849e-01,7.761574074079999885e-01,8.921296296289999983e-01,9.533796296290000249e-01,8.615740740739999959e-01,7.788888888889999862e-01,7.047685185190000201e-01,7.092592592590000189e-01,7.707870370370000224e-01,7.777777777779999457e-01,8.527777777780000124e-01
2.618888888890000266e-01,4.883888888890000057e-01,7.078333333330000254e-01,7.555555555559999581e-01,7.432222222219999619e-01,7.188888888890000439e-01,6.403333333330000210e-01,6.049999999999999822e-01,5.763888888889999729e-01,4.993333333330000068e-01,5.699999999999999512e-01,7.002777777780000434e-01
4.346264367820000009e-03,1.659482758620000123e-02,4.385775862070000197e-02,7.277298850579999590e-02,1.091235632179999998e-01,1.651580459770000120e-01,1.663793103450000033e-01,1.731321839080000036e-01,2.037356321840000095e-01,2.383620689650000068e-01,2.795258620689999862e-01,3.343390804599999933e-01
7.444444444450000475e-02,1.690000000000000113e-01,3.135555555560000096e-01,4.926111111109999774e-01,6.387222222220000356e-01,7.098333333330000272e-01,6.092222222219999539e-01,4.752777777780000101e-01,3.817222222219999739e-01,3.258333333330000192e-01,4.351111111109999818e-01,5.411111111109999650e-01
2.533333333330000103e-01,4.263888888890000062e-01,6.634722222219999743e-01,7.178472222220000365e-01,7.124305555559999892e-01,7.937499999999999556e-01,7.790972222219999521e-01,7.099305555560000425e-01,7.109027777780000390e-01,7.330555555559999936e-01,9.811805555560000336e-01,9.708333333330000370e-01
3.041025641019999837e-01,6.140598290600000064e-01,7.459401709399999802e-01,7.671367521370000553e-01,8.248717948720000193e-01,8.550854700859999991e-01,8.761538461540000489e-01,8.295726495730000316e-01,7.795299145299999788e-01,7.149572649569999605e-01,8.645299145300000543e-01,8.892735042739999818e-01
1.357777777779999862e-01,2.869999999999999774e-01,5.032222222219999708e-01,7.584444444440000543e-01,8.302222222220000392e-01,8.251111111109999952e-01,7.795555555559999794e-01,6.718888888890000022e-01,6.166666666669999852e-01,7.057777777779999928e-01,8.524444444440000268e-01,8.837777777780000399e-01
1.701388888890000006e-01,3.245138888890000128e-01,5.291666666669999630e-01,6.718055555559999670e-01,6.652777777780000124e-01,6.706250000000000266e-01,6.893749999999999600e-01,6.722916666670000208e-01,7.568055555560000425e-01,8.890277777780000168e-01,1.040555555559999901e+00,1.075972222220000107e+00
3.845833333329999881e-01,8.354166666669999852e-01,8.908333333329999659e-01,8.223611111109999650e-01,8.900000000000000133e-01,9.633333333329999748e-01,9.104166666670000518e-01,8.375000000000000222e-01,5.698611111110000182e-01,3.168055555559999847e-01,3.409722222220000210e-01,3.195833333329999859e-01
1.227777777780000024e-01,2.577777777779999835e-01,4.050000000000000266e-01,5.825000000000000178e-01,7.747222222220000454e-01,5.938888888890000439e-01,6.069444444439999753e-01,6.175000000000000488e-01,5.572222222220000187e-01,5.994444444440000241e-01,8.111111111109999827e-01,9.258333333329999970e-01
2.542145593869999942e-01,3.969348658999999890e-01,5.439974457220000392e-01,6.313537675610000344e-01,6.561302681989999996e-01,6.011494252879999722e-01,4.495530012769999861e-01,2.083652618129999967e-01,1.611111111109999883e-01,1.706896551719999933e-01,2.917624521070000254e-01,4.385057471259999895e-01
1.224999999999999978e-01,2.215972222220000121e-01,2.867361111110000027e-01,3.426388888890000151e-01,3.681249999999999800e-01,3.744444444439999908e-01,3.124305555560000225e-01,2.680555555560000247e-01,2.287500000000000089e-01,3.319444444440000086e-01,5.469444444440000330e-01,6.484722222219999610e-01
7.645833333330000203e-02,1.860416666670000052e-01,3.952430555559999781e-01,5.764583333330000059e-01,6.169444444449999621e-01,6.182986111110000405e-01,5.764930555549999669e-01,4.927777777780000257e-01,4.661805555560000203e-01,6.934027777779999679e-01,9.237499999999999600e-01,9.542361111110000405e-01
2.825925925930000138e-01,4.492592592590000100e-01,6.302777777779999813e-01,8.512962962960000102e-01,9.658333333340000104e-01,8.037037037040000165e-01,8.044444444439999842e-01,7.113888888889999818e-01,6.333333333330000148e-01,5.997222222220000010e-01,1.007314814809999959e+00,1.421203703700000043e+00
3.038888888890000084e-01,4.477777777779999857e-01,5.639682539679999884e-01,6.395238095240000087e-01,6.386507936509999706e-01,5.815873015879999830e-01,5.492063492059999774e-01,5.356349206349999559e-01,4.831746031749999948e-01,5.199206349210000466e-01,8.325396825399999923e-01,9.468253968259999764e-01
1.767651888339999977e-01,2.853858784889999889e-01,4.159277504109999968e-01,3.972906403940000275e-01,3.999178981939999766e-01,4.013957307059999868e-01,4.100985221669999903e-01,4.080459770120000162e-01,3.547619047619999799e-01,2.998357963869999754e-01,4.452380952380000090e-01,5.976190476189999767e-01
2.971264367809999807e-01,5.111111111110000493e-01,5.442528735630000059e-01,5.136015325670000298e-01,7.218390804600000044e-01,8.139846743290000131e-01,4.532567049810000137e-01,9.578544061289999585e-04,0.000000000000000000e+00,0.000000000000000000e+00,2.624521072800000132e-01,6.001915708809999472e-01
1.496031746029999887e-01,2.662698412699999739e-01,3.557142857139999892e-01,4.353174603170000267e-01,4.773809523809999789e-01,4.973809523809999966e-01,4.239682539679999751e-01,3.723809523809999966e-01,3.542857142859999753e-01,3.725396825399999723e-01,4.984126984130000104e-01,5.478571428570000457e-01
1.540740740740000059e-01,2.288271604940000092e-01,3.018518518519999749e-01,3.666049382720000249e-01,3.608024691360000036e-01,4.740123456790000245e-01,5.269135802469999685e-01,4.410493827160000269e-01,3.946296296290000005e-01,3.376543209880000229e-01,2.914814814810000043e-01,2.250617283949999936e-01
3.148692810459999825e-01,5.078758169929999955e-01,6.358169934640000021e-01,6.743137254900000155e-01,6.547058823529999794e-01,6.537908496730000518e-01,6.732026143789999750e-01,6.455228758169999637e-01,6.086928104569999665e-01,5.397712418300000259e-01,5.294117647060000431e-01,4.892483660129999801e-01
5.642857142850000313e-02,9.634920634910000559e-02,2.144444444439999875e-01,2.718253968250000097e-01,3.334920634920000015e-01,3.152380952380000045e-01,2.861904761899999872e-01,2.351587301589999901e-01,2.003174603170000123e-01,2.173015873019999988e-01,2.157142857140000036e-01,2.244444444439999964e-01
2.505555555560000092e-01,4.776190476189999812e-01,6.822619047619999932e-01,7.546825396830000310e-01,7.303968253970000157e-01,7.305555555560000469e-01,7.105158730160000546e-01,6.281349206349999825e-01,5.734126984130000215e-01,5.839682539680000062e-01,6.315079365079999674e-01,6.677777777779999591e-01
3.243827160489999861e-01,4.062962962960000035e-01,4.877777777780000212e-01,5.150000000000000133e-01,5.831481481479999784e-01,6.005555555549999536e-01,5.602469135800000055e-01,4.779629629630000043e-01,4.121604938269999852e-01,3.156172839510000272e-01,3.549999999999999822e-01,4.012962962959999991e-01
3.794444444449999732e-01,5.124999999999999556e-01,5.199074074070000329e-01,6.392592592589999567e-01,7.008333333339999971e-01,7.460185185190000290e-01,7.480555555560000069e-01,6.865740740739999515e-01,5.625925925929999849e-01,6.359259259259999464e-01,7.875925925929999627e-01,7.784259259260000174e-01
5.623333333329999517e-01,8.611666666670000359e-01,9.075555555550000042e-01,7.889444444440000259e-01,7.789444444440000170e-01,8.853888888890000253e-01,9.051666666669999639e-01,8.712777777779999733e-01,6.521666666669999612e-01,4.422777777779999808e-01,3.564999999999999836e-01,3.126111111109999841e-01
4.204761904759999891e-01,7.325396825400000145e-01,8.083333333340000371e-01,8.530952380959999637e-01,8.532539682540000170e-01,7.930952380960000214e-01,8.182539682539999859e-01,8.150793650790000289e-01,6.595238095240000264e-01,6.193650793649999597e-01,5.400000000000000355e-01,4.577777777779999946e-01
4.564197530860000240e-01,7.225308641969999668e-01,7.198148148149999814e-01,6.994444444440000019e-01,7.619753086420000265e-01,8.332716049380000101e-01,8.254320987659999886e-01,6.973456790119999527e-01,6.056790123459999675e-01,5.424691358019999576e-01,6.712345679010000010e-01,6.047530864200000300e-01
9.401234567890000282e-02,2.093209876540000070e-01,2.666666666659999740e-01,3.132098765429999765e-01,3.451851851850000208e-01,3.449999999999999734e-01,3.196296296289999894e-01,3.224074074070000240e-01,2.820987654320000204e-01,3.758641975309999772e-01,5.465432098760000246e-01,6.543209876540000414e-01
2.748765432099999906e-01,4.414814814810000265e-01,5.722222222220000321e-01,6.815432098760000335e-01,7.251851851849999697e-01,7.008024691359999725e-01,5.933950617280000506e-01,5.254938271600000377e-01,4.933333333330000015e-01,5.319753086420000443e-01,6.299382716050000441e-01,6.982716049380000012e-01
0.000000000000000000e+00,2.594827586210000092e-01,9.405172413789999464e-01,1.039798850569999988e+00,1.122557471259999939e+00,1.015660919539999929e+00,9.122126436780000347e-01,8.620689655170000239e-04,0.000000000000000000e+00,0.000000000000000000e+00,5.191091954019999566e-01,1.352298850569999988e+00
3.842672413789999797e-01,5.612787356320000365e-01,7.655172413790000130e-01,9.024425287359999492e-01,9.122126436780000347e-01,8.525143678159999849e-01,7.364224137929999969e-01,1.364942528739999982e-03,0.000000000000000000e+00,0.000000000000000000e+00,0.000000000000000000e+00,5.961206896549999801e-01
5.222222222220000015e-02,1.438888888890000051e-01,3.955555555549999935e-01,5.907407407400000476e-01,7.514814814810000243e-01,7.438888888889999551e-01,6.274074074069999618e-01,4.781481481479999962e-01,4.722222222219999987e-01,4.244444444439999797e-01,5.459259259259999775e-01,5.294444444439999620e-01
5.148148148150000214e-02,6.574074074069999329e-02,1.527777777780000013e-01,3.216666666670000008e-01,6.485185185189999979e-01,6.816666666670000430e-01,6.068518518519999683e-01,5.116666666670000030e-01,4.205555555559999936e-01,4.249999999999999889e-01,4.757407407409999789e-01,5.224074074069999796e-01
0.000000000000000000e+00,0.000000000000000000e+00,3.878472222220000210e-01,7.313194444449999665e-01,8.797916666670000385e-01,9.441666666669999985e-01,8.665972222219999743e-01,6.512499999999999956e-01,5.804166666669999808e-01,4.661111111110000094e-01,4.629861111110000205e-01,5.084027777780000257e-01
4.867676767679999794e-01,7.872222222220000010e-01,9.933838383840000175e-01,9.961616161620000520e-01,9.519191919199999630e-01,9.253030303029999848e-01,7.964646464650000368e-01,7.404040404039999856e-01,6.610606060610000334e-01,4.959595959599999992e-01,5.318686868690000180e-01,6.010606060609999801e-01
2.923809523809999811e-01,4.692857142860000219e-01,6.090476190479999774e-01,6.531746031749999792e-01,5.943650793650000486e-01,6.081746031750000503e-01,6.146825396830000177e-01,5.578571428570000545e-01,4.890476190479999818e-01,5.631746031750000103e-01,6.657142857150000204e-01,6.244444444450000242e-01
3.886111111109999960e-01,6.650925925930000204e-01,8.540740740740000447e-01,9.356481481480000140e-01,9.312962962969999481e-01,9.077777777779999502e-01,8.323148148150000258e-01,7.545370370370000357e-01,7.921296296299999984e-01,8.452777777779999502e-01,8.387037037040000476e-01,8.418518518519999549e-01
3.327777777779999946e-01,5.189506172840000486e-01,6.675308641980000068e-01,8.119135802469999996e-01,9.332716049379999879e-01,9.282716049379999834e-01,9.123456790130000105e-01,8.691358024690000184e-01,7.938888888889999995e-01,8.640740740740000536e-01,9.996913580249999765e-01,1.037777777779999910e+00
0.000000000000000000e+00,7.118888888890000377e-01,1.040444444440000060e+00,1.080777777780000060e+00,1.055333333329999901e+00,1.085555555560000052e+00,9.893333333329999979e-01,8.842222222219999761e-01,6.128888888889999498e-01,3.578888888890000008e-01,6.938888888890000217e-01,7.072222222220000409e-01
2.354444444440000062e-01,3.513333333329999864e-01,4.867777777780000203e-01,4.863333333329999952e-01,4.818888888890000000e-01,5.846666666669999568e-01,5.884444444449999922e-01,5.383333333330000414e-01,4.011111111110000071e-01,3.205555555560000158e-01,4.685555555559999807e-01,4.948888888890000115e-01
2.704444444440000095e-01,3.857777777779999862e-01,5.490000000000000435e-01,6.295555555549999793e-01,6.251111111110000396e-01,5.637777777779999777e-01,3.818888888890000222e-01,0.000000000000000000e+00,0.000000000000000000e+00,0.000000000000000000e+00,2.039999999999999869e-01,5.423333333330000450e-01
1.035672514620000068e-01,1.122807017539999980e-01,1.854678362570000016e-01,3.779239766079999785e-01,5.988304093570000486e-01,6.312573099420000222e-01,5.258479532159999748e-01,3.577485380120000169e-01,2.221929824559999989e-01,1.457309941519999985e-01,1.464327485380000071e-01,1.895321637429999984e-01
3.055555555560000025e-01,2.842592592589999745e-01,3.450925925930000138e-01,5.186111111110000005e-01,6.780555555559999448e-01,8.688888888889999551e-01,8.576851851850000319e-01,6.787962962960000235e-01,4.840740740739999937e-01,3.606481481480000029e-01,3.185185185189999824e-01,4.520370370369999891e-01
1.359259259260000019e-01,3.791666666669999963e-01,4.711111111110000138e-01,5.853703703699999483e-01,5.555555555560000025e-01,5.624074074070000151e-01,6.027777777780000124e-01,5.183333333330000237e-01,3.554629629630000065e-01,2.457407407409999966e-01,2.728703703700000038e-01,3.304629629629999843e-01
