0.000000000000000000e+00,5.095579450420000267e-01,1.074313022699999953e+00,1.239127837510000107e+00,1.235065710870000055e+00,1.241457586619999942e+00,1.130107526880000046e+00,3.942652329750000358e-03,0.000000000000000000e+00,0.000000000000000000e+00,5.396654719229999619e-01,1.100716845880000072e+00
0.000000000000000000e+00,5.330645161289999656e-01,8.852150537630000260e-01,9.965053763440000489e-01,1.079166666669999941e+00,1.135349462370000007e+00,1.016666666669999941e+00,2.688172043010000033e-03,0.000000000000000000e+00,0.000000000000000000e+00,7.158602150539999931e-01,1.081182795699999977e+00
3.075268817199999782e-01,4.647849462370000073e-01,6.983333333329999615e-01,8.616666666669999808e-01,9.419354838710000122e-01,9.704838709680000397e-01,9.753225806449999924e-01,8.503225806449999924e-01,8.120430107530000052e-01,8.694086021510000206e-01,9.378494623659999752e-01,1.035967741939999964e+00
2.267281105989999990e-01,4.876344086020000246e-01,7.647465437789999765e-01,8.385560675890000315e-01,8.441628264210000454e-01,8.774961597549999492e-01,8.350230414749999497e-01,7.250384024579999975e-01,6.912442396319999904e-01,8.824116743469999635e-01,9.953917050689999879e-01,1.109293394780000108e+00
5.770609318989999847e-01,6.150537634410000454e-01,7.720430107519999918e-01,9.765232974909999752e-01,1.092114695340000052e+00,1.220430107529999919e+00,1.206630824369999910e+00,1.072580645159999957e+00,1.093727598569999904e+00,1.252688172040000048e+00,1.424551971330000111e+00,1.476523297489999997e+00
4.045026881720000245e-01,6.997311827959999952e-01,8.125672043010000456e-01,9.055779569890000102e-01,1.016196236559999910e+00,1.042809139779999894e+00,1.003763440860000022e+00,9.110215053760000181e-01,9.009408602149999723e-01,1.068615591399999953e+00,1.264919354839999954e+00,1.267540322579999934e+00
4.462365591399999887e-02,1.155241935480000037e-01,3.232526881719999801e-01,4.831989247310000124e-01,6.022849462370000184e-01,5.614247311829999587e-01,5.825268817200000004e-01,5.087365591400000442e-01,4.451612903230000029e-01,5.505376344090000540e-01,6.397177419349999727e-01,6.946236559139999933e-01
2.733870967740000268e-01,3.030241935479999760e-01,4.183467741940000151e-01,5.536290322579999756e-01,6.267473118280000310e-01,6.803091397849999611e-01,5.864919354840000265e-01,4.224462365589999879e-01,2.995295698920000249e-01,4.000000000000000222e-01,5.601478494620000248e-01,6.633736559139999933e-01
0.000000000000000000e+00,1.500537634409999932e-01,3.756989247309999724e-01,4.824731182800000018e-01,5.979032258059999716e-01,6.831182795700000421e-01,6.105913978489999616e-01,5.085483870970000098e-01,4.400537634410000010e-01,4.047849462370000095e-01,4.743010752690000054e-01,4.248924731179999914e-01
0.000000000000000000e+00,6.175115207370000109e-02,1.631336405530000033e-01,3.480798771120000024e-01,3.218125960059999846e-01,3.907066052229999920e-01,3.258832565279999871e-01,6.144393241160000336e-04,0.000000000000000000e+00,0.000000000000000000e+00,0.000000000000000000e+00,7.964669738860000181e-02
5.696908602150000389e-01,7.581317204299999890e-01,8.144489247309999458e-01,7.895833333330000148e-01,7.975806451610000236e-01,8.566532258060000071e-01,8.692204301070000083e-01,8.801075268820000019e-01,8.350134408599999558e-01,8.821236559139999933e-01,1.002217741940000018e+00,1.067271505379999930e+00
2.468055555560000058e-01,6.673611111110000493e-01,8.293055555549999625e-01,9.394444444439999931e-01,1.033888888889999969e+00,9.062500000000000000e-01,8.147222222219999699e-01,8.712499999999999689e-01,9.251388888889999773e-01,9.868055555560000247e-01,1.162638888890000111e+00,1.168194444440000090e+00
1.432258064520000040e-01,3.054838709680000042e-01,4.162903225810000163e-01,4.576344086019999979e-01,4.353225806450000124e-01,4.966666666669999897e-01,5.181182795700000066e-01,3.578494623660000151e-01,2.882795698919999872e-01,2.983870967739999935e-01,3.867741935480000226e-01,4.510752688169999969e-01
9.215053763439999546e-02,1.125268817199999993e-01,1.472580645159999868e-01,1.705913978489999872e-01,1.898387096770000060e-01,2.263978494620000059e-01,2.339784946239999996e-01,2.013440860210000127e-01,1.637634408599999980e-01,2.404301075270000032e-01,3.500537634409999765e-01,4.533333333330000214e-01
2.475806451610000070e-01,4.845698924729999746e-01,5.376881720430000122e-01,6.055376344080000139e-01,6.389784946240000263e-01,6.841935483869999723e-01,6.831720430109999853e-01,6.322043010750000303e-01,5.847849462369999474e-01,5.180107526880000091e-01,5.679032258070000339e-01,6.497311827959999508e-01
2.416666666670000130e-01,3.195564516130000032e-01,3.788306451610000125e-01,4.237231182799999774e-01,3.452284946240000152e-01,3.179435483870000079e-01,3.086021505379999974e-01,2.787634408599999891e-01,2.991263440859999734e-01,2.322580645160000068e-01,2.538306451610000125e-01,3.314516129030000147e-01
1.309139784949999996e-01,3.435483870969999742e-01,4.435483870970000075e-01,5.473118279569999522e-01,7.784946236559999733e-01,6.559139784949999941e-01,4.505376344090000207e-01,4.438172043010000234e-01,4.516129032260000065e-01,2.841397849460000069e-01,6.946236559139999933e-01,1.104032258059999938e+00
1.641577060930000109e-01,2.698924731180000203e-01,3.268817204300000223e-01,4.820788530460000110e-01,6.041218637990000140e-01,6.075268817200000226e-01,5.225806451610000014e-01,4.546594982080000014e-01,3.286738351249999801e-01,2.464157706089999955e-01,5.030465949819999949e-01,7.991039426520000211e-01
3.176344086019999846e-01,4.865053763439999845e-01,5.517741935479999471e-01,5.987634408599999958e-01,6.315591397850000011e-01,5.718279569890000191e-01,6.101612903230000384e-01,5.634408602149999501e-01,4.070967741939999773e-01,3.586021505379999863e-01,6.026881720429999589e-01,6.981720430109999986e-01
2.610513739540000211e-01,4.894265232969999824e-01,6.746117084830000055e-01,7.934289127839999622e-01,8.199522102749999819e-01,8.058542413379999880e-01,7.223416965350000218e-01,6.594384707289999703e-01,5.877538829149999700e-01,5.781959378730000543e-01,7.827956989250000053e-01,8.197729988049999861e-01
1.508333333330000026e-01,2.602777777779999857e-01,4.139583333329999726e-01,5.480555555549999625e-01,6.870138888889999462e-01,7.230555555559999847e-01,6.261111111110000405e-01,5.095138888889999551e-01,4.000000000000000222e-01,3.106944444440000175e-01,2.734027777779999835e-01,2.874999999999999778e-01
1.475134408600000113e-01,2.559139784950000274e-01,3.610887096770000193e-01,4.647177419349999838e-01,5.764784946240000263e-01,6.057123655909999460e-01,5.585349462359999739e-01,4.555779569889999991e-01,3.327284946240000041e-01,2.493951612900000003e-01,2.887768817199999893e-01,2.950940860210000127e-01
5.070564516129999477e-01,7.194220430109999898e-01,8.670026881719999912e-01,9.906586021500000117e-01,1.045564516130000010e+00,1.019623655910000037e+00,9.143145161290000544e-01,7.565188172040000492e-01,5.846774193549999499e-01,5.183467741930000150e-01,5.166666666670000074e-01,5.657258064519999907e-01
1.418010752689999876e-01,2.918682795699999999e-01,4.771505376340000049e-01,5.405241935479999649e-01,5.965725806449999613e-01,5.853494623660000507e-01,5.758064516130000365e-01,5.229838709680000308e-01,5.603494623650000506e-01,5.715725806450000501e-01,5.575268817199999782e-01,5.317204301079999640e-01
2.246969696970000097e-01,3.459595959599999770e-01,4.410606060610000045e-01,5.919191919189999984e-01,6.654545454550000461e-01,5.846969696970000241e-01,5.227272727270000363e-01,5.105050505049999465e-01,5.420202020200000081e-01,6.974242424240000293e-01,7.776767676770000026e-01,8.145959595959999522e-01
2.719230769229999956e-01,4.407264957259999782e-01,4.936752136750000020e-01,5.140598290600000286e-01,5.770085470079999723e-01,5.523076923080000311e-01,4.885470085470000057e-01,5.032905982900000019e-01,5.293162393160000256e-01,5.764529914529999965e-01,6.610256410260000326e-01,7.973504273499999462e-01
3.096774193549999832e-01,6.280645161290000500e-01,8.647311827960000308e-01,9.056451612899999448e-01,9.329569892469999903e-01,8.045698924730000368e-01,8.059139784950000163e-01,7.386559139789999895e-01,6.673118279569999478e-01,7.296774193549999676e-01,9.691397849459999492e-01,1.051344086020000068e+00
3.836405529949999949e-01,6.174347158220000464e-01,7.153609831030000032e-01,7.894009216589999989e-01,7.970814132110000116e-01,7.033794162830000474e-01,6.499231950849999606e-01,5.999999999999999778e-01,5.375576036870000074e-01,6.391705069130000361e-01,8.515360983109999671e-01,9.827188940100000103e-01
1.724462365589999879e-01,2.769489247310000235e-01,5.497983870970000186e-01,7.679435483869999635e-01,8.639784946240000041e-01,7.223118279569999967e-01,6.122311827959999730e-01,6.508064516129999921e-01,5.956989247309999458e-01,5.694220430109999675e-01,6.596774193550000165e-01,7.828629032260000509e-01
1.981481481479999834e-02,5.500000000000000028e-02,1.788888888890000084e-01,2.225925925929999882e-01,2.183333333330000070e-01,1.951851851849999986e-01,1.522222222219999921e-01,1.605555555560000125e-01,1.327777777780000112e-01,1.037037037040000054e-01,1.451851851850000097e-01,1.007407407410000066e-01
2.140552995389999880e-01,3.309523809520000248e-01,5.556835637479999868e-01,7.806451612910000337e-01,8.562980030729999692e-01,9.289554531489999656e-01,9.091397849469999848e-01,8.124423963139999483e-01,8.306451612909999671e-01,9.278801843320000353e-01,9.867127496159999733e-01,9.003840245780000417e-01
2.426881720430000000e-01,4.449462365590000079e-01,6.591397849460000069e-01,8.282795698930000006e-01,8.832258064519999952e-01,1.032150537629999976e+00,1.103118279570000082e+00,1.122258064519999987e+00,1.127311827960000068e+00,1.323655913979999932e+00,1.432795698919999916e+00,1.384838709679999891e+00
3.599462365589999879e-01,5.018817204300000112e-01,6.702956989249999609e-01,7.525537634410000010e-01,7.385752688169999747e-01,7.330645161290000322e-01,6.901881720429999811e-01,6.983870967740000157e-01,4.955645161289999878e-01,4.787634408600000002e-01,6.102150537630000038e-01,5.900537634410000232e-01
5.619815668200000003e-01,7.900153609829999590e-01,9.114439324119999464e-01,9.679723502310000338e-01,9.779569892480000082e-01,1.084408602149999901e+00,1.110445468510000033e+00,1.068970814130000058e+00,8.403993855610000230e-01,7.713517665129999701e-01,9.130568356379999972e-01,8.694316436250000280e-01
3.072580645160000179e-01,6.560483870969999742e-01,8.946236559139999489e-01,1.000403225809999963e+00,1.016330645160000046e+00,9.680107526879999646e-01,8.875672043010000012e-01,8.110887096769999749e-01,6.515456989250000275e-01,5.141801075270000521e-01,5.936827956989999544e-01,7.342741935480000537e-01
3.112903225809999785e-01,7.776881720430000033e-01,1.026209677420000022e+00,1.077822580649999917e+00,1.046908602150000034e+00,8.791666666670000518e-01,8.891129032260000065e-01,8.513440860219999573e-01,6.903225806449999613e-01,5.232526881719999912e-01,6.349462365589999546e-01,8.405913978490000549e-01
2.596774193549999943e-01,4.193548387100000108e-01,5.649001536100000109e-01,6.831797235030000470e-01,7.093701996929999698e-01,6.817204301079999862e-01,6.691244239629999813e-01,6.721198156680000535e-01,5.957757296469999853e-01,5.548387096779999750e-01,5.483870967739999935e-01,4.451612903230000029e-01
8.978494623650000450e-02,1.539938556069999909e-01,2.109062980030000090e-01,2.201228878650000054e-01,2.655913978489999883e-01,2.721966205840000153e-01,2.633640552989999772e-01,3.028417818740000156e-01,2.388632872500000004e-01,1.453917050690000101e-01,1.483102918589999930e-01,1.238863287249999945e-01
1.026881720430000006e-01,1.587813620069999931e-01,2.920250896059999879e-01,4.934587813619999985e-01,7.383512544800000521e-01,7.742831541219999947e-01,6.750896057349999868e-01,5.948028673830000335e-01,5.456093189970000479e-01,6.936379928320000054e-01,9.543906810029999521e-01,1.117831541219999947e+00
5.774193548389999764e-02,6.182795698929999945e-02,1.490322580640000005e-01,4.532258064520000018e-01,7.617204301079999462e-01,7.805376344090000362e-01,6.577419354839999510e-01,5.300000000000000266e-01,4.352688172040000136e-01,5.434408602150000434e-01,1.048387096769999971e+00,1.108817204299999970e+00
3.091397849460000152e-02,1.051075268819999936e-01,1.744623655910000071e-01,3.993279569889999769e-01,4.989247311830000142e-01,5.537634408599999558e-01,4.173387096769999860e-01,2.395161290320000080e-01,1.563172043009999901e-01,6.451612903230000140e-02,2.580645161289999920e-02,5.725806451610000042e-02
1.008400537629999955e-01,1.891465053760000015e-01,5.197580645160000401e-01,8.957661290320000358e-01,9.685483870969999742e-01,9.953293010749999503e-01,9.868279569890000547e-01,8.627688172040000048e-01,8.150201612899999892e-01,9.404233870970000186e-01,1.006686827960000086e+00,1.016633064519999907e+00
3.736559139779999789e-02,9.596774193550000609e-02,2.567204301079999973e-01,6.240591397850000499e-01,8.470430107530000363e-01,7.014784946240000263e-01,5.036290322580000423e-01,9.408602150550000268e-04,0.000000000000000000e+00,0.000000000000000000e+00,5.202956989250000497e-01,8.392473118280000532e-01
2.666666666670000074e-01,4.542338709679999975e-01,5.647849462359999517e-01,6.071908602150000167e-01,5.209677419349999505e-01,4.848118279570000078e-01,4.601478494619999915e-01,4.361559139789999984e-01,3.680779569889999769e-01,4.959005376339999938e-01,7.339381720430000478e-01,7.692876344090000540e-01
2.426523297490000008e-01,3.752688172040000159e-01,5.478494623649999840e-01,5.367383512540000456e-01,5.118279569889999658e-01,4.853046594980000017e-01,4.568100358419999729e-01,5.231182795690000331e-01,4.412186379929999847e-01,5.417562724009999942e-01,8.471326164870000008e-01,9.245519713259999772e-01
5.250000000000000222e-01,8.668010752689999654e-01,1.001075268819999975e+00,1.062500000000000000e+00,1.074999999999999956e+00,1.000806451609999925e+00,1.066801075269999899e+00,9.701612903230000251e-01,7.891129032260000287e-01,7.454301075270000077e-01,8.193548387100000330e-01,8.418010752690000542e-01
2.713859020309999925e-01,4.792114695340000119e-01,6.493428912790000229e-01,7.007168458779999831e-01,6.802867383509999533e-01,7.123655913980000420e-01,6.816606929509999580e-01,6.307646356030000012e-01,5.180406212660000342e-01,3.753882915169999834e-01,4.747909199520000123e-01,5.891875746720000029e-01
2.655316606929999934e-01,3.672640382319999897e-01,4.350657108720000221e-01,4.798088410990000163e-01,5.647550776580000376e-01,6.555555555559999803e-01,5.734767025089999581e-01,5.059737156510000222e-01,3.990442054960000040e-01,5.188769414580000072e-01,7.093189964160000471e-01,7.683393070489999976e-01
2.731182795700000110e-01,3.847311827959999930e-01,4.249462365589999902e-01,5.574193548389999586e-01,5.326881720430000078e-01,5.223655913979999843e-01,6.060215053759999693e-01,5.120430107529999608e-01,4.259139784950000118e-01,4.847311827960000263e-01,6.533333333330000325e-01,7.079569892470000125e-01
2.848566308239999789e-01,4.503584229390000249e-01,5.595878136199999853e-01,6.287634408600000224e-01,6.732974910390000511e-01,7.560931899639999898e-01,7.429211469530000445e-01,6.631720430109999675e-01,5.401433691760000322e-01,4.590501792109999979e-01,5.780465949819999505e-01,5.913978494630000027e-01
2.311414392059999989e-01,3.401571546730000062e-01,4.643093465670000142e-01,5.526054590569999814e-01,5.887923904049999768e-01,6.115798180310000332e-01,6.414392059550000358e-01,5.964846980979999769e-01,4.600496277910000043e-01,4.092224979319999956e-01,4.828370554179999830e-01,5.172870140609999723e-01
5.036098310290000324e-01,5.096774193549999943e-01,5.862519201229999810e-01,5.837941628270000294e-01,6.657450076809999784e-01,6.466973886329999699e-01,6.197388632870000080e-01,5.377880184329999480e-01,3.592165898620000020e-01,2.852534562210000124e-01,2.900921658989999985e-01,3.573732718889999771e-01
5.566532258070000516e-01,7.820564516129999699e-01,8.700940860220000017e-01,8.433467741939999485e-01,8.239247311830000253e-01,8.885752688169999969e-01,8.913978494619999582e-01,8.599462365590000434e-01,6.665994623650000062e-01,5.854838709680000308e-01,6.563172043010000456e-01,6.329301075269999632e-01
6.759139784950000118e-01,8.978494623660000507e-01,1.027741935479999924e+00,9.009677419349999550e-01,9.936559139780000161e-01,1.144731182799999969e+00,1.166451612899999990e+00,1.033870967739999980e+00,7.111827956990000033e-01,5.353763440859999889e-01,5.012903225810000363e-01,4.956989247310000235e-01
4.348694316439999930e-01,7.566052227339999936e-01,9.360215053760000403e-01,9.778801843319999687e-01,9.026881720430000033e-01,9.254224270359999727e-01,8.629032258069999628e-01,8.448540706610000450e-01,7.240399385560000178e-01,6.661290322580000201e-01,7.467741935489999872e-01,6.833333333340000371e-01
4.120295698920000138e-01,5.316532258060000515e-01,5.116935483869999857e-01,4.763440860209999794e-01,5.823924731180000203e-01,6.262096774190000215e-01,5.765456989249999609e-01,5.113575268819999797e-01,4.377688172040000159e-01,4.463709677420000244e-01,4.983870967740000046e-01,4.758064516130000032e-01
2.892473118280000088e-01,5.717357910910000340e-01,7.539170506919999903e-01,8.536866359450000497e-01,8.254224270350000170e-01,7.986175115210000230e-01,8.269585253460000063e-01,7.716589861749999502e-01,8.201996927810000226e-01,9.186635944700000111e-01,1.023732718890000060e+00,9.546850998460000293e-01
2.189964157710000137e-01,3.746415770609999862e-01,4.836917562720000063e-01,5.904121863800000369e-01,6.351254480289999504e-01,6.857526881719999690e-01,6.707885304659999548e-01,6.868279569890000102e-01,6.754480286740000006e-01,8.119175627239999526e-01,9.744623655919999461e-01,1.072491039430000015e+00
3.268145161289999767e-01,5.256720430110000120e-01,6.772849462369999740e-01,8.012768817200000004e-01,8.852822580650000495e-01,9.065860215050000059e-01,8.567204301080000306e-01,8.101478494620000248e-01,7.555779569889999880e-01,9.574596774189999548e-01,1.141196236559999910e+00,1.224059139780000027e+00
2.960884353739999808e-01,4.583333333330000259e-01,5.622448979590000118e-01,5.715986394559999795e-01,5.516156462589999476e-01,5.877551020410000104e-01,5.863095238100000106e-01,6.005952380950000391e-01,5.344387755110000526e-01,4.536564625849999755e-01,4.748299319729999968e-01,4.221088435370000114e-01
6.916666666670000241e-02,9.486111111110000216e-02,1.740277777779999924e-01,2.418055555560000014e-01,3.034722222219999876e-01,3.129166666670000208e-01,2.463888888890000128e-01,2.184722222219999954e-01,1.743055555559999970e-01,1.544444444439999897e-01,1.515277777780000001e-01,1.224999999999999978e-01
7.069892473130000299e-02,2.077060931899999963e-01,3.576164874550000206e-01,4.743727598570000037e-01,5.195340501790000065e-01,5.117383512540000234e-01,4.187275985660000033e-01,3.497311827960000175e-01,2.822580645159999957e-01,2.879928315410000272e-01,3.318100358419999729e-01,3.352150537629999816e-01
7.380952380949999669e-02,1.625000000000000056e-01,1.586309523810000011e-01,1.508928571429999921e-01,1.952380952380000090e-01,2.047619047620000132e-01,2.889880952380000090e-01,2.845238095240000264e-01,2.264880952380000090e-01,2.699404761909999784e-01,2.979166666670000074e-01,3.404761904759999736e-01
3.125960061440000159e-01,5.679723502310000116e-01,7.083717357909999901e-01,8.400153609830000034e-01,9.272657450079999641e-01,8.941628264209999788e-01,8.833333333330000148e-01,9.550691244240000488e-01,9.376344086019999802e-01,9.691244239630000257e-01,9.951612903219999584e-01,9.912442396320000348e-01
3.723611111110000094e-01,4.820138888889999862e-01,6.025694444439999575e-01,7.020833333329999926e-01,8.213194444439999575e-01,7.309722222219999788e-01,7.186111111109999561e-01,6.927083333329999704e-01,7.409722222219999876e-01,7.743750000000000355e-01,8.663194444439999975e-01,9.856249999999999734e-01
0.000000000000000000e+00,1.570370370370000046e-01,5.474074074070000018e-01,5.861111111110000049e-01,7.946296296289999672e-01,5.477777777779999635e-01,3.427777777780000035e-01,2.001851851850000030e-01,9.259259259260000123e-04,0.000000000000000000e+00,0.000000000000000000e+00,0.000000000000000000e+00
1.558201058199999989e-01,2.174603174599999966e-01,2.546737213399999922e-01,3.218694885360000035e-01,4.210758377430000032e-01,3.700176366840000064e-01,2.967372134039999998e-01,2.902116402120000216e-01,2.687830687830000120e-01,2.666666666670000074e-01,3.437389770720000182e-01,3.607583774249999986e-01
3.059737156510000111e-01,6.863799283160000320e-01,8.962962962960000501e-01,9.297491039430000326e-01,9.867383512549999791e-01,1.089068100360000013e+00,1.126583034650000092e+00,1.058303464750000034e+00,1.041278375150000102e+00,1.163440860209999927e+00,1.268399044199999937e+00,1.226463560330000035e+00
2.113575268819999908e-01,4.545698924730000035e-01,6.424731182799999774e-01,7.513440860219999795e-01,8.442204301079999640e-01,9.239919354840000487e-01,9.589381720430000255e-01,9.245295698919999694e-01,9.106182795699999666e-01,1.038037634409999965e+00,1.088306451610000058e+00,1.043682795700000110e+00
0.000000000000000000e+00,2.719832735959999970e-01,7.727001194749999469e-01,9.703106332140000179e-01,1.010931899640000076e+00,9.653524492239999866e-01,6.713261648749999644e-01,1.672640382320000072e-03,0.000000000000000000e+00,0.000000000000000000e+00,0.000000000000000000e+00,4.017921146949999800e-01
5.730027548209999655e-02,1.681818181820000091e-01,4.690082644629999797e-01,6.728650137739999870e-01,7.407713498619999948e-01,6.915977961439999655e-01,6.827823691459999900e-01,7.068870523419999996e-01,5.988980716259999504e-01,5.097796143249999634e-01,4.823691460060000047e-01,5.389807162540000141e-01
3.554487179489999871e-02,1.256410256409999926e-01,3.546153846149999733e-01,5.001923076919999600e-01,5.133653846150000311e-01,4.829807692309999734e-01,4.690064102559999837e-01,4.436538461539999978e-01,4.004487179489999993e-01,3.419230769230000022e-01,3.383012820510000185e-01,4.164743589739999807e-01
1.438844086019999968e-01,2.751344086020000024e-01,5.331317204300000112e-01,7.223118279569999967e-01,7.202956989250000053e-01,6.401209677420000022e-01,5.481182795700000332e-01,5.264784946239999819e-01,4.980510752689999987e-01,5.038306451609999570e-01,6.193548387099999664e-01,5.858198924730000368e-01
2.670698924730000035e-01,8.055107526879999869e-01,1.082258064519999952e+00,1.188037634410000098e+00,1.269220430110000075e+00,1.088709677420000022e+00,8.856182795700000554e-01,2.016129032259999978e-03,0.000000000000000000e+00,0.000000000000000000e+00,1.278225806449999891e-01,3.100806451609999792e-01
8.325062034730000560e-02,1.861042183620000012e-01,3.329611248959999936e-01,5.068238213400000358e-01,5.405293631099999940e-01,5.477253928869999511e-01,5.179900744419999592e-01,4.493382961119999908e-01,4.940860215049999726e-01,6.055417700580000284e-01,6.917700578990000349e-01,7.643920595540000251e-01
5.599669148050000211e-02,1.036807278739999977e-01,2.704301075269999743e-01,5.353598014889999757e-01,6.609181141440000351e-01,6.266749379649999563e-01,6.098014888339999828e-01,5.596360628619999611e-01,5.223325062029999799e-01,5.956162117450000126e-01,7.272125723740000547e-01,7.933002481390000193e-01
2.576164874549999872e-01,4.665770609320000206e-01,7.259408602150000389e-01,1.020116487459999943e+00,1.182347670249999982e+00,1.267473118280000088e+00,1.288844086019999891e+00,1.321057347670000048e+00,1.388978494619999893e+00,1.524731182800000084e+00,1.654659498210000024e+00,1.631451612900000070e+00
2.633512544800000188e-01,3.777329749100000189e-01,4.975358422939999969e-01,6.555107526879999646e-01,8.173835125449999683e-01,8.361559139780000427e-01,8.135752688170000413e-01,7.696684587809999867e-01,7.857526881719999468e-01,8.715053763440000489e-01,9.109767025089999803e-01,8.697132616489999801e-01
1.326666666669999994e-01,2.700000000000000178e-01,3.185555555560000141e-01,3.988888888889999818e-01,4.929999999999999938e-01,6.017777777780000115e-01,5.793333333329999668e-01,5.023333333330000094e-01,5.928888888890000430e-01,7.001111111109999952e-01,8.331111111110000023e-01,8.993333333330000290e-01
1.288530465949999926e-01,5.350358422940000303e-01,6.411290322579999978e-01,7.712365591399999998e-01,9.079749103940000232e-01,9.530465949830000394e-01,9.719534050179999829e-01,9.978494623650000506e-01,1.069354838710000033e+00,1.184767025089999981e+00,1.278225806450000057e+00,1.382437275990000103e+00
0.000000000000000000e+00,4.905913978499999717e-02,1.694892473119999909e-01,3.532258064520000240e-01,7.444220430110000120e-01,4.670026881720000245e-01,3.255376344090000207e-01,3.645161290319999803e-01,3.035618279569999856e-01,3.752688172040000159e-01,4.573924731180000203e-01,3.648521505380000196e-01
0.000000000000000000e+00,0.000000000000000000e+00,2.233796296299999859e-02,1.085648148149999936e-01,1.761574074070000051e-01,1.192129629630000048e-01,1.081018518519999971e-01,3.472222222229999879e-04,0.000000000000000000e+00,0.000000000000000000e+00,0.000000000000000000e+00,0.000000000000000000e+00
0.000000000000000000e+00,3.115207373269999747e-01,7.829493087559999953e-01,9.136712749619999574e-01,9.814900153610000011e-01,9.937019969279999865e-01,7.625960061450000049e-01,2.150537634409999902e-03,0.000000000000000000e+00,0.000000000000000000e+00,0.000000000000000000e+00,3.100614439320000248e-01
2.084555229710000068e-01,3.298142717499999987e-01,4.306940371460000194e-01,5.264418377320000397e-01,6.086999022479999688e-01,5.671554252199999535e-01,5.426197458460000345e-01,5.305962854350000368e-01,5.658357771259999724e-01,5.480449657870000157e-01,6.301075268820000019e-01,7.437438905180000503e-01
1.666666666670000019e-01,2.999999999999999889e-01,5.335125448030000328e-01,7.446236559140000377e-01,8.675627240140000307e-01,9.786738351249999468e-01,9.374551971319999844e-01,8.078853046589999920e-01,8.933691756270000228e-01,1.161827956990000077e+00,1.140501792110000023e+00,1.328673835130000036e+00
2.157706093189999952e-01,3.749103942650000021e-01,4.882317801669999735e-01,6.284348864990000338e-01,8.240740740740000181e-01,8.495221027479999965e-01,8.709080047789999890e-01,8.324970131419999753e-01,8.578853046600000143e-01,1.025507765830000029e+00,1.206451612900000026e+00,1.226403823180000074e+00
2.827956989250000053e-01,5.125448028669999934e-01,7.888440860219999573e-01,9.609318996410000091e-01,1.112231182799999996e+00,1.094220430110000031e+00,1.038620071680000034e+00,1.058602150540000064e+00,1.113306451609999970e+00,1.133781362009999905e+00,1.184274193550000076e+00,1.177867383509999977e+00
3.786901270770000050e-01,7.002443792770000064e-01,9.571847507330000226e-01,1.074291300100000068e+00,1.142619745850000035e+00,1.152639296190000051e+00,1.084701857280000015e+00,1.063000977520000001e+00,1.175415444770000040e+00,1.235826001960000031e+00,1.326441837730000017e+00,1.313440860220000062e+00
7.417562724009999497e-01,1.011469534049999952e+00,1.168458781360000032e+00,9.627240143369999448e-01,8.965949820780000357e-01,8.856630824369999821e-01,8.817204301069999639e-01,6.181003584230000403e-01,4.399641577060000031e-01,5.001792114690000179e-01,8.340501792109999979e-01,1.055555555560000025e+00
4.144393241170000186e-01,5.730414746549999938e-01,6.258832565290000094e-01,6.081413210449999607e-01,6.172811059909999454e-01,7.480798771119999691e-01,6.829493087560000175e-01,5.853302611370000408e-01,4.539938556070000075e-01,5.758064516130000365e-01,6.874807987709999901e-01,8.250384024579999753e-01
4.339307048980000081e-01,5.439068100360000546e-01,6.270011947429999788e-01,6.734767025090000470e-01,6.833930704899999764e-01,6.728195937869999588e-01,6.267025089609999933e-01,6.192353643969999988e-01,7.952807646359999483e-01,8.812425328549999826e-01,9.737753882920000548e-01,9.783751493429999613e-01
1.935483870970000075e-01,2.462365591400000053e-01,3.747311827959999841e-01,8.043010752689999654e-01,8.247311827959999952e-01,7.172043010749999947e-01,7.134408602149999723e-01,4.838709677420000022e-01,3.956989247309999902e-01,3.967741935479999760e-01,5.333333333330000370e-01,6.768817204299999446e-01
4.975268817210000138e-01,8.779569892470000525e-01,1.070537634409999939e+00,1.173333333330000006e+00,1.156666666670000065e+00,1.181505376340000080e+00,1.126451612899999954e+00,1.079032258060000027e+00,1.075806451610000103e+00,1.069462365589999964e+00,1.063333333329999908e+00,1.060537634409999930e+00
4.282258064519999796e-01,7.920026881720000356e-01,9.502016129029999814e-01,1.021438172040000092e+00,9.915994623660000507e-01,9.608198924730000368e-01,9.557123655920000127e-01,8.977150537629999816e-01,7.946236559139999711e-01,8.692876344090000318e-01,1.057392473119999954e+00,1.068010752690000009e+00
2.053763440860000011e-01,3.978494623659999951e-01,6.406298003070000080e-01,8.272657450079999863e-01,8.802611367129999920e-01,9.128264208909999677e-01,8.897849462369999962e-01,7.183563748079999645e-01,5.319508448540000156e-01,5.086021505379999530e-01,6.041474654380000198e-01,6.711213517670000517e-01
2.819593787329999768e-01,5.301672640379999635e-01,7.711469534049999464e-01,8.440860215050000059e-01,9.140979689370000161e-01,8.832138590200000472e-01,8.189964157710000192e-01,7.596176821979999660e-01,7.034647550779999925e-01,6.221027479089999979e-01,6.928912783749999749e-01,7.439068100360000102e-01
3.207885304659999770e-01,6.002688172040000492e-01,8.240143369179999677e-01,9.312724014340000300e-01,1.014336917560000106e+00,9.357526881719999690e-01,8.654121863799999481e-01,6.848566308239999456e-01,5.776881720430000478e-01,6.743727598569999593e-01,8.904121863799999703e-01,8.571684587810000089e-01
4.130824372760000252e-01,7.345878136200000297e-01,9.189964157700000191e-01,9.241935483869999635e-01,9.125448028670000156e-01,8.887096774189999770e-01,7.718637992829999739e-01,7.383512544800000521e-01,6.326164874549999872e-01,7.001792114689999735e-01,8.297491039419999659e-01,6.992831541220000391e-01
2.182123655909999904e-01,6.814516129030000480e-01,8.780913978500000105e-01,9.227822580650000273e-01,9.503360215049999615e-01,9.444892473120000131e-01,9.367607526879999646e-01,8.758736559140000155e-01,7.748655913980000420e-01,6.455645161290000100e-01,7.821236559140000155e-01,7.923387096770000415e-01
5.267741935480000359e-01,8.675806451609999748e-01,7.896774193550000209e-01,7.546774193549999898e-01,9.291935483869999679e-01,9.898924731179999936e-01,9.419354838710000122e-01,7.274193548389999986e-01,4.945698924729999835e-01,4.910215053759999781e-01,6.877419354839999777e-01,6.859139784950000207e-01
3.138528138530000209e-03,3.517316017319999967e-03,3.327922077920000138e-02,1.025974025969999953e-01,1.542207792209999984e-01,1.724567099569999928e-01,1.481601731599999916e-01,1.845238095239999931e-01,2.149350649350000031e-01,3.229437229439999779e-01,4.914502164499999770e-01,5.568722943730000097e-01
1.445519713260000061e-01,2.004301075269999954e-01,3.242293906809999848e-01,5.402508960580000297e-01,7.480645161290000456e-01,7.756272401429999963e-01,7.848387096769999793e-01,6.850179211469999974e-01,7.008960573479999789e-01,7.218279569890000413e-01,7.686738351249999823e-01,8.465949820789999691e-01
2.280167264040000030e-01,3.381720430110000120e-01,3.691158900829999978e-01,4.588410991640000103e-01,7.116487455200000145e-01,7.789725209079999546e-01,7.812425328550000048e-01,6.618876941450000384e-01,6.195937873350000347e-01,6.321385902030000059e-01,6.851254480280000170e-01,7.602150537630000260e-01
4.578853046590000142e-01,6.010752688170000191e-01,5.799283154119999617e-01,7.089605734770000334e-01,8.498207885299999820e-01,8.743727598560000480e-01,8.204301075269999632e-01,7.754480286739999784e-01,7.449820788530000515e-01,7.514336917560000551e-01,7.688172043009999790e-01,9.238351254479999497e-01
1.257748260600000112e-01,2.229285262490000030e-01,3.528779253639999780e-01,5.691967109429999505e-01,8.731499051229999475e-01,9.250790638839999636e-01,8.805819101830000273e-01,8.443706514859999901e-01,9.375711574949999738e-01,1.010436432639999937e+00,1.021347248579999922e+00,9.326375711569999671e-01
1.909274193549999887e-01,3.864247311830000253e-01,7.445564516129999921e-01,1.108333333330000059e+00,1.361760752689999965e+00,1.408266129030000036e+00,1.309475806450000057e+00,1.232862903230000029e+00,1.327889784949999985e+00,1.439919354839999999e+00,1.526008064520000040e+00,1.490456989249999920e+00
2.186021505380000007e-01,4.665591397850000210e-01,6.510752688169999525e-01,6.724731182800000040e-01,5.531182795700000376e-01,3.668817204300000023e-01,1.441935483869999923e-01,9.096774193550000165e-02,5.000000000000000278e-02,2.645161290320000025e-02,3.526881720430000144e-02,3.958064516129999877e-01
4.313620071679999946e-01,6.215053763440000489e-01,6.464157706090000177e-01,6.471326164870000452e-01,8.059139784940000384e-01,8.378136200710000203e-01,8.302867383509999755e-01,7.284946236560000399e-01,4.695340501790000176e-01,4.204301075269999965e-01,6.910394265229999888e-01,9.064516129030000258e-01
1.463888888890000073e-01,3.600925925930000271e-01,5.216666666670000119e-01,4.752777777780000101e-01,5.547222222219999610e-01,6.346296296300000250e-01,5.400000000000000355e-01,4.610185185180000200e-01,2.924074074069999973e-01,3.326851851850000097e-01,5.687037037040000298e-01,5.487962962960000191e-01
1.772401433690000139e-01,3.570788530469999889e-01,5.085125448030000106e-01,5.308243727600000517e-01,5.680107526880000535e-01,5.556451612899999670e-01,4.815412186379999793e-01,4.612007168460000028e-01,3.804659498210000157e-01,2.985663082439999894e-01,5.235663082439999672e-01,6.151433691759999878e-01
1.236559139780000066e-01,1.875000000000000000e-01,2.068548387099999886e-01,4.219086021510000117e-01,6.744623655910000348e-01,6.571236559140000155e-01,5.409946236560000399e-01,4.595430107530000252e-01,5.244623655910000126e-01,6.334677419349999949e-01,6.493279569890000325e-01,5.962365591399999554e-01
3.784946236560000066e-01,3.508064516130000032e-01,4.793010752690000098e-01,7.075268817200000004e-01,7.553763440859999623e-01,7.825268817199999560e-01,6.303763440859999623e-01,3.456989247310000013e-01,4.543010752689999876e-01,6.532258064520000129e-01,1.023924731179999936e+00,1.123118279570000100e+00
7.344086021510000395e-02,2.304301075269999943e-01,4.586021505380000196e-01,6.255913978489999749e-01,6.350537634409999521e-01,5.663440860220000372e-01,5.135483870970000142e-01,4.792473118280000111e-01,4.462365591399999887e-01,4.968817204300000068e-01,7.319354838710000477e-01,9.113978494619999760e-01
1.734946236559999910e-01,3.129569892469999948e-01,4.704301075269999854e-01,5.125268817200000493e-01,5.445698924730000279e-01,5.184946236559999644e-01,5.158064516129999832e-01,5.152688172039999737e-01,4.612365591400000020e-01,4.757526881720000045e-01,6.523655913979999887e-01,7.510215053759999870e-01
1.683691756269999895e-01,3.077060931899999741e-01,4.790322580649999940e-01,6.413978494619999582e-01,7.601254480279999726e-01,6.681899641580000271e-01,6.040322580639999606e-01,5.380824372760000252e-01,5.554659498209999491e-01,6.898745519710000051e-01,8.643369175630000179e-01,9.668458781359999810e-01
2.738095238089999772e-01,4.501536098310000011e-01,5.089093702000000441e-01,5.332565284179999754e-01,5.887096774200000215e-01,5.785714285709999682e-01,5.766513056840000262e-01,4.951612903229999918e-01,4.345622119820000129e-01,4.890937019969999744e-01,7.150537634410000232e-01,7.123655913980000420e-01
5.378360215049999837e-01,7.446236559140000377e-01,8.069220430110000120e-01,9.196236559139999711e-01,1.020698924730000012e+00,8.983870967739999713e-01,9.003360215050000281e-01,7.618279569889999658e-01,6.967741935479999649e-01,7.159274193550000387e-01,8.711693548390000430e-01,8.366935483870000523e-01
2.747311827960000064e-01,4.478494623659999840e-01,7.560215053759999915e-01,8.875268817200000493e-01,9.623655913980000420e-01,9.187096774190000037e-01,8.509677419350000216e-01,8.074193548389999586e-01,8.083870967740000024e-01,8.731182795699999888e-01,8.924731182799999774e-01,7.656989247309999858e-01
5.137096774189999770e-01,6.997311827959999952e-01,8.986559139790000206e-01,1.158064516130000055e+00,1.062365591400000087e+00,1.035483870970000053e+00,9.153225806450000501e-01,9.290322580650000051e-01,1.118817204299999979e+00,1.168817204300000023e+00,1.091935483869999945e+00,9.706989247309999458e-01
2.193932411670000138e-01,2.762288786479999980e-01,3.380568356370000083e-01,2.509600614440000155e-01,3.163210445469999965e-01,4.066820276499999998e-01,4.144009216589999989e-01,3.638632872500000004e-01,1.807987711210000126e-01,1.336021505380000085e-01,1.486175115210000008e-01,1.684715821810000014e-01
1.851851851849999897e-01,2.602150537630000260e-01,2.925328554359999944e-01,3.392473118279999977e-01,3.912783751489999906e-01,4.230585424130000050e-01,3.753285543609999886e-01,2.859617682200000233e-01,1.655316606929999879e-01,1.277180406210000063e-01,1.387694145760000053e-01,1.543010752689999987e-01
3.321236559140000044e-01,4.971774193549999832e-01,8.120967741939999485e-01,8.831989247310000346e-01,8.576612903229999807e-01,7.635752688169999969e-01,5.779569892470000081e-01,1.344086021509999923e-03,0.000000000000000000e+00,0.000000000000000000e+00,7.614247311830000253e-01,1.004838709679999997e+00
2.348566308239999900e-01,3.345878136200000075e-01,5.284050179210000309e-01,5.581541218640000412e-01,6.288530465949999648e-01,6.515232974910000197e-01,5.923835125449999905e-01,6.421146953399999857e-01,5.804659498209999713e-01,6.344086021510000339e-01,8.083333333329999482e-01,9.196236559139999711e-01
5.188505747130000012e-01,6.849425287360000336e-01,7.409195402299999511e-01,6.902298850579999812e-01,6.844827586210000536e-01,7.318390804600000132e-01,5.711494252869999677e-01,3.740229885060000203e-01,0.000000000000000000e+00,0.000000000000000000e+00,1.856321839079999869e-01,3.699999999999999956e-01
2.800000000000000266e-01,3.920430107530000208e-01,5.325806451610000103e-01,5.100000000000000089e-01,6.355913978489999838e-01,7.266666666669999719e-01,6.222580645159999646e-01,6.183870967739999447e-01,7.240860215050000104e-01,7.682795698919999694e-01,7.702150537630000349e-01,6.665591397850000321e-01
3.729390680999999930e-01,6.765232974910000419e-01,9.270609318989999625e-01,9.892473118279999644e-01,1.001344086020000024e+00,1.082258064519999952e+00,1.061738351250000045e+00,8.773297491039999674e-01,7.525089605739999632e-01,6.327060931900000407e-01,7.411290322579999756e-01,7.945340501790000287e-01
3.531586021509999784e-01,8.082661290320000136e-01,1.024529569890000102e+00,1.062701612899999981e+00,1.081720430110000075e+00,1.075940860220000017e+00,1.030645161290000056e+00,8.928091397849999833e-01,7.689516129029999592e-01,6.410618279569999522e-01,7.388440860220000239e-01,7.858198924729999923e-01
2.898387096769999838e-01,4.874193548390000075e-01,6.742473118280000177e-01,7.509677419360000217e-01,7.954838709679999953e-01,8.305376344089999696e-01,7.947849462370000229e-01,7.168817204299999801e-01,6.943010752689999787e-01,6.779032258060000427e-01,7.774193548390000430e-01,7.927956989250000142e-01
1.981182795699999999e-01,3.350806451610000014e-01,5.952284946239999597e-01,6.694892473119999909e-01,7.562499999999999778e-01,7.519489247309999458e-01,7.124327956989999766e-01,6.514784946239999819e-01,6.110887096770000193e-01,6.912634408600000224e-01,8.056451612899999670e-01,7.969086021510000117e-01
1.951612903219999973e-01,3.010752688169999747e-01,4.415770609319999984e-01,4.919952210269999959e-01,5.409796893670000273e-01,6.112305854239999947e-01,5.852449223419999846e-01,6.357825567499999497e-01,6.230585424140000494e-01,6.326762246120000155e-01,7.455197132619999500e-01,6.976105137400000489e-01
2.791666666670000185e-01,5.405241935479999649e-01,6.807795698919999472e-01,7.504032258060000515e-01,8.296370967739999935e-01,8.521505376339999493e-01,8.745967741939999485e-01,9.038306451609999792e-01,8.467741935479999871e-01,8.814516129030000036e-01,9.395161290319999914e-01,9.100806451609999570e-01
3.127956989249999764e-01,4.847311827960000263e-01,6.654838709679999909e-01,7.602688172039999692e-01,8.469892473119999821e-01,8.691935483870000256e-01,7.636021505379999574e-01,6.988172043010000278e-01,6.344086021510000339e-01,6.825806451610000325e-01,7.108602150539999887e-01,6.876881720430000344e-01
9.692780337930000101e-02,2.278801843319999965e-01,4.246543778799999891e-01,6.124423963139999927e-01,6.740399385559999734e-01,6.711981566820000022e-01,5.132872503840000267e-01,1.459293394780000102e-03,0.000000000000000000e+00,0.000000000000000000e+00,2.966205837170000081e-01,7.205069124420000470e-01
3.039426523300000071e-01,3.937275985659999811e-01,7.042114695340000452e-01,8.486559139789999762e-01,9.674731182800000440e-01,9.543906810040000410e-01,7.194444444440000197e-01,7.864695340499999743e-01,7.039426523299999738e-01,7.727598566309999972e-01,8.586021505380000418e-01,9.419354838710000122e-01
3.578255675030000277e-02,6.827956989239999941e-02,1.734169653519999910e-01,3.814814814809999732e-01,3.317204301069999750e-01,2.869175627239999860e-01,1.737753882910000047e-01,1.792114695340000076e-04,0.000000000000000000e+00,0.000000000000000000e+00,1.005973715649999961e-01,3.420549581840000020e-01
2.986223118279999755e-01,5.503696236559999511e-01,7.391801075270000299e-01,8.011088709679999864e-01,8.197580645159999735e-01,7.521841397849999833e-01,7.135752688169999525e-01,7.299395161289999878e-01,6.631384408599999558e-01,4.689852150539999820e-01,3.783602150540000264e-01,3.188844086020000135e-01
2.500672043009999901e-01,4.913978494619999915e-01,6.875672043010000456e-01,7.396505376340000160e-01,8.147849462370000406e-01,6.715725806450000279e-01,4.911962365590000212e-01,1.276881720430000054e-03,0.000000000000000000e+00,0.000000000000000000e+00,3.313172043010000067e-02,1.264784946239999874e-01
0.000000000000000000e+00,1.321839080459999982e-01,3.865900383140000174e-01,5.680076628350000378e-01,7.321839080459999760e-01,7.567049808429999747e-01,4.909961685820000143e-01,5.747126436780000160e-04,0.000000000000000000e+00,0.000000000000000000e+00,9.329501915710000648e-02,2.440613026819999920e-01
5.518817204299999446e-01,7.540860215050000370e-01,9.323118279569999611e-01,1.036774193549999890e+00,1.096505376339999893e+00,1.060537634409999930e+00,1.031989247310000080e+00,1.070215053759999924e+00,1.025215053759999995e+00,1.009086021509999931e+00,1.083225806449999995e+00,1.083225806449999995e+00
1.238025415439999999e-01,2.269305962850000080e-01,3.478005865100000094e-01,4.087487781040000101e-01,4.309872922779999782e-01,4.840175953079999815e-01,3.882697947209999834e-01,3.511241446719999826e-01,2.987781036170000237e-01,3.097262952100000022e-01,4.764907135879999922e-01,6.265395894430000334e-01
4.189068100359999991e-01,6.954301075269999632e-01,8.215949820789999469e-01,8.270609318999999626e-01,9.247311827959999730e-01,9.268817204299999446e-01,8.917562724009999719e-01,7.545698924729999923e-01,6.106630824369999599e-01,6.377240143369999892e-01,7.171146953410000302e-01,8.415770609320000206e-01
1.961290322579999912e-01,3.393548387099999952e-01,5.154838709679999686e-01,6.397849462360000183e-01,5.400000000000000355e-01,5.759139784950000340e-01,5.543010752689999654e-01,3.996774193550000076e-01,3.901075268820000108e-01,5.275268817199999516e-01,7.309677419350000260e-01,8.236559139779999761e-01
2.402812241520000114e-01,4.751033912320000163e-01,6.120347394539999986e-01,7.063275434250000373e-01,7.779156327549999750e-01,7.543010752690000320e-01,6.416459884199999797e-01,5.276674937969999535e-01,4.254342431759999821e-01,6.663358147229999640e-01,1.008602150540000020e+00,1.024276261370000052e+00
2.669354838710000233e-01,4.118279569889999880e-01,5.122759856630000330e-01,5.105734767020000398e-01,5.323476702510000491e-01,5.958781362010000526e-01,6.158602150540000153e-01,6.119175627239999971e-01,6.145161290320000358e-01,6.649641577060000364e-01,8.875448028669999934e-01,9.085125448030000328e-01
1.504166666669999874e-01,3.135000000000000009e-01,4.673333333329999784e-01,5.535833333330000272e-01,5.691666666669999985e-01,5.280000000000000249e-01,5.040000000000000036e-01,4.975833333329999775e-01,5.043333333330000112e-01,5.390000000000000346e-01,7.465000000000000524e-01,8.688333333329999464e-01
3.158900836319999961e-01,5.133213859020000491e-01,6.242532855439999473e-01,6.843488649940000501e-01,8.057945041820000487e-01,7.013142174430000431e-01,6.781362007169999817e-01,7.331541218639999746e-01,7.504181600960000420e-01,8.976105137400000045e-01,1.084647550779999969e+00,1.217443249700000063e+00
2.052297165199999940e-01,4.330400782009999894e-01,6.875366568920000532e-01,7.195014662759999791e-01,6.982404692089999587e-01,6.870478983390000405e-01,6.355816226789999801e-01,5.733137829909999983e-01,5.566959921799999877e-01,6.880742912999999739e-01,8.961876832849999808e-01,1.010899315739999915e+00
1.492383512550000124e-01,3.417114695340000008e-01,5.573028673829999446e-01,6.869623655909999904e-01,7.311827956990000210e-01,6.604390680999999708e-01,5.850806451610000014e-01,4.939964157710000081e-01,4.006272401429999963e-01,4.861111111110000271e-01,8.021057347669999782e-01,9.965053763440000489e-01
1.658730158729999904e-01,2.948412698410000088e-01,4.215079365080000029e-01,5.069841269839999720e-01,5.862698412700000361e-01,5.276190476190000256e-01,4.936507936510000083e-01,5.515079365080000073e-01,5.651587301589999779e-01,6.369047619050000053e-01,7.792063492070000486e-01,8.079365079370000036e-01
2.052380952379999901e-01,3.470634920630000231e-01,3.496825396820000265e-01,3.780952380950000080e-01,4.895238095239999865e-01,4.755555555559999870e-01,3.941269841269999796e-01,4.421428571430000010e-01,4.048412698409999955e-01,4.274603174600000166e-01,5.434126984129999949e-01,6.231746031749999526e-01
6.347542242699999449e-01,9.392473118280000310e-01,1.032411674350000030e+00,1.040821812599999951e+00,1.133640552999999995e+00,1.090937019969999922e+00,1.086597542240000047e+00,1.089247311829999898e+00,1.058525345619999891e+00,9.704685099850000052e-01,1.052534562209999969e+00,1.029915514590000081e+00
1.463560334529999951e-01,4.373357228190000168e-01,8.254480286740000228e-01,9.192353643970000432e-01,9.823178016729999795e-01,9.301075268820000463e-01,8.683393070489999754e-01,8.186977299879999448e-01,7.161290322579999534e-01,6.949820788530000071e-01,8.408602150539999931e-01,8.494026284350000289e-01
1.325652841780000091e-01,4.106758832569999962e-01,7.329493087559999509e-01,9.328725038409999559e-01,9.919354838709999456e-01,1.010599078340000068e+00,8.483102918589999764e-01,7.386328725040000043e-01,6.006144393240000490e-01,4.675883256530000143e-01,5.993087557599999782e-01,5.797235023040000490e-01
4.530465949819999921e-02,8.293906810029999521e-02,1.081362007170000028e-01,1.694265232970000035e-01,2.915053763439999779e-01,3.500716845879999761e-01,4.370609319000000048e-01,4.606451612899999937e-01,4.870250896059999945e-01,5.621863799280000240e-01,6.322580645159999735e-01,6.394265232979999825e-01
8.075268817210000394e-02,9.290322580639999439e-02,1.615053763440000012e-01,2.632258064519999996e-01,4.488172043009999723e-01,5.991397849459999536e-01,6.339784946240000219e-01,7.097849462359999695e-01,8.959139784949999852e-01,1.064193548390000021e+00,1.373978494619999990e+00,1.347849462369999918e+00
1.313844086020000135e-01,2.830645161290000211e-01,4.112903225810000118e-01,5.927419354840000043e-01,6.786962365590000212e-01,6.982526881720000356e-01,6.455645161290000100e-01,5.684811827960000175e-01,5.224462365590000212e-01,5.590053763440000489e-01,6.317876344089999874e-01,6.688172043010000012e-01
1.212365591400000053e-01,2.795026881720000245e-01,4.705645161290000211e-01,7.578629032260000287e-01,8.887096774189999770e-01,9.256048387099999886e-01,8.868951612900000114e-01,6.987231182799999996e-01,5.719086021510000339e-01,7.018145161290000322e-01,8.624327956989999988e-01,9.551747311830000031e-01
9.376344086019999802e-02,1.425806451609999970e-01,1.910752688169999880e-01,2.552688172040000203e-01,2.575268817199999893e-01,3.079569892469999903e-01,2.939784946239999974e-01,2.504301075270000121e-01,2.679569892470000103e-01,2.730107526880000135e-01,2.910752688170000213e-01,2.927956989250000142e-01
0.000000000000000000e+00,0.000000000000000000e+00,0.000000000000000000e+00,0.000000000000000000e+00,0.000000000000000000e+00,0.000000000000000000e+00,0.000000000000000000e+00,0.000000000000000000e+00,0.000000000000000000e+00,0.000000000000000000e+00,0.000000000000000000e+00,0.000000000000000000e+00
4.355606758830000147e-01,6.280337941629999809e-01,6.284178187410000005e-01,6.995391705069999855e-01,7.779569892480000526e-01,8.884792626730000364e-01,8.248847926269999853e-01,7.013056835640000264e-01,6.006144393240000490e-01,6.497695852539999706e-01,8.840245775730000144e-01,9.658218125959999734e-01
5.812903225809999963e-01,6.349462365589999546e-01,7.681720430109999498e-01,7.372043010750000125e-01,7.323655913979999488e-01,9.060215053760000137e-01,9.234408602150000478e-01,8.004301075269999455e-01,6.889247311830000164e-01,7.521505376339999716e-01,1.053548387099999983e+00,1.146344086020000042e+00
4.293906810029999854e-01,5.676821983269999539e-01,6.506571087219999994e-01,6.949223416969999567e-01,8.143369175629999734e-01,8.428912783749999971e-01,8.054958183989999743e-01,7.031063321389999787e-01,4.916367980879999822e-01,4.227001194739999912e-01,5.026881720429999811e-01,5.922939068100000481e-01
2.563844086020000135e-01,3.653897849459999958e-01,5.234543010750000169e-01,5.428763440860000511e-01,6.056451612900000114e-01,6.852822580649999828e-01,6.600806451609999570e-01,5.733870967740000157e-01,4.752688172039999936e-01,4.833333333329999926e-01,6.112903225810000230e-01,5.778897849459999625e-01
4.506144393240000268e-01,5.728110599079999643e-01,6.478494623660000507e-01,8.320276497699999885e-01,9.609062980039999591e-01,8.585253456229999802e-01,7.211213517669999851e-01,6.339477726579999528e-01,5.567588325660000059e-01,4.721198156679999869e-01,5.296466973890000540e-01,4.859447004610000231e-01
4.755376344089999874e-01,6.965053763440000045e-01,8.065412186379999904e-01,9.120967741940000373e-01,9.318996415770000041e-01,8.502688172040000492e-01,7.764336917559999662e-01,7.275089605729999631e-01,6.032258064509999906e-01,5.292114695340000008e-01,6.374551971320000510e-01,6.199820788530000515e-01
1.497013142170000033e-01,2.695937873359999792e-01,5.548387096769999971e-01,7.621863799289999575e-01,8.491039426530000434e-01,7.736559139790000206e-01,7.823178016730000239e-01,6.599761051379999799e-01,4.725806451610000125e-01,4.127837514930000062e-01,4.815412186379999793e-01,5.961170848269999878e-01
6.505376344089999763e-02,1.858422939069999946e-01,3.893369175629999845e-01,5.310483870969999742e-01,6.544802867379999611e-01,6.619175627240000415e-01,5.869175627239999748e-01,4.571236559140000044e-01,2.989695340499999854e-01,2.811827956990000099e-01,3.320340501790000065e-01,3.727598566309999750e-01
3.438172043009999901e-01,5.427419354839999599e-01,8.069892473119999465e-01,9.045250896059999768e-01,9.390232974909999974e-01,9.150089605740000520e-01,8.661738351250000134e-01,8.555555555560000469e-01,8.345878136200000075e-01,8.309587813619999652e-01,9.156810035839999529e-01,9.612007168459999473e-01
2.101254480289999893e-01,5.307347670249999982e-01,7.005376344089999652e-01,8.009856630830000102e-01,9.252688172040000048e-01,8.829749103940000010e-01,7.840501792109999535e-01,4.716845878140000226e-01,4.167562724009999942e-01,4.724910394260000146e-01,5.636200716849999459e-01,9.210573476700000262e-01
3.637500000000000178e-01,5.100000000000000089e-01,6.738888888890000040e-01,7.086111111109999472e-01,7.788888888889999862e-01,8.573611111109999960e-01,6.945833333330000414e-01,5.711111111109999916e-01,5.598611111110000094e-01,8.211111111109999916e-01,9.388888888890000173e-01,1.014444444440000037e+00
6.668817204300000467e-01,8.351612903230000162e-01,6.623655913979999976e-01,6.386021505379999574e-01,7.943010752689999565e-01,8.743010752690000276e-01,8.904301075270000254e-01,6.506451612900000514e-01,5.737634408599999736e-01,5.438709677420000554e-01,5.820430107530000230e-01,5.223655913979999843e-01
3.693548387100000219e-01,6.284946236559999511e-01,6.638440860209999794e-01,7.020161290319999470e-01,7.279569892470000303e-01,7.154569892469999637e-01,6.618279569889999880e-01,5.544354838709999456e-01,5.779569892470000081e-01,6.361559139789999540e-01,6.965053763440000045e-01,6.137096774189999548e-01
1.880645161289999923e-01,4.998924731180000025e-01,7.344086021510000117e-01,7.848387096769999793e-01,8.250537634410000098e-01,7.910752688169999658e-01,7.455913978499999484e-01,7.711827956989999455e-01,7.521505376349999494e-01,7.590322580649999651e-01,8.389247311830000386e-01,7.811827956989999544e-01
3.340501792109999979e-01,6.758064516130000143e-01,8.501792114699999736e-01,9.011648745520000059e-01,8.974014336919999835e-01,8.597670250900000255e-01,8.339605734770000334e-01,7.683691756270000228e-01,7.564516129030000036e-01,6.986559139779999761e-01,7.101254480290000171e-01,7.259856630830000546e-01
4.850998463899999780e-01,7.764976958529999918e-01,8.971582181260000510e-01,9.009216589870000513e-01,9.629800307220000022e-01,9.392473118280000310e-01,9.950844854070000078e-01,1.027342549919999959e+00,1.017281105989999990e+00,1.141090629800000089e+00,1.170353302609999924e+00,1.098847926269999942e+00
3.537634408600000002e-01,5.622119815670000298e-01,6.632872503840000489e-01,7.272657450080000086e-01,7.716589861749999502e-01,8.098310291860000287e-01,8.007680491549999946e-01,7.549923195090000316e-01,7.970814132110000116e-01,8.204301075269999632e-01,8.988479262680000303e-01,8.533794162829999586e-01
4.358870967740000046e-01,7.026881720430000478e-01,8.817204301080000528e-01,8.847446236560000399e-01,9.438844086019999580e-01,9.901209677419999799e-01,1.043884408600000091e+00,8.579301075270000521e-01,7.132392473119999465e-01,8.555107526880000313e-01,1.096572580639999961e+00,1.127553763439999912e+00
1.637634408599999980e-01,2.618279569890000213e-01,3.835483870970000098e-01,4.349462365589999990e-01,4.206451612900000137e-01,4.536559139790000139e-01,4.013978494620000226e-01,3.707526881720000222e-01,2.505376344090000096e-01,2.377419354839999943e-01,3.630107526879999824e-01,4.424731182800000218e-01
7.105734767019999953e-01,9.747311827950000396e-01,1.035663082439999938e+00,1.090143369179999988e+00,1.158960573479999923e+00,1.144982078850000029e+00,1.183870967739999891e+00,1.080286738350000109e+00,1.106093189959999945e+00,1.109677419350000083e+00,1.046594982080000014e+00,1.115232974910000063e+00
4.336320191160000226e-01,7.060931899639999454e-01,7.991636798090000493e-01,8.840501792120000202e-01,8.665471923540000176e-01,8.872162485069999827e-01,8.459378733569999920e-01,8.948028673839999447e-01,8.502986857830000522e-01,9.221624850649999816e-01,9.795698924729999701e-01,9.903823178020000340e-01
2.819354838709999811e-01,7.370967741939999929e-01,9.705376344089999829e-01,1.012903225809999919e+00,1.040645161290000065e+00,8.691397849459999714e-01,9.211827956989999677e-01,9.070967741940000328e-01,8.041935483869999679e-01,8.196774193550000476e-01,8.577419354840000176e-01,8.152688172040000181e-01
1.653225806449999946e-01,4.248655913980000087e-01,6.448252688169999747e-01,6.823252688169999525e-01,7.203629032260000509e-01,6.985215053759999959e-01,5.719086021499999450e-01,4.032930107530000030e-01,6.048387096779999717e-04,0.000000000000000000e+00,4.099462365589999768e-01,5.867607526879999869e-01
2.410752688170000047e-01,5.351612903229999718e-01,7.922580645160000046e-01,9.120430107529999830e-01,8.830107526880000002e-01,7.772043010750000480e-01,8.160215053760000448e-01,8.083870967740000024e-01,8.093548387100000241e-01,7.922580645160000046e-01,9.322580645160000179e-01,9.764516129029999769e-01
8.944892473120000242e-02,3.008736559140000044e-01,6.044354838709999900e-01,8.958333333329999704e-01,1.013440860210000016e+00,9.536290322579999978e-01,6.390456989249999609e-01,1.084677419360000061e-01,1.076612903229999946e-01,9.677419354840000043e-02,1.490591397849999888e-01,8.421370967739999491e-01
1.826164874550000039e-01,4.519713261650000202e-01,6.431899641570000270e-01,9.781362007160000482e-01,1.252150537629999949e+00,1.085663082439999982e+00,1.066666666669999985e+00,1.033512544799999988e+00,9.172043010749999503e-01,1.092831541220000036e+00,1.106810035839999928e+00,1.420071684590000105e+00
2.018817204299999946e-01,3.808467741939999818e-01,5.379704301080000528e-01,6.309811827960000175e-01,6.548387096769999749e-01,5.952284946239999597e-01,6.025537634409999788e-01,5.552419354840000265e-01,5.052419354839999821e-01,3.991935483869999968e-01,4.709677419359999950e-01,5.296370967739999491e-01
2.780913978499999772e-01,6.528225806449999835e-01,8.727598566299999971e-01,1.041218637989999918e+00,1.094041218639999924e+00,1.143637992830000005e+00,1.172625448030000017e+00,1.129749103940000055e+00,1.079032258060000027e+00,1.039336917560000018e+00,1.011872759859999915e+00,1.050179211469999929e+00
1.086917562720000063e-01,2.599910394270000258e-01,5.089157706089999511e-01,7.428763440860000067e-01,8.617383512540000012e-01,8.285394265230000554e-01,7.787186379930000069e-01,6.185483870969999964e-01,5.064516129030000036e-01,4.935931899639999787e-01,5.814068100360000324e-01,6.582437275989999614e-01
1.026881720430000006e-01,2.132258064520000107e-01,4.252688172040000048e-01,5.213440860210000194e-01,5.738709677419999711e-01,5.625806451610000369e-01,5.560215053760000359e-01,4.961290322579999801e-01,4.258602150540000131e-01,4.412365591399999842e-01,5.352688172039999914e-01,5.913440860219999484e-01
1.041218637990000001e-01,2.379928315410000106e-01,4.706093189960000034e-01,5.844982078849999541e-01,6.104838709680000530e-01,5.648745519710000051e-01,5.777777777779999901e-01,5.754480286740000228e-01,5.586021505379999974e-01,6.206093189960000256e-01,6.567204301069999861e-01,6.755376344090000540e-01
7.859195402299999633e-02,1.445402298850000100e-01,1.643678160919999909e-01,1.304597701150000122e-01,8.405172413790000518e-02,9.913793103449999866e-02,7.428160919540000018e-02,0.000000000000000000e+00,0.000000000000000000e+00,0.000000000000000000e+00,5.359195402300000188e-02,1.419540229880000004e-01
2.279569892470000025e-02,1.178494623659999962e-01,3.463978494619999737e-01,5.217204301079999551e-01,6.431720430109999498e-01,6.208602150540000197e-01,5.930645161290000189e-01,6.173118279570000144e-01,5.209139784949999852e-01,4.425268817199999871e-01,4.244623655909999793e-01,3.669354838710000011e-01
1.679435483870000134e-01,2.229166666669999963e-01,3.565860215050000170e-01,4.990591397849999944e-01,5.871639784950000163e-01,5.598118279570000189e-01,3.823252688170000191e-01,1.008064516129999989e-03,0.000000000000000000e+00,0.000000000000000000e+00,9.697580645160000512e-02,2.722446236559999955e-01
2.582437275980000169e-01,3.669653524490000263e-01,5.264038231780000521e-01,6.460573476700000040e-01,7.868578255679999911e-01,7.043608124250000380e-01,6.825567502989999813e-01,6.602747909199999654e-01,6.970131421749999889e-01,9.345280764640000459e-01,1.064038231779999899e+00,1.066547192350000062e+00
2.698924731180000203e-01,3.942652329749999907e-01,4.093189964160000027e-01,5.439068100360000546e-01,6.942652329740000017e-01,7.130824372749999807e-01,5.992831541219999503e-01,7.820788530459999999e-01,8.736559139780000205e-01,9.745519713260000216e-01,1.063261648749999955e+00,9.935483870960000186e-01
1.962365591399999887e-01,5.611827956989999810e-01,7.712903225810000540e-01,8.724731182799999596e-01,7.938709677420000554e-01,7.621505376339999804e-01,7.041935483869999901e-01,6.096774193549999721e-01,5.239784946240000352e-01,4.492473118279999844e-01,5.115053763439999512e-01,6.310752688170000457e-01
2.275089605739999965e-01,4.039426523299999849e-01,5.395161290319999692e-01,6.347670250900000477e-01,7.931003584229999737e-01,7.260752688170000191e-01,6.532258064520000129e-01,5.985663082440000338e-01,5.307347670249999982e-01,5.344086021499999672e-01,7.309139784949999497e-01,7.957885304659999548e-01
2.800097751710000082e-01,4.768817204299999890e-01,5.743890518090000175e-01,6.454056696000000093e-01,6.520527859239999557e-01,6.362170087980000277e-01,6.081622678400000481e-01,6.371945259040000531e-01,6.656891495600000264e-01,7.588465298140000259e-01,9.361681329419999642e-01,1.022776148579999989e+00
1.676821983269999872e-01,2.115890083629999863e-01,3.259259259260000041e-01,4.448028673830000113e-01,5.852449223419999846e-01,6.913381123059999522e-01,7.087216248509999872e-01,6.530465949820000171e-01,6.500000000000000222e-01,9.238948626049999779e-01,1.071744324970000051e+00,1.124611708480000027e+00
1.755376344089999985e-01,4.120967741930000039e-01,6.591397849460000069e-01,1.222580645160000090e+00,1.413978494620000026e+00,1.345430107529999919e+00,1.187634408599999913e+00,8.975806451610000014e-01,9.693548387100000552e-01,1.038440860219999928e+00,1.685215053759999915e+00,1.786290322579999978e+00
1.345430107529999864e-01,3.175403225810000118e-01,6.155913978489999661e-01,8.032930107529999697e-01,8.237231182790000217e-01,8.809811827960000175e-01,8.576612903229999807e-01,8.850806451610000458e-01,8.639112903229999585e-01,9.756720430109999675e-01,1.035147849459999936e+00,1.031250000000000000e+00
1.990591397850000055e-01,3.811827956989999877e-01,4.994623655909999904e-01,4.494623655910000015e-01,3.309139784949999830e-01,2.819892473119999798e-01,2.833333333329999815e-01,2.075268817200000004e-01,1.119623655909999932e-01,8.951612903229999585e-02,1.032258064519999963e-01,9.744623655909999405e-02
3.142473118279999755e-01,5.109318996420000314e-01,5.835125448029999662e-01,6.118279569890000547e-01,6.700716845880000383e-01,6.751792114700000402e-01,6.843189964160000249e-01,6.074372759859999471e-01,3.956093189959999923e-01,3.099462365589999990e-01,4.228494623660000173e-01,4.379032258059999960e-01
4.093548387100000019e-01,5.302688172039999870e-01,5.439784946240000529e-01,5.156451612900000425e-01,5.344086021499999672e-01,5.759677419359999773e-01,5.053225806450000190e-01,4.212365591400000220e-01,3.025268817199999738e-01,3.146774193549999876e-01,4.445161290319999958e-01,4.855913978490000171e-01
6.676075268819999797e-01,8.342069892469999859e-01,8.635080645160000401e-01,5.842069892469999859e-01,8.579301075270000521e-01,1.003965053760000004e+00,9.871639784950000385e-01,9.413306451609999570e-01,5.703629032260000287e-01,5.891801075270000077e-01,6.337365591400000442e-01,6.391801075270000521e-01
9.425287356309999809e-02,1.582375478930000134e-01,2.467432950189999974e-01,3.431034482759999782e-01,4.373563218389999729e-01,4.250957854399999847e-01,4.143678160920000186e-01,3.576628352489999996e-01,2.260536398469999986e-01,1.567049808429999969e-01,1.381226053640000062e-01,2.388888888890000062e-01
2.767204301080000151e-01,4.244086021510000140e-01,6.312365591399999865e-01,7.486021505380000551e-01,8.237096774190000303e-01,7.613978494619999537e-01,6.634408602150000389e-01,6.526881720430000033e-01,6.523118279570000455e-01,7.623655913979999754e-01,8.934408602150000211e-01,1.022365591400000051e+00
3.284946236560000177e-01,4.471326164869999786e-01,6.553763440859999845e-01,8.252688172040000270e-01,9.813620071690000168e-01,8.447132616489999579e-01,7.095878136200000075e-01,6.246415770609999862e-01,6.740143369179999455e-01,7.474014336919999613e-01,8.812724014339999856e-01,9.328853046599999699e-01
3.732974910399999846e-01,4.507616487459999988e-01,5.152777777779999901e-01,5.834229390680000238e-01,6.133512544800000521e-01,6.461469534049999464e-01,5.495071684590000505e-01,5.286738351249999912e-01,4.648297491039999896e-01,5.021057347670000448e-01,8.048835125450000128e-01,1.010842293909999912e+00
1.137096774189999965e-01,1.575268817209999894e-01,1.359318996420000036e-01,1.830645161289999878e-01,1.921146953410000080e-01,1.655913978490000105e-01,1.802867383510000088e-01,1.677419354839999877e-01,1.726702508959999938e-01,1.328853046600000087e-01,2.890681003580000130e-01,3.823476702510000269e-01
1.149641577060000058e-01,2.239247311829999920e-01,3.972222222219999876e-01,6.048387096770000415e-01,6.384408602150000167e-01,6.671146953409999858e-01,6.474014336919999835e-01,5.935483870969999742e-01,4.760752688170000191e-01,3.689964157710000081e-01,3.660394265229999777e-01,5.027777777780000346e-01
4.793309438469999795e-01,7.758661887700000204e-01,9.559737156509999778e-01,9.934289127840000289e-01,1.041636798090000093e+00,1.052031063320000071e+00,1.013620071679999901e+00,9.590800477900000010e-01,8.745519713260000438e-01,7.908602150539999487e-01,1.042592592589999922e+00,1.037933094380000032e+00
3.079301075270000077e-01,5.510752688169999747e-01,8.330645161290000100e-01,9.044354838710000344e-01,8.622759856630000108e-01,8.503584229389999916e-01,8.072132616489999801e-01,7.367383512549999791e-01,7.056451612899999892e-01,7.794802867379999611e-01,8.490143369170000121e-01,8.861559139779999761e-01
3.038172043010000101e-01,4.870967741930000150e-01,6.603225806450000457e-01,6.775268817199999738e-01,6.940860215049999837e-01,7.083333333329999704e-01,6.379032258060000071e-01,5.681182795700000510e-01,5.238709677420000377e-01,5.783870967740000202e-01,7.625268817200000493e-01,8.971505376339999893e-01
1.777553763439999879e-02,2.741935483869999829e-02,3.104838709679999878e-02,4.230510752689999737e-02,1.118615591399999970e-01,1.534610215049999893e-01,1.603494623660000062e-01,2.291666666670000019e-01,2.798051075269999965e-01,2.708669354839999821e-01,3.103830645160000068e-01,3.701276881719999801e-01
6.913978494620000304e-02,2.010215053759999981e-01,3.314516129030000147e-01,5.018279569889999570e-01,6.111827956990000255e-01,6.566129032259999665e-01,5.999462365590000346e-01,4.832795698919999938e-01,4.408602150540000264e-01,4.558064516129999855e-01,5.600537634409999965e-01,5.521505376340000160e-01
2.521505376340000271e-01,3.701612903229999918e-01,5.368279569889999880e-01,6.754704301080000084e-01,6.959005376339999493e-01,7.861559139779999983e-01,8.100134408600000446e-01,7.013440860209999572e-01,7.132392473119999465e-01,8.288306451610000236e-01,1.021908602149999901e+00,9.570564516130000143e-01
3.240694789079999749e-01,4.949958643510000145e-01,6.072373862700000124e-01,6.853598014889999979e-01,6.939619520269999509e-01,7.404466501240000165e-01,7.987179487179999482e-01,7.322994210090000289e-01,6.919768403639999788e-01,7.549214226639999747e-01,9.916046319279999688e-01,1.007237386269999924e+00
1.273118279569999955e-01,2.446236559140000100e-01,4.398924731180000047e-01,6.026881720429999589e-01,6.875268817199999827e-01,8.092473118280000266e-01,7.530107526879999957e-01,6.668817204300000467e-01,6.487096774189999859e-01,7.723655913979999843e-01,9.076344086019999535e-01,8.993548387099999930e-01
1.219758064519999990e-01,2.624327956990000210e-01,4.444892473120000131e-01,5.554435483870000523e-01,6.298387096780000416e-01,6.282930107530000363e-01,5.938172043010000456e-01,6.504032258070000516e-01,8.471774193550000165e-01,1.013575268819999931e+00,1.056317204299999979e+00,1.083266129030000080e+00
4.384408602150000056e-01,8.893817204299999668e-01,1.015188172040000003e+00,9.315860215050000281e-01,9.361559139789999984e-01,1.031720430110000031e+00,9.284946236559999955e-01,8.388440860220000017e-01,5.504032258059999849e-01,3.401881720430000033e-01,4.477150537630000260e-01,5.052419354839999821e-01
1.747311827960000008e-01,1.685483870970000131e-01,3.341397849459999958e-01,5.408602150539999487e-01,6.782258064520000351e-01,6.809139784950000163e-01,5.801075268819999575e-01,6.803763440860000067e-01,6.833333333329999482e-01,8.360215053759999515e-01,7.639784946240000263e-01,8.473118279569999967e-01
2.900617283949999958e-01,4.661111111110000094e-01,5.901851851849999608e-01,6.030864197530000359e-01,6.243209876540000147e-01,6.207407407410000522e-01,4.529012345680000218e-01,2.356790123459999997e-01,2.026543209870000084e-01,2.046296296289999983e-01,4.025925925919999759e-01,5.695061728400000467e-01
1.389784946239999985e-01,2.178091397849999944e-01,2.069220430110000064e-01,2.534274193550000165e-01,4.033602150539999931e-01,3.828629032259999732e-01,2.954301075269999965e-01,2.579973118280000088e-01,1.923387096770000082e-01,3.006720430109999787e-01,4.913306451610000014e-01,5.465725806450000279e-01
7.365591397850000666e-02,1.922043010750000003e-01,3.430443548389999764e-01,4.974798387100000108e-01,6.333333333330000148e-01,6.198588709679999642e-01,5.945564516129999699e-01,5.774193548389999764e-01,5.979166666670000518e-01,8.366935483870000523e-01,9.698588709680000530e-01,9.776545698919999472e-01
3.635304659499999924e-01,4.493727598569999815e-01,6.200716845879999939e-01,7.436379928309999610e-01,7.756272401429999963e-01,8.143369175629999734e-01,8.462365591399999554e-01,7.814516129030000258e-01,6.750896057349999868e-01,6.962365591400000442e-01,1.118637992830000094e+00,1.454569892469999903e+00
2.224270353299999947e-01,4.087557603690000207e-01,5.463133640549999726e-01,6.762672811059999844e-01,7.011520737330000363e-01,6.135944700459999845e-01,6.406298003079999859e-01,5.781105990789999760e-01,5.480798771120000135e-01,5.761136712750000166e-01,8.701228878650000276e-01,1.029339477730000008e+00
2.408730158730000015e-01,3.732539682539999792e-01,4.622222222219999899e-01,4.862698412700000028e-01,4.531746031739999903e-01,4.548412698409999844e-01,4.548412698409999844e-01,4.107936507939999871e-01,3.731746031739999747e-01,3.598412698410000110e-01,5.131746031749999659e-01,6.667460317460000008e-01
3.037037037040000165e-01,5.153703703699999972e-01,5.488888888890000040e-01,6.831481481479999562e-01,8.575925925920000470e-01,6.859259259259999908e-01,4.651851851850000164e-01,9.259259259260000123e-04,0.000000000000000000e+00,0.000000000000000000e+00,2.029629629630000098e-01,6.307407407399999721e-01
1.236453201970000026e-01,2.642857142860000064e-01,3.907224958950000215e-01,4.497536945810000075e-01,5.316912972089999911e-01,5.545977011499999554e-01,4.723316912969999781e-01,4.238095238099999773e-01,3.735632183909999848e-01,3.594417077170000141e-01,4.356321839080000147e-01,5.856321839079999814e-01
9.187574671440000562e-02,1.409796893670000051e-01,2.480884109919999914e-01,3.431899641580000160e-01,4.121863799280000018e-01,4.752090800479999988e-01,4.231182795699999777e-01,3.649940262840000171e-01,3.564516129029999814e-01,3.298685782560000224e-01,3.553763440859999956e-01,3.805854241339999833e-01
3.157811511699999962e-01,5.177419354840000487e-01,6.316571790010000464e-01,6.617330803290000230e-01,6.676470588239999948e-01,6.505060088549999842e-01,6.350094876659999610e-01,6.126502213790000484e-01,5.309930423780000464e-01,4.877609108159999818e-01,6.092346616070000165e-01,6.248893105630000111e-01
9.938556067579999709e-02,1.112135176649999974e-01,1.784178187400000115e-01,2.463901689709999954e-01,3.209677419359999728e-01,3.503072196620000134e-01,3.449308755759999956e-01,3.500768049149999839e-01,2.922427035330000256e-01,2.584485407070000185e-01,3.557603686640000151e-01,4.010752688170000080e-01
2.411290322580000034e-01,4.115975422429999919e-01,6.393241167430000482e-01,7.395161290320000358e-01,6.937788018430000037e-01,7.390937019969999744e-01,7.122887864820000026e-01,6.721198156680000535e-01,5.979262672809999568e-01,5.660138248849999609e-01,6.331029185869999631e-01,6.505376344090000318e-01
2.416965352450000104e-01,3.795101553160000196e-01,4.261648745519999726e-01,4.333333333330000037e-01,4.537634408599999780e-01,4.467144563920000255e-01,4.137992831539999972e-01,4.002986857820000077e-01,3.304659498210000268e-01,3.025089605729999742e-01,3.578255675029999860e-01,3.739545997609999839e-01
3.995519713260000105e-01,6.183691756270000006e-01,6.614695340499999743e-01,6.796594982079999792e-01,7.375448028669999712e-01,7.346774193549999721e-01,7.126344086020000024e-01,6.430107526880000091e-01,4.984767025090000026e-01,5.448028673829999891e-01,7.021505376340000382e-01,6.864695340499999965e-01
3.442473118280000022e-01,6.865053763439999956e-01,8.726344086020000335e-01,9.238709677419999489e-01,9.488709677419999711e-01,9.344623655910000437e-01,9.179032258060000338e-01,8.270967741939999618e-01,6.066666666669999763e-01,5.441935483869999590e-01,5.830645161290000100e-01,5.308064516129999966e-01
3.882488479260000069e-01,7.243471582179999979e-01,8.909370199699999660e-01,8.598310291859999621e-01,8.980030721970000407e-01,9.253456221200000442e-01,9.386328725039999599e-01,9.322580645160000179e-01,7.609062980030000256e-01,7.311827956990000210e-01,7.117511520739999709e-01,6.055299539170000411e-01
4.859617682199999789e-01,8.240740740740000181e-01,8.416965352449999882e-01,7.551373954600000271e-01,7.983870967739999935e-01,7.894265232980000047e-01,8.256869772999999579e-01,7.216248506579999722e-01,6.553166069300000451e-01,6.846475507770000135e-01,7.549581839900000313e-01,7.853643966550000188e-01
1.198924731179999981e-01,2.130824372759999863e-01,2.869772998799999808e-01,3.175029868579999914e-01,3.453405017919999875e-01,3.581242532850000271e-01,3.386499402629999933e-01,3.337514934290000124e-01,2.884109916370000137e-01,3.140382317800000100e-01,4.454002389480000157e-01,5.399044205490000081e-01
2.209080047789999945e-01,3.626642771799999942e-01,5.902628434890000442e-01,7.195937873359999903e-01,8.028076463559999931e-01,7.337514934290000346e-01,5.635603345280000287e-01,5.112903225810000452e-01,5.464755077659999571e-01,5.952807646359999927e-01,6.756272401430000185e-01,7.402031063320000381e-01
0.000000000000000000e+00,2.427777777779999979e-01,8.330555555559999714e-01,9.797222222220000054e-01,1.172500000000000098e+00,9.880555555550000202e-01,6.640277777780000390e-01,1.527777777780000039e-03,0.000000000000000000e+00,0.000000000000000000e+00,6.650000000000000355e-01,1.237083333329999979e+00
3.317361111109999872e-01,6.342361111109999783e-01,8.130555555559999537e-01,8.520138888889999818e-01,9.679166666670000474e-01,8.729166666669999630e-01,6.895833333330000370e-01,1.388888888890000032e-03,0.000000000000000000e+00,0.000000000000000000e+00,0.000000000000000000e+00,5.154861111109999561e-01
1.173835125449999989e-01,2.188172043009999901e-01,3.577060931900000185e-01,4.485663082440000116e-01,7.275985663080000165e-01,6.732974910390000511e-01,6.241935483870000301e-01,6.258064516129999699e-01,5.283154121859999774e-01,5.621863799280000240e-01,6.286738351249999690e-01,6.003584229389999916e-01
5.296296296289999816e-02,1.616666666659999918e-01,3.183333333330000126e-01,5.055555555549999802e-01,6.651851851850000275e-01,7.564814814810000287e-01,7.653703703699999972e-01,6.787037037040000165e-01,6.159259259260000396e-01,4.966666666660000118e-01,6.064814814810000065e-01,6.014814814810000021e-01
0.000000000000000000e+00,0.000000000000000000e+00,3.860887096769999860e-01,7.119623655910000126e-01,8.146505376339999716e-01,8.889784946240000263e-01,8.607526881720000134e-01,6.850806451609999792e-01,6.122983870970000186e-01,5.577956989250000275e-01,6.357526881720000356e-01,6.123655913979999532e-01
4.737047898339999952e-01,8.015151515149999684e-01,9.774193548389999986e-01,9.573802541550000544e-01,8.887585532749999739e-01,8.533235581620000065e-01,8.354349951120000339e-01,8.106060606060000451e-01,6.770772238519999764e-01,6.117790811340000356e-01,6.990713587489999492e-01,6.987292277619999714e-01
2.646697388629999925e-01,4.388632872500000115e-01,6.480798771119999913e-01,7.201996927810000448e-01,6.997695852540000150e-01,7.185867895549999940e-01,7.014592933950000164e-01,7.142089093700000335e-01,6.333333333330000148e-01,6.608294930879999862e-01,7.093701996929999698e-01,7.355606758839999815e-01
3.274193548389999764e-01,6.260752688170000413e-01,9.277777777779999679e-01,1.072491039430000015e+00,1.058781362009999949e+00,9.453405017929999987e-01,9.370967741939999485e-01,9.617383512549999569e-01,9.299283154120000505e-01,9.264336917569999663e-01,9.745519713260000216e-01,8.870071684589999617e-01
2.583632019109999844e-01,4.634408602149999723e-01,6.268817204300000112e-01,7.631421744330000312e-01,8.540621266429999636e-01,7.879330943850000324e-01,7.543010752690000320e-01,7.652329749109999524e-01,8.145758661890000196e-01,9.005973715649999711e-01,9.906212664269999912e-01,1.043488649940000013e+00
0.000000000000000000e+00,7.790322580640000050e-01,1.013655913980000101e+00,1.106666666670000021e+00,1.064623655909999966e+00,1.074946236559999990e+00,1.090860215049999971e+00,8.935483870970000186e-01,6.224731182799999596e-01,4.297849462369999762e-01,6.960215053760000492e-01,7.506451612900000292e-01
2.541935483869999790e-01,3.626881720430000233e-01,4.448387096770000104e-01,5.029032258059999982e-01,6.611827956989999588e-01,6.305376344090000140e-01,5.624731182800000173e-01,5.696774193550000476e-01,5.316129032259999665e-01,4.843010752690000142e-01,5.330107526880000224e-01,5.148387096769999616e-01
2.353763440860000000e-01,3.523655913979999998e-01,4.095698924730000190e-01,4.490322580650000228e-01,5.156989247309999858e-01,4.717204301080000217e-01,4.088172043009999923e-01,0.000000000000000000e+00,0.000000000000000000e+00,0.000000000000000000e+00,1.872043010749999958e-01,4.572043010749999858e-01
3.172043010750000280e-02,6.794001131870000543e-02,1.737973967180000134e-01,3.583191850590000116e-01,5.446236559139999711e-01,6.475947934350000379e-01,6.007640067909999493e-01,4.102433503110000101e-01,2.542444821729999971e-01,1.701188455010000100e-01,2.148273910580000001e-01,3.795981890210000098e-01
2.426523297490000008e-01,2.779569892470000192e-01,4.864695340499999854e-01,6.515232974910000197e-01,7.417562724020000386e-01,8.931003584229999515e-01,8.801971326170000554e-01,6.495519713259999550e-01,4.536738351260000135e-01,4.259856630819999768e-01,5.208781362009999860e-01,6.793906810040000188e-01
1.307347670250000038e-01,3.504480286739999895e-01,6.147849462359999961e-01,6.221326164880000009e-01,5.034946236559999511e-01,6.004480286740000450e-01,5.545698924730000368e-01,4.499103942650000132e-01,2.979390680999999819e-01,2.846774193550000165e-01,3.890681003579999908e-01,4.413978494620000026e-01
