0.000000000000000000e+00,4.990740740740000070e-01,1.122949735449999986e+00,1.277248677250000020e+00,1.367923280420000109e+00,1.413955026450000041e+00,1.126455026449999952e+00,2.777777777780000065e-03,0.000000000000000000e+00,0.000000000000000000e+00,4.464285714289999984e-01,9.312830687830000453e-01
0.000000000000000000e+00,5.511904761910000339e-01,1.017261904760000002e+00,1.128422619049999964e+00,1.237648809520000004e+00,1.167559523810000055e+00,1.107886904759999958e+00,3.720238095240000192e-03,0.000000000000000000e+00,0.000000000000000000e+00,7.601190476189999545e-01,1.037500000000000089e+00
3.318452380949999947e-01,4.722619047619999733e-01,5.996428571430000298e-01,7.585119047620000332e-01,8.845238095240000042e-01,8.905952380949999636e-01,8.786309523809999744e-01,7.920238095239999776e-01,6.417261904759999913e-01,6.771428571430000432e-01,8.141071428570000323e-01,8.506547619050000009e-01
2.367346938769999964e-01,4.068877551019999816e-01,6.120748299320000196e-01,7.355442176869999571e-01,7.877551020409999660e-01,8.089285714289999873e-01,7.485544217690000002e-01,6.826530612250000241e-01,6.007653061230000535e-01,7.333333333339999704e-01,8.417517006810000257e-01,8.842687074830000160e-01
4.682539682540000081e-01,6.976190476189999545e-01,9.073412698410000532e-01,1.034920634919999971e+00,1.047023809519999960e+00,1.168452380950000036e+00,1.108134920629999964e+00,9.716269841260000151e-01,1.073809523810000055e+00,1.185912698409999910e+00,1.419642857139999936e+00,1.314285714289999962e+00
3.458333333329999815e-01,5.782738095239999820e-01,7.412946428569999746e-01,8.328124999999999556e-01,8.617559523810000011e-01,8.221726190479999863e-01,8.287946428569999968e-01,7.816964285709999682e-01,7.947172619050000275e-01,9.227678571430000254e-01,1.100669642860000019e+00,1.156398809519999960e+00
7.574404761910000228e-02,1.689732142860000119e-01,3.206845238100000106e-01,4.640624999999999889e-01,5.046874999999999556e-01,5.218749999999999778e-01,4.498511904759999736e-01,3.844494047620000132e-01,3.091517857139999825e-01,3.649553571429999810e-01,5.139136904759999958e-01,5.922619047620000243e-01
3.157738095240000264e-01,2.680059523810000011e-01,3.334077380950000169e-01,4.357142857140000047e-01,4.880952380949999947e-01,4.807291666669999963e-01,4.040922619050000275e-01,3.281250000000000000e-01,2.503720238089999772e-01,2.989583333329999815e-01,3.906250000000000000e-01,5.589285714289999873e-01
0.000000000000000000e+00,1.689880952380000134e-01,3.766071428569999768e-01,3.863690476189999834e-01,4.329761904760000002e-01,4.272023809520000270e-01,4.211309523810000122e-01,4.124999999999999778e-01,3.854761904760000135e-01,3.158928571430000276e-01,3.410714285709999793e-01,3.990476190480000129e-01
0.000000000000000000e+00,6.190476190469999807e-02,2.537414965990000271e-01,2.915816326530000224e-01,2.922619047619999799e-01,2.500000000000000000e-01,1.829931972790000139e-01,4.251700680269999912e-04,0.000000000000000000e+00,0.000000000000000000e+00,0.000000000000000000e+00,4.583333333330000259e-02
4.484374999999999889e-01,6.811755952379999757e-01,7.425595238100000106e-01,7.462053571429999588e-01,7.303571428570000412e-01,7.480654761909999451e-01,8.400297619050000053e-01,8.411458333339999482e-01,7.377232142859999620e-01,7.498511904760000180e-01,8.679315476190000433e-01,9.677083333329999926e-01
1.873511904759999902e-01,3.656249999999999778e-01,4.941964285709999904e-01,7.258928571430000032e-01,6.941964285709999460e-01,5.915178571429999810e-01,5.855654761899999894e-01,6.492559523809999789e-01,7.391369047620000021e-01,8.159226190480000085e-01,1.063244047620000021e+00,1.116071428569999968e+00
1.294047619049999986e-01,2.047619047620000132e-01,3.311309523809999877e-01,4.285714285710000016e-01,4.935119047620000199e-01,4.204166666670000052e-01,3.863095238099999995e-01,2.889880952380000090e-01,2.357142857139999936e-01,2.063690476189999901e-01,2.821428571430000254e-01,3.114880952379999735e-01
4.821428571429999671e-02,8.148809523809999456e-02,1.213690476189999978e-01,1.436309523809999877e-01,1.620833333330000126e-01,1.665476190480000007e-01,1.517261904760000002e-01,1.245833333329999931e-01,1.208928571429999932e-01,1.630357142859999997e-01,2.206547619049999964e-01,2.029166666670000063e-01
3.236904761900000205e-01,4.820833333330000192e-01,5.154166666670000341e-01,5.929761904760000313e-01,5.691666666669999985e-01,6.671428571430000343e-01,6.968452380949999858e-01,6.835119047619999666e-01,5.825595238090000016e-01,5.611904761899999539e-01,6.291071428569999791e-01,6.707738095240000087e-01
2.561011904759999958e-01,3.483630952380000201e-01,4.034970238089999883e-01,4.015624999999999889e-01,3.345238095240000153e-01,3.250744047620000021e-01,3.250744047620000021e-01,3.189732142860000064e-01,2.154761904760000013e-01,1.838541666669999963e-01,2.898065476189999878e-01,3.946428571430000143e-01
5.744047619050000192e-02,1.821428571429999921e-01,4.172619047619999799e-01,6.095238095239999820e-01,7.211309523810000011e-01,8.333333333329999704e-01,7.193452380949999503e-01,6.211309523810000233e-01,5.053571428569999524e-01,5.383928571430000032e-01,6.818452380949999725e-01,8.214285714290000540e-01
1.398809523810000122e-01,1.908730158730000126e-01,3.472222222219999987e-01,5.472222222220000099e-01,5.551587301579999911e-01,4.690476190469999862e-01,4.333333333330000037e-01,3.577380952379999868e-01,2.712301587300000039e-01,2.797619047620000243e-01,3.442460317459999919e-01,4.890873015869999785e-01
2.812500000000000000e-01,4.392857142859999953e-01,5.051785714290000229e-01,5.467857142859999797e-01,5.055357142859999708e-01,4.360714285710000082e-01,4.445833333329999859e-01,4.273809523809999900e-01,3.136309523810000277e-01,2.642261904759999891e-01,3.155357142860000241e-01,4.166071428570000124e-01
1.685185185180000100e-01,3.708994708989999944e-01,5.622354497360000369e-01,5.392857142860000286e-01,5.734788359789999568e-01,6.367063492059999996e-01,6.448412698409999866e-01,6.136243386240000097e-01,4.824074074069999996e-01,4.694444444440000197e-01,4.962962962959999724e-01,6.132936507940000004e-01
1.341517857139999936e-01,2.387648809519999915e-01,3.542410714279999873e-01,5.415178571430000476e-01,5.898809523810000233e-01,6.095238095239999820e-01,5.980654761910000339e-01,5.520833333329999704e-01,4.683779761899999894e-01,3.962053571429999810e-01,3.515625000000000000e-01,3.180803571429999810e-01
1.614583333329999981e-01,2.145089285710000127e-01,2.898065476189999878e-01,3.525297619050000164e-01,4.355654761900000227e-01,4.813988095239999931e-01,4.627232142859999953e-01,4.322916666669999741e-01,3.408482142859999842e-01,2.323660714290000096e-01,1.815476190479999863e-01,1.422619047620000132e-01
5.452380952380000423e-01,7.355654761900000116e-01,8.430803571430000032e-01,8.436011904760000180e-01,9.095982142859999620e-01,9.313244047619999577e-01,9.299851190479999641e-01,8.142857142860000508e-01,5.802083333330000370e-01,4.570684523810000233e-01,4.584821428570000079e-01,5.044642857140000380e-01
1.693452380949999891e-01,2.437499999999999944e-01,3.581101190479999974e-01,4.840773809519999804e-01,5.525297619050000275e-01,5.534226190480000529e-01,5.261160714289999651e-01,4.349702380950000169e-01,4.758928571430000032e-01,4.437499999999999778e-01,4.484374999999999889e-01,4.305059523809999789e-01
1.465367965369999970e-01,2.867424242420000269e-01,3.729437229440000223e-01,4.744588744589999796e-01,5.386363636359999818e-01,4.754329004330000163e-01,4.349025974030000241e-01,4.193181818180000131e-01,4.022727272730000081e-01,5.065476190480000529e-01,6.416125541129999998e-01,6.785173160180000274e-01
2.366758241759999992e-01,3.277014652010000195e-01,4.011446886439999915e-01,4.630952380949999725e-01,5.167124542119999608e-01,4.750915750909999735e-01,4.745421245420000100e-01,4.613095238089999772e-01,4.059981684980000227e-01,3.953296703299999937e-01,5.080586080590000497e-01,6.183150183150000201e-01
3.206547619049999742e-01,4.994642857139999781e-01,6.394047619049999520e-01,7.503571428569999480e-01,8.504761904759999824e-01,6.630952380950000391e-01,6.901190476190000034e-01,6.450000000000000178e-01,5.916071428570000013e-01,6.837499999999999689e-01,8.271428571429999543e-01,9.102380952380000334e-01
3.789115646260000081e-01,4.978741496599999872e-01,6.096088435380000448e-01,6.132653061230000091e-01,7.283163265309999801e-01,7.215986394560000017e-01,5.809523809529999472e-01,5.522108843540000089e-01,5.009353741500000012e-01,5.038265306120000009e-01,7.101190476190000211e-01,8.254251700679999804e-01
1.918154761910000061e-01,3.759672619050000164e-01,6.424107142860000508e-01,7.663690476190000433e-01,7.641369047620000243e-01,6.694196428569999524e-01,6.868303571430000032e-01,7.579613095239999820e-01,6.943452380950000391e-01,7.110863095239999820e-01,7.698660714289999873e-01,6.639136904760000180e-01
4.465020576130000057e-02,4.403292181070000283e-02,8.271604938269999652e-02,1.925925925920000115e-01,1.572016460910000135e-01,1.623456790120000048e-01,1.565843621399999885e-01,1.744855967080000125e-01,8.333333333329999426e-02,1.707818930040000127e-01,2.888888888889999951e-01,3.022633744850000137e-01
1.378401360540000009e-01,2.482993197280000119e-01,4.763605442180000038e-01,6.726190476190000433e-01,8.721938775519999520e-01,8.971088435380000226e-01,9.039115646259999748e-01,7.380952380949999947e-01,6.697278911559999548e-01,6.851190476189999989e-01,7.116496598639999727e-01,6.835884353740000474e-01
3.173809523810000033e-01,3.992857142860000152e-01,4.626190476190000234e-01,5.698809523810000055e-01,7.127380952380000245e-01,9.309523809519999471e-01,9.651190476190000256e-01,1.062023809520000084e+00,1.145000000000000018e+00,1.106309523810000028e+00,1.289285714290000051e+00,1.280833333329999935e+00
1.907738095239999987e-01,3.686011904759999847e-01,5.453869047620000243e-01,5.877976190479999863e-01,6.568452380949999503e-01,7.264880952379999535e-01,7.034226190479999641e-01,6.778273809520000137e-01,5.758928571429999810e-01,5.313988095239999820e-01,6.025297619049999609e-01,5.034226190480000085e-01
4.186224489800000059e-01,6.119047619049999831e-01,7.758503401359999607e-01,8.818027210890000411e-01,9.625000000000000222e-01,1.009183673469999931e+00,1.007653061220000090e+00,9.087585034020000396e-01,6.460034013609999848e-01,6.143707482989999580e-01,7.081632653060000449e-01,6.494897959180000457e-01
2.826636904759999847e-01,5.870535714290000540e-01,7.815476190479999641e-01,8.638392857140000380e-01,8.085565476189999767e-01,7.437500000000000222e-01,6.988095238100000550e-01,6.479910714290000318e-01,5.704613095239999820e-01,4.549107142859999953e-01,4.948660714290000207e-01,4.985119047620000243e-01
1.998511904760000013e-01,5.703869047620000465e-01,8.315476190480000085e-01,9.541666666670000074e-01,9.348214285720000127e-01,8.278273809520000359e-01,7.889880952379999535e-01,7.434523809519999471e-01,6.205357142859999620e-01,4.955357142860000175e-01,5.016369047619999577e-01,6.020833333330000148e-01
2.159013605439999983e-01,3.426020408159999864e-01,4.338435374149999801e-01,5.224489795919999846e-01,5.060374149659999654e-01,5.202380952380000201e-01,5.084183673469999665e-01,5.088435374149999912e-01,4.459183673470000220e-01,4.387755102040000188e-01,4.308673469389999733e-01,3.704931972789999861e-01
3.579931972790000028e-02,9.778911564620000607e-02,1.704081632649999956e-01,2.172619047619999966e-01,2.559523809520000137e-01,2.523809523810000011e-01,2.591836734690000088e-01,2.709183673469999776e-01,2.340986394560000128e-01,1.911564625849999921e-01,1.889455782309999998e-01,1.281462585029999879e-01
5.535714285710000016e-02,1.471230158730000015e-01,3.150793650789999734e-01,4.628968253970000002e-01,6.594246031749999570e-01,6.857142857139999492e-01,5.615079365080000162e-01,4.733134920639999743e-01,4.578373015869999785e-01,6.134920634920000282e-01,7.704365079360000479e-01,9.156746031750000459e-01
3.940476190480000224e-02,1.144047619049999992e-01,1.276190476190000034e-01,2.708333333330000259e-01,4.794047619049999764e-01,7.159523809519999782e-01,6.628571428570000368e-01,4.934523809520000026e-01,3.689285714289999851e-01,4.823809523809999833e-01,7.371428571429999854e-01,1.002619047620000092e+00
1.785714285710000024e-03,2.991071428569999982e-02,1.674107142859999897e-01,3.203869047619999910e-01,3.040178571430000032e-01,3.321428571430000143e-01,3.959821428570000079e-01,2.196428571429999976e-01,8.229166666670000019e-02,5.758928571429999810e-02,3.154761904759999930e-02,1.696428571430000018e-02
1.023065476190000017e-01,1.935639880950000002e-01,4.459077380950000058e-01,7.228050595239999820e-01,8.560639880949999503e-01,9.212053571430000032e-01,8.420014880949999725e-01,7.319196428569999524e-01,6.726190476190000433e-01,7.589285714290000540e-01,9.515252976189999545e-01,1.037872023810000099e+00
1.860119047619999966e-02,5.699404761909999950e-02,1.680059523809999955e-01,4.223214285710000238e-01,5.611607142860000064e-01,5.837797619050000275e-01,4.171130952379999979e-01,4.464285714289999998e-04,0.000000000000000000e+00,0.000000000000000000e+00,3.252976190479999752e-01,8.145833333330000370e-01
2.929315476189999767e-01,4.862351190479999863e-01,5.722470238100000328e-01,5.382440476190000211e-01,5.520089285710000349e-01,5.694196428569999746e-01,5.528273809520000137e-01,4.459821428569999968e-01,3.764880952379999757e-01,4.462053571430000254e-01,6.626488095239999598e-01,8.017857142859999842e-01
3.382936507939999782e-01,4.728174603170000045e-01,5.851190476190000211e-01,6.769841269840000120e-01,6.775793650789999623e-01,6.426587301580000133e-01,5.474206349200000377e-01,4.976190476189999989e-01,5.210317460319999761e-01,4.978174603170000267e-01,7.488095238090000105e-01,9.378968253970000335e-01
4.674107142860000064e-01,8.325892857140000380e-01,1.006547619050000009e+00,1.030208333330000059e+00,1.098958333329999926e+00,9.555059523810000011e-01,8.465773809519999693e-01,8.052083333330000148e-01,7.046130952379999757e-01,6.586309523810000011e-01,7.180059523809999567e-01,7.785714285710000349e-01
2.784391534389999978e-01,5.039021164019999999e-01,6.829365079370000036e-01,7.380291005289999484e-01,7.197089947089999606e-01,7.125661375659999575e-01,7.003968253969999891e-01,6.440476190480000085e-01,5.867063492059999552e-01,4.744708994710000183e-01,4.475529100530000193e-01,4.574735449730000236e-01
1.930555555550000080e-01,3.149470899469999918e-01,4.405423280419999976e-01,4.786375661369999812e-01,4.806878306879999729e-01,4.904761904759999958e-01,4.569444444440000086e-01,4.162698412699999961e-01,3.425264550259999874e-01,3.923280423280000040e-01,4.973544973540000025e-01,6.012566137570000135e-01
3.045238095239999887e-01,4.182142857139999892e-01,4.665476190480000174e-01,4.722619047619999733e-01,4.819047619049999787e-01,4.583333333330000259e-01,4.314285714289999851e-01,5.179761904759999647e-01,4.840476190479999774e-01,5.160714285709999682e-01,5.838095238099999529e-01,6.872619047619999977e-01
2.974206349210000155e-01,3.877976190479999752e-01,5.106150793649999464e-01,5.393849206349999870e-01,6.234126984129999549e-01,6.331349206349999870e-01,4.842261904760000180e-01,4.058531746030000220e-01,3.108134920639999965e-01,3.476190476189999767e-01,4.794642857140000158e-01,5.306547619050000497e-01
2.544413919410000169e-01,3.789835164829999936e-01,4.728479853479999884e-01,5.303571428569999746e-01,4.954670329670000095e-01,4.586538461540000111e-01,4.182692307690000222e-01,3.811355311349999830e-01,3.607142857139999936e-01,3.462454212450000179e-01,3.772435897429999851e-01,4.053113553109999878e-01
4.829931972789999750e-01,4.156462585030000212e-01,5.140306122450000181e-01,5.691326530610000267e-01,7.451530612250000241e-01,7.255952380950000391e-01,7.301870748300000047e-01,6.360544217689999558e-01,4.633503401360000162e-01,3.965986394559999906e-01,3.503401360539999954e-01,3.740646258499999988e-01
4.946428571429999921e-01,6.167410714290000318e-01,7.574404761899999894e-01,8.373511904760000402e-01,9.209077380950000391e-01,9.863839285709999904e-01,9.156250000000000222e-01,8.334077380950000169e-01,5.864583333330000148e-01,5.346726190480000085e-01,5.860119047620000465e-01,5.732886904759999513e-01
5.586904761900000072e-01,8.926190476190000167e-01,1.009761904759999940e+00,9.129761904759999824e-01,1.027619047620000003e+00,1.140119047620000048e+00,1.144404761899999956e+00,1.054047619050000106e+00,7.658333333329999659e-01,5.333333333330000370e-01,4.751190476189999790e-01,4.751190476189999790e-01
3.314625850340000013e-01,6.566326530620000268e-01,8.556972789119999812e-01,8.598639455790000330e-01,8.187925170069999536e-01,8.246598639459999935e-01,7.766156462590000364e-01,7.670068027219999474e-01,7.022108843540000311e-01,5.793367346940000440e-01,6.569727891159999889e-01,5.735544217689999558e-01
4.273809523809999900e-01,5.634672619049999609e-01,5.843749999999999778e-01,5.408482142860000508e-01,5.695684523809999567e-01,6.049107142859999620e-01,5.929315476190000211e-01,4.957589285710000127e-01,4.206101190479999974e-01,3.781249999999999889e-01,3.805803571429999810e-01,3.774553571429999921e-01
4.028911564629999997e-01,6.636054421770000156e-01,7.106292517009999976e-01,8.363095238100000106e-01,8.841836734700000422e-01,9.031462585039999880e-01,8.745748299329999531e-01,7.883503401360000273e-01,9.142006802719999659e-01,8.347789115649999481e-01,8.126700680270000365e-01,6.876700680270000365e-01
2.135912698409999921e-01,3.234126984130000215e-01,4.763888888889999951e-01,5.656746031749999570e-01,5.858134920630000408e-01,6.290674603170000045e-01,6.198412698409999644e-01,6.455357142859999842e-01,6.490079365080000384e-01,6.596230158729999848e-01,7.911706349210000377e-01,8.641865079370000258e-01
2.820684523809999789e-01,3.831845238089999772e-01,4.889136904759999736e-01,5.232142857139999714e-01,5.810267857140000158e-01,6.293154761899999450e-01,6.436011904759999513e-01,6.880208333330000148e-01,6.718750000000000000e-01,7.395089285710000349e-01,8.880952380950000169e-01,1.059672619050000097e+00
1.750440917109999939e-01,2.924162257499999806e-01,3.686948853620000133e-01,4.371252204589999857e-01,4.606701940039999998e-01,4.322751322749999736e-01,4.413580246909999949e-01,4.469135802470000085e-01,4.522045855380000257e-01,4.998236331570000135e-01,4.624338624339999759e-01,4.466490299829999899e-01
7.880434782610000466e-02,1.094202898550000053e-01,1.652173913040000108e-01,2.329710144930000060e-01,2.605072463770000124e-01,2.945652173910000005e-01,2.726449275360000035e-01,1.998188405799999900e-01,1.586956521740000015e-01,1.179347826090000051e-01,1.168478260870000063e-01,1.088768115940000059e-01
8.462301587310000484e-02,1.971230158729999904e-01,2.959325396829999844e-01,4.063492063490000139e-01,3.583333333329999926e-01,3.344246031750000014e-01,2.939484126979999834e-01,2.470238095239999931e-01,1.984126984129999938e-01,1.887896825400000034e-01,2.345238095240000098e-01,2.779761904759999736e-01
5.654761904760000069e-02,1.068452380950000030e-01,1.752976190480000085e-01,1.979166666670000019e-01,1.895833333330000092e-01,2.937500000000000111e-01,3.133928571430000254e-01,2.651785714289999762e-01,2.508928571430000254e-01,1.696428571430000087e-01,1.583333333330000092e-01,1.839285714289999873e-01
3.779761904760000069e-01,5.704931972790000527e-01,7.554421768710000151e-01,8.759353741500000012e-01,9.160714285719999683e-01,8.957482993199999965e-01,9.295068027209999473e-01,1.005017006799999946e+00,1.008758503399999951e+00,8.670068027209999473e-01,9.141156462589999920e-01,9.270408163269999724e-01
3.026785714290000096e-01,4.424107142859999842e-01,6.194196428570000190e-01,7.278273809519999471e-01,8.726934523810000455e-01,7.951636904759999958e-01,7.363839285709999904e-01,8.073660714279999873e-01,7.158482142859999842e-01,7.194196428569999968e-01,8.223214285719999683e-01,8.869791666670000518e-01
0.000000000000000000e+00,6.706349206349999925e-02,3.809523809520000137e-01,4.686507936509999861e-01,6.823412698409999644e-01,5.744047619050000053e-01,4.305555555550000246e-01,2.821428571430000254e-01,7.936507936509999738e-04,0.000000000000000000e+00,0.000000000000000000e+00,0.000000000000000000e+00
8.726851851840000673e-02,1.182870370369999979e-01,1.642361111110000049e-01,2.420138888889999951e-01,2.126157407410000089e-01,2.692129629630000132e-01,2.166666666669999908e-01,1.658564814809999899e-01,1.804398148149999881e-01,1.663194444439999864e-01,2.465277777780000013e-01,3.214120370369999979e-01
2.983465608459999752e-01,6.269841269839999676e-01,7.873015873019999500e-01,8.787037037039999721e-01,9.306878306879999840e-01,8.736111111109999827e-01,9.327380952379999979e-01,9.705026455030000276e-01,1.021296296300000073e+00,1.116732804229999987e+00,1.221693121689999995e+00,1.151851851850000052e+00
2.136904761900000060e-01,4.183779761900000005e-01,6.174851190479999641e-01,7.183035714290000318e-01,7.224702380949999947e-01,7.988839285719999683e-01,7.994047619049999831e-01,7.957589285720000349e-01,8.688988095240000042e-01,9.676339285709999460e-01,1.064955357139999892e+00,1.036830357139999936e+00
0.000000000000000000e+00,1.963624338620000020e-01,5.773809523809999567e-01,7.575396825400000367e-01,7.972883597879999451e-01,6.894841269839999676e-01,4.085317460319999872e-01,1.190476190470000006e-03,0.000000000000000000e+00,0.000000000000000000e+00,0.000000000000000000e+00,9.927248677239999819e-02
4.427609427609999898e-02,1.654882154879999956e-01,4.919191919190000206e-01,7.414141414139999720e-01,8.321548821549999975e-01,8.321548821549999975e-01,7.680134680139999448e-01,7.584175084180000415e-01,6.180134680140000336e-01,4.318181818180000242e-01,3.468013468009999989e-01,3.328282828279999772e-01
3.407051282049999852e-02,1.042948717949999937e-01,2.777243589739999963e-01,3.985576923079999778e-01,4.201282051279999763e-01,4.075641025639999970e-01,4.223397435899999830e-01,4.175961538460000178e-01,3.658974358970000229e-01,2.930448717949999948e-01,2.376923076920000044e-01,2.421474358969999963e-01
8.229166666670000019e-02,1.746279761900000060e-01,3.779017857140000158e-01,5.518601190480000307e-01,6.458333333329999704e-01,6.616071428569999524e-01,5.742559523810000233e-01,5.733630952379999979e-01,5.493303571430000476e-01,6.302827380950000169e-01,7.316220238099999662e-01,5.450892857139999492e-01
3.513392857140000269e-01,7.824404761900000116e-01,9.779761904760000402e-01,1.068452380949999947e+00,1.161607142860000108e+00,1.163690476189999989e+00,9.294642857139999714e-01,2.083333333339999847e-03,0.000000000000000000e+00,0.000000000000000000e+00,8.645833333329999704e-02,2.232142857140000103e-01
7.902930402930000153e-02,1.555402930399999994e-01,2.548534798529999978e-01,3.844322344319999751e-01,4.801282051279999741e-01,4.880494505490000079e-01,4.737637362639999794e-01,4.253663003659999831e-01,4.507783882779999862e-01,5.298076923079999556e-01,6.458333333329999704e-01,6.918956043959999525e-01
4.423076923080000028e-02,9.500915750909999513e-02,2.261446886440000026e-01,3.460622710619999931e-01,4.918040293040000233e-01,5.981227106230000423e-01,4.832417582419999968e-01,4.311813186810000142e-01,4.155219780220000270e-01,5.283424908430000011e-01,6.552197802200000476e-01,7.871794871799999704e-01
2.246527777779999957e-01,4.539682539680000017e-01,6.835317460319999538e-01,8.660218253970000113e-01,9.617559523809999789e-01,1.097817460319999938e+00,1.304216269839999942e+00,1.284126984130000038e+00,1.347668650789999978e+00,1.392311507939999915e+00,1.531200396830000088e+00,1.497073412700000050e+00
1.611607142860000119e-01,2.725198412700000072e-01,4.105654761909999784e-01,5.663194444439999531e-01,7.147321428570000412e-01,7.592757936509999528e-01,7.505456349210000155e-01,7.487599206349999648e-01,7.546130952380000201e-01,8.000992063490000028e-01,8.415178571429999810e-01,8.027777777779999679e-01
1.415476190480000063e-01,1.830952380950000014e-01,2.457142857140000025e-01,2.954761904759999891e-01,3.897619047620000110e-01,3.835714285710000171e-01,3.433333333329999792e-01,3.839285714289999984e-01,5.069047619050000009e-01,6.116666666669999808e-01,6.440476190480000085e-01,6.778571428570000501e-01
1.591269841269999930e-01,4.263888888890000062e-01,5.689484126980000056e-01,5.871031746029999887e-01,5.676587301590000356e-01,5.839285714280000317e-01,6.894841269839999676e-01,7.878968253970000113e-01,9.004960317460000141e-01,9.984126984129999549e-01,1.141765873019999988e+00,1.098214285709999904e+00
0.000000000000000000e+00,4.933035714279999928e-02,9.337797619050000608e-02,2.261160714290000040e-01,5.418154761900000338e-01,2.744791666670000074e-01,2.309523809519999915e-01,2.498511904759999902e-01,2.507440476189999878e-01,3.224702380949999725e-01,4.672619047620000243e-01,3.497767857140000047e-01
0.000000000000000000e+00,6.611111111110000438e-02,5.166666666670000074e-02,7.930555555559999636e-02,1.648611111109999916e-01,7.013888888890000561e-02,3.416666666669999908e-02,4.166666666669999772e-04,0.000000000000000000e+00,0.000000000000000000e+00,0.000000000000000000e+00,2.013888888889999937e-02
0.000000000000000000e+00,1.569727891159999889e-01,5.745748299320000418e-01,8.219387755100000525e-01,8.637755102049999856e-01,8.545918367350000544e-01,7.221938775509999520e-01,1.870748299319999978e-03,0.000000000000000000e+00,0.000000000000000000e+00,0.000000000000000000e+00,1.806122448980000128e-01
2.702922077920000277e-01,3.364177489180000258e-01,4.439393939390000043e-01,5.727272727269999697e-01,6.083874458879999780e-01,6.359307359310000241e-01,5.909632034630000197e-01,5.642316017320000432e-01,4.914502164499999770e-01,4.852813852810000106e-01,5.746753246750000432e-01,6.229437229440000223e-01
9.702380952380000589e-02,2.180555555550000024e-01,3.363095238089999772e-01,4.400793650789999734e-01,5.700396825400000367e-01,7.142857142849999841e-01,6.789682539679999795e-01,5.363095238089999883e-01,5.597222222219999654e-01,7.630952380950000169e-01,1.014484126980000012e+00,1.090873015869999962e+00
1.810846560849999898e-01,3.445767195769999791e-01,4.305555555550000246e-01,5.741402116399999533e-01,7.732142857139999714e-01,7.595238095240000042e-01,7.117724867729999794e-01,6.903439153439999698e-01,7.644179894179999879e-01,1.006349206349999914e+00,1.124272486770000024e+00,1.194378306880000018e+00
2.127480158729999904e-01,4.047123015870000007e-01,6.318452380950000391e-01,8.273809523809999567e-01,9.542162698410000532e-01,9.332837301590000134e-01,9.005952380949999725e-01,9.375496031740000458e-01,9.419146825390000144e-01,1.064236111110000049e+00,1.132341269839999942e+00,1.076537698409999910e+00
3.079545454539999727e-01,6.043290043290000524e-01,7.343073593079999517e-01,8.798160173160000097e-01,9.987554112559999808e-01,1.002056277059999889e+00,9.327380952379999979e-01,9.362554112559999808e-01,1.040151515150000039e+00,1.098214285709999904e+00,1.204112554109999955e+00,1.175487012989999913e+00
4.343253968249999875e-01,6.027777777780000124e-01,7.218253968250000208e-01,6.361111111110000493e-01,6.626984126980000056e-01,7.823412698410000532e-01,8.180555555549999802e-01,5.906746031749999792e-01,4.847222222220000099e-01,5.920634920630000186e-01,6.412698412689999961e-01,7.561507936500000415e-01
3.243197278909999981e-01,4.801870748300000047e-01,5.552721088440000230e-01,5.520408163269999724e-01,5.591836734699999756e-01,4.736394557820000073e-01,4.400510204079999821e-01,4.286564625850000088e-01,3.913265306120000120e-01,5.530612244899999475e-01,6.477040816329999728e-01,6.670068027209999917e-01
3.453042328040000220e-01,3.955026455019999831e-01,4.638888888889999840e-01,4.837962962960000168e-01,4.825396825400000145e-01,5.196428571429999588e-01,4.715608465610000022e-01,4.820767195769999902e-01,6.129629629630000132e-01,6.660052910050000552e-01,8.025132275130000270e-01,8.333333333339999482e-01
1.136904761910000061e-01,9.880952380950000502e-02,3.565476190479999752e-01,3.083333333330000037e-01,3.244047619050000053e-01,3.690476190479999863e-01,3.845238095240000042e-01,3.684523809520000026e-01,2.958333333329999926e-01,3.839285714280000206e-01,2.505952380950000058e-01,1.839285714289999873e-01
5.430952380950000435e-01,8.741666666670000474e-01,1.119880952379999961e+00,1.114047619049999938e+00,1.063214285709999984e+00,9.805952380950000435e-01,9.201190476189999856e-01,9.402380952379999490e-01,9.805952380950000435e-01,9.183333333330000459e-01,9.223809523810000410e-01,9.333333333329999482e-01
3.790178571430000143e-01,7.444940476189999545e-01,8.935267857140000158e-01,9.401785714279999873e-01,8.993303571430000254e-01,8.243303571429999588e-01,8.360119047620000465e-01,8.935267857140000158e-01,7.825892857139999936e-01,7.575892857139999714e-01,9.098958333329999482e-01,8.301339285719999683e-01
2.664965986389999930e-01,4.437074829930000019e-01,5.727891156459999911e-01,6.024659863950000416e-01,6.318877551020000150e-01,6.877551020409999882e-01,7.406462585040000102e-01,7.167517006810000257e-01,6.133503401359999829e-01,5.451530612249999574e-01,5.038265306120000009e-01,5.297619047620000243e-01
2.305555555550000135e-01,4.115740740739999848e-01,6.021825396819999732e-01,7.218915343920000449e-01,7.904761904760000402e-01,8.423280423279999596e-01,7.766534391530000025e-01,6.782407407410000477e-01,5.945767195769999791e-01,5.882936507939999782e-01,5.914682539679999573e-01,5.464947089949999670e-01
3.347222222219999876e-01,4.544642857139999936e-01,6.330357142860000286e-01,6.752976190480000085e-01,8.694444444440000419e-01,8.539682539680000239e-01,8.331349206350000536e-01,8.046626984119999992e-01,7.378968253969999669e-01,7.834325396829999733e-01,9.114087301590000356e-01,9.012896825399999701e-01
3.847222222219999765e-01,5.347222222220000543e-01,7.208333333330000370e-01,8.392857142849999841e-01,9.420634920629999964e-01,8.878968253969999891e-01,8.688492063489999806e-01,7.218253968259999986e-01,7.376984126979999612e-01,7.402777777779999679e-01,8.422619047610000464e-01,7.966269841269999485e-01
2.601190476190000100e-01,7.859374999999999556e-01,8.919642857139999936e-01,9.317708333330000370e-01,9.073660714290000540e-01,8.488839285720000127e-01,7.910714285709999904e-01,7.780505952380000201e-01,7.150297619050000053e-01,5.787202380949999503e-01,6.255952380949999503e-01,5.677827380950000169e-01
5.252380952380000245e-01,8.602380952379999890e-01,7.397023809520000270e-01,6.960119047620000332e-01,7.317261904759999602e-01,8.107738095240000220e-01,7.952976190480000040e-01,6.325595238090000461e-01,4.511904761900000227e-01,2.670238095240000109e-01,4.344047619049999920e-01,4.083928571429999987e-01
4.383116883120000140e-03,7.196969696970000052e-03,2.126623376620000172e-02,8.327922077919999722e-02,1.759199134199999903e-01,2.675865800869999811e-01,3.073051948050000148e-01,3.580627705630000102e-01,3.919372294369999898e-01,3.423160173159999764e-01,4.010281385280000110e-01,4.534090909090000010e-01
1.396428571430000098e-01,1.978571428570000124e-01,2.905952380949999858e-01,5.274999999999999689e-01,7.056349206349999958e-01,7.861904761900000427e-01,7.703571428569999657e-01,6.879365079370000080e-01,6.263888888890000173e-01,7.070238095240000131e-01,7.519841269839999676e-01,7.578174603170000356e-01
2.246693121689999906e-01,3.191137566139999882e-01,3.656746031750000014e-01,5.141534391530000470e-01,7.189153439150000047e-01,7.792328042330000093e-01,7.010582010579999857e-01,6.294312169310000149e-01,5.432539682539999637e-01,5.138888888889999729e-01,6.296296296300000206e-01,7.134259259259999597e-01
5.150793650789999845e-01,6.775793650789999623e-01,6.448412698409999866e-01,7.922619047619999799e-01,9.486111111110000493e-01,9.507936507930000447e-01,8.462301587299999595e-01,6.740079365079999496e-01,5.444444444449999532e-01,6.615079365079999940e-01,7.942460317459999475e-01,8.898809523809999567e-01
8.637955182079999628e-02,1.805322128849999874e-01,3.742296918770000036e-01,5.190476190480000085e-01,6.813025210090000172e-01,8.036764705879999582e-01,7.477941176469999895e-01,6.736694677869999870e-01,7.485294117649999857e-01,9.032212885160000315e-01,9.189775910359999633e-01,8.297619047619999577e-01
1.612351190480000029e-01,3.761904761909999895e-01,6.121279761900000338e-01,8.406249999999999556e-01,1.082886904760000046e+00,1.073363095239999954e+00,1.037425595239999998e+00,1.042485119049999964e+00,1.065104166670000074e+00,1.254315476189999945e+00,1.375595238100000062e+00,1.383407738090000061e+00
1.357142857139999881e-01,3.792857142859999975e-01,5.479761904759999913e-01,5.867857142860000152e-01,4.820238095239999798e-01,2.840476190480000218e-01,1.263095238099999906e-01,8.833333333329999870e-02,4.380952380949999780e-02,1.845238095240000001e-02,2.511904761909999895e-02,2.365476190480000074e-01
2.134920634920000060e-01,3.357142857140000269e-01,4.194444444439999753e-01,4.809523809519999915e-01,5.337301587299999595e-01,6.140873015869999785e-01,5.694444444439999975e-01,5.061507936510000194e-01,3.936507936509999750e-01,2.902777777780000124e-01,4.073412698409999977e-01,5.910714285710000349e-01
1.761904761910000061e-01,2.531746031750000125e-01,3.390873015870000118e-01,4.638888888889999840e-01,4.532738095239999820e-01,5.144841269840000342e-01,5.346230158729999848e-01,3.683531746029999887e-01,2.605158730159999880e-01,3.603174603170000156e-01,4.957341269839999898e-01,4.999007936509999861e-01
2.456349206350000036e-01,2.927579365080000273e-01,3.644841269840000120e-01,5.040674603170000045e-01,5.911706349209999711e-01,6.313492063490000472e-01,5.744047619050000053e-01,4.802579365080000273e-01,3.038690476190000211e-01,2.831349206350000092e-01,3.688492063489999806e-01,3.809523809520000137e-01
5.952380952379999904e-04,7.276785714290000262e-02,1.639880952380000090e-01,1.943452380950000113e-01,3.364583333330000148e-01,3.434523809519999804e-01,3.269345238099999884e-01,3.321428571430000143e-01,3.922619047620000132e-01,5.650297619049999831e-01,6.489583333330000148e-01,6.217261904759999736e-01
2.184523809520000082e-01,2.824404761900000116e-01,4.738095238100000217e-01,4.940476190479999863e-01,6.985119047619999799e-01,6.339285714279999651e-01,5.568452380949999725e-01,3.794642857139999825e-01,5.303571428569999746e-01,7.306547619050000053e-01,1.057142857139999892e+00,1.230952380950000036e+00
8.190476190480000529e-02,1.708333333329999926e-01,2.633333333330000192e-01,3.505952380949999836e-01,3.869047619050000053e-01,3.479761904759999802e-01,2.613095238099999995e-01,2.114285714290000118e-01,2.671428571430000121e-01,3.684523809520000026e-01,5.578571428570000545e-01,6.883333333329999526e-01
1.662500000000000089e-01,2.912500000000000089e-01,4.066071428570000035e-01,4.387499999999999734e-01,5.109523809520000182e-01,4.926785714290000118e-01,4.688095238100000173e-01,4.369047619049999942e-01,4.245833333330000237e-01,4.196428571429999810e-01,4.578571428570000212e-01,5.070833333330000414e-01
1.296626984129999882e-01,2.496031746029999943e-01,4.756944444449999754e-01,6.519841269839999898e-01,7.126984126980000500e-01,7.130952380949999725e-01,6.301587301590000356e-01,5.872023809519999471e-01,5.588293650790000511e-01,6.104166666670000074e-01,6.854166666669999630e-01,6.783730158730000293e-01
2.648809523810000122e-01,4.286564625850000088e-01,5.035714285710000127e-01,6.084183673470000553e-01,6.163265306120000453e-01,5.402210884360000298e-01,4.500000000000000111e-01,3.904761904760000180e-01,4.279761904759999958e-01,4.238945578230000066e-01,5.396258503399999906e-01,6.160714285720000349e-01
4.614583333330000148e-01,5.696428571430000032e-01,6.161458333329999926e-01,7.439732142860000508e-01,8.949404761910000339e-01,8.129464285709999682e-01,8.434523809520000359e-01,6.781249999999999778e-01,7.058779761910000117e-01,7.375744047619999799e-01,7.667410714290000540e-01,7.867559523810000455e-01
2.541666666669999963e-01,4.861904761909999761e-01,6.905952380950000080e-01,8.673809523809999922e-01,9.385714285709999549e-01,8.920238095239999554e-01,7.533333333339999882e-01,6.324999999999999512e-01,6.196428571430000476e-01,7.709523809530000049e-01,8.602380952379999890e-01,7.789285714289999607e-01
4.872023809520000248e-01,5.955357142860000508e-01,6.470238095239999598e-01,8.488095238089999883e-01,1.137797619050000097e+00,1.013988095239999998e+00,1.031547619049999920e+00,1.021130952380000068e+00,9.619047619049999609e-01,9.532738095239999820e-01,8.913690476190000433e-01,9.157738095240000042e-01
1.837159863950000027e-01,2.474489795919999902e-01,2.925595238099999995e-01,2.382653061220000035e-01,2.895408163259999834e-01,3.308673469389999955e-01,3.013180272109999835e-01,2.674319727889999943e-01,1.548469387749999981e-01,1.055697278909999981e-01,8.235544217689999558e-02,6.224489795919999763e-02
1.994708994709999961e-01,2.491402116399999978e-01,3.121031746030000220e-01,3.195767195770000124e-01,3.493386243389999812e-01,3.721560846559999747e-01,3.580687830689999740e-01,3.017195767190000155e-01,1.710978835979999890e-01,9.226190476180000377e-02,8.617724867720000237e-02,8.174603174590000521e-02
3.258928571429999810e-01,4.730654761909999784e-01,5.879464285709999904e-01,7.537202380949999947e-01,8.322916666670000518e-01,7.053571428570000190e-01,4.977678571429999810e-01,8.928571428579999995e-04,0.000000000000000000e+00,0.000000000000000000e+00,6.491071428569999968e-01,1.064285714289999962e+00
2.593253968249999986e-01,4.023809523810000233e-01,5.522817460319999761e-01,7.035714285709999682e-01,7.299603174600000077e-01,7.625992063500000029e-01,7.443452380949999725e-01,7.012896825400000145e-01,6.553571428569999746e-01,6.501984126990000279e-01,7.166666666669999630e-01,8.363095238090000327e-01
4.803703703700000216e-01,6.198765432099999639e-01,5.223456790120000193e-01,3.943209876539999770e-01,5.118518518519999949e-01,5.745679012350000114e-01,4.550617283949999758e-01,2.675308641979999846e-01,0.000000000000000000e+00,0.000000000000000000e+00,4.246913580250000209e-02,1.314814814810000010e-01
3.828571428570000101e-01,5.391666666669999719e-01,4.344047619049999920e-01,4.595238095240000153e-01,6.336904761899999627e-01,6.970238095240000042e-01,6.666666666670000296e-01,7.338095238089999972e-01,6.220238095240000487e-01,5.183333333330000237e-01,5.105952380949999592e-01,4.663095238089999817e-01
3.221230158730000181e-01,6.208333333329999482e-01,8.747023809530000138e-01,9.546626984129999993e-01,9.003968253969999447e-01,8.208333333330000148e-01,7.873015873019999500e-01,6.892857142860000508e-01,6.122023809519999693e-01,6.345238095240000042e-01,6.242063492060000440e-01,5.244047619049999609e-01
3.751488095239999820e-01,7.826636904760000402e-01,9.138392857139999714e-01,9.392113095240000042e-01,8.691220238090000549e-01,9.192708333329999704e-01,9.232886904760000402e-01,8.921130952379999757e-01,7.652529761899999894e-01,5.811011904759999513e-01,5.659226190480000085e-01,5.502232142859999620e-01
3.182738095239999732e-01,4.787500000000000089e-01,6.161309523810000188e-01,7.018452380949999903e-01,8.010119047620000154e-01,8.454761904759999780e-01,8.144642857139999803e-01,8.111309523809999700e-01,7.388095238099999795e-01,6.661309523809999522e-01,7.380357142860000108e-01,7.254166666669999985e-01
2.446428571429999921e-01,3.566220238100000217e-01,4.470238095240000042e-01,5.659970238089999661e-01,6.416666666670000074e-01,7.302827380949999947e-01,7.886160714280000539e-01,6.735863095240000042e-01,6.024553571430000254e-01,6.234374999999999778e-01,7.328124999999999778e-01,7.038690476190000433e-01
2.513227513230000265e-01,3.615740740739999959e-01,4.280423280419999865e-01,4.769179894180000101e-01,5.486111111110000271e-01,5.782407407409999589e-01,5.133597883599999578e-01,5.034391534390000311e-01,4.978174603170000267e-01,5.218915343919999783e-01,5.973544973540000358e-01,5.462301587300000261e-01
2.916666666669999741e-01,4.988095238099999884e-01,6.987351190480000085e-01,7.797619047620000243e-01,7.944196428569999524e-01,7.848958333329999482e-01,7.935267857140000380e-01,8.182291666669999630e-01,8.348214285709999460e-01,8.819940476190000211e-01,8.658482142860000064e-01,7.318452380950000169e-01
3.119642857139999781e-01,5.567261904760000268e-01,6.804166666669999586e-01,7.136309523810000499e-01,8.024999999999999911e-01,7.692857142860000108e-01,7.422023809519999737e-01,7.133333333329999748e-01,6.741666666669999808e-01,7.364880952379999624e-01,7.783928571429999943e-01,6.827380952379999979e-01
1.447278911559999881e-01,3.265306122450000181e-01,4.823129251700000175e-01,5.661564625849999643e-01,6.545918367349999878e-01,6.657312925170000284e-01,5.005952380949999503e-01,1.275510204079999960e-03,0.000000000000000000e+00,0.000000000000000000e+00,3.494897959180000013e-01,6.481292517009999976e-01
3.172619047620000021e-01,3.766865079360000035e-01,5.857142857139999714e-01,6.876984126980000278e-01,8.590277777779999901e-01,8.304563492059999774e-01,7.433531746029999887e-01,6.675595238089999661e-01,6.926587301590000356e-01,7.990079365079999496e-01,8.261904761909999451e-01,8.596230158730000515e-01
4.163237311379999750e-02,7.153635116590000009e-02,1.312071330590000029e-01,1.680384087790000036e-01,1.684499314129999925e-01,1.993141289439999964e-01,1.703017832650000063e-01,6.858710562410000365e-04,0.000000000000000000e+00,0.000000000000000000e+00,6.083676268859999903e-02,1.912894375860000051e-01
3.027529761900000227e-01,5.181547619049999831e-01,6.635788690480000085e-01,7.130208333330000370e-01,7.720238095239999598e-01,7.648809523809999567e-01,7.284598214290000096e-01,7.233630952380000201e-01,5.906622023809999789e-01,3.927083333329999815e-01,3.294270833330000259e-01,2.742931547620000021e-01
2.355654761900000116e-01,3.804315476189999989e-01,4.815476190479999752e-01,5.200148809519999915e-01,5.552827380949999503e-01,5.329613095240000042e-01,4.401041666669999741e-01,1.339285714289999932e-03,0.000000000000000000e+00,0.000000000000000000e+00,5.000000000000000278e-02,1.083333333330000064e-01
0.000000000000000000e+00,6.217948717949999676e-02,4.202991452989999765e-01,5.929487179479999703e-01,6.547008547010000346e-01,7.307692307690000222e-01,4.205128205129999852e-01,1.068376068369999987e-03,0.000000000000000000e+00,0.000000000000000000e+00,1.632478632480000025e-01,3.628205128209999741e-01
3.861904761900000205e-01,5.810119047620000421e-01,6.866666666670000474e-01,8.525000000000000355e-01,9.419642857140000380e-01,9.946428571430000476e-01,9.773214285710000171e-01,9.741071428569999524e-01,9.295833333330000281e-01,9.636309523810000499e-01,9.490476190479999463e-01,9.375000000000000000e-01
9.101731601729999566e-02,1.745670995670000059e-01,2.546536796539999870e-01,2.880952380949999836e-01,3.454004328999999984e-01,3.983766233770000276e-01,3.338203463200000165e-01,3.513528138529999900e-01,3.264610389609999830e-01,2.696969696970000219e-01,3.641233766229999835e-01,5.478896103899999481e-01
3.816468253970000113e-01,6.093253968259999542e-01,8.150793650790000289e-01,8.720238095240000487e-01,9.087301587299999595e-01,1.037698412699999961e+00,9.527777777779999901e-01,8.187499999999999778e-01,6.957341269839999454e-01,5.686507936510000194e-01,7.011904761909999451e-01,8.738095238099999884e-01
1.515476190479999874e-01,3.499999999999999778e-01,4.614285714290000118e-01,4.746428571429999743e-01,4.464285714289999984e-01,4.727380952379999779e-01,5.447619047620000376e-01,3.674999999999999933e-01,2.996428571429999854e-01,3.798809523810000033e-01,5.864285714279999784e-01,7.217857142860000241e-01
2.153388278389999910e-01,4.369963369959999899e-01,6.462454212460000402e-01,7.305860805860000529e-01,7.227564102560000148e-01,6.493589743590000296e-01,5.998626373630000508e-01,4.584706959709999863e-01,3.951923076919999778e-01,4.235347985349999789e-01,7.493131868129999651e-01,9.486721611720000391e-01
2.759920634920000060e-01,4.226190476189999878e-01,5.407738095240000042e-01,5.268849206350000314e-01,5.281746031749999792e-01,5.966269841269999930e-01,5.956349206350000092e-01,5.519841269840000120e-01,6.198412698409999644e-01,6.168650793650000130e-01,7.614087301590000134e-01,8.541666666670000296e-01
1.521296296300000128e-01,3.548148148149999903e-01,4.983333333330000059e-01,5.436111111110000227e-01,5.520370370370000224e-01,5.100925925929999938e-01,5.608333333330000059e-01,6.058333333330000459e-01,5.679629629629999732e-01,5.631481481479999607e-01,6.993518518519999949e-01,7.606481481479999696e-01
2.622354497350000146e-01,4.680555555550000024e-01,5.662698412700000183e-01,7.204365079369999814e-01,8.000000000000000444e-01,7.369708994710000294e-01,7.094576719580000246e-01,7.931216931219999822e-01,7.542328042329999871e-01,8.310846560850000397e-01,9.574074074080000107e-01,9.635582010580000523e-01
1.898809523810000011e-01,4.908549783550000267e-01,6.703463203459999464e-01,7.119588744589999685e-01,8.070346320350000324e-01,7.669372294370000454e-01,6.786255411260000425e-01,6.301948051950000407e-01,5.083333333330000148e-01,4.567640692639999833e-01,5.994047619050000275e-01,7.507034632040000544e-01
1.164682539679999934e-01,2.919642857140000158e-01,4.787202380949999725e-01,5.641865079369999814e-01,6.149801587300000039e-01,5.779265873019999722e-01,5.149801587300000261e-01,4.276785714290000096e-01,3.354662698409999755e-01,2.873511904759999958e-01,4.629464285709999904e-01,7.232638888889999507e-01
1.909863945580000111e-01,3.008503401359999829e-01,5.098639455779999663e-01,5.619047619050000497e-01,6.694727891160000555e-01,5.755102040820000431e-01,5.679421768710000151e-01,6.365646258510000433e-01,5.657312925170000506e-01,6.186224489799999615e-01,7.695578231299999850e-01,6.977040816330000172e-01
2.628401360539999732e-01,3.059523809520000026e-01,3.119897959180000235e-01,3.741496598640000060e-01,3.960884353740000141e-01,4.103741496600000205e-01,3.551870748300000047e-01,3.116496598640000060e-01,3.793367346939999774e-01,4.163265306119999787e-01,4.518707482989999802e-01,4.528061224489999814e-01
5.194727891160000333e-01,8.540391156459999911e-01,8.961734693880000213e-01,9.145833333330000148e-01,1.011054421769999934e+00,9.716836734699999534e-01,8.977465986399999487e-01,8.201105442180000038e-01,7.942176870749999562e-01,7.310374149660000542e-01,7.743197278910000092e-01,7.960459183679999828e-01
1.479497354500000084e-01,3.589947089939999891e-01,5.643518518519999860e-01,7.091931216929999726e-01,7.847883597889999674e-01,7.812830687830000231e-01,6.968253968249999986e-01,6.521164021169999492e-01,6.289682539680000462e-01,6.470899470900000061e-01,6.929232804229999987e-01,5.826058201060000385e-01
1.653061224490000036e-01,3.777210884350000186e-01,5.906462585030000101e-01,6.938775510210000164e-01,6.650510204080000154e-01,7.109693877549999597e-01,6.144557823130000207e-01,4.655612244899999808e-01,4.215986394560000128e-01,3.403061224489999925e-01,4.232142857139999936e-01,4.365646258499999988e-01
3.019841269839999842e-02,4.559523809519999693e-02,7.373015873009999832e-02,1.194444444440000003e-01,1.669444444440000008e-01,2.507936507940000115e-01,4.006349206350000025e-01,4.689285714290000184e-01,4.638492063490000095e-01,4.747619047619999755e-01,4.854761904759999913e-01,4.801587301590000134e-01
1.040476190480000007e-01,8.999999999999999667e-02,1.057142857140000031e-01,1.921428571430000010e-01,3.024999999999999911e-01,4.126190476189999790e-01,5.274999999999999689e-01,5.622619047619999977e-01,6.372619047619999533e-01,7.399999999999999911e-01,9.628571428569999702e-01,9.594047619050000142e-01
1.107142857139999936e-01,2.155505952379999923e-01,2.979166666670000074e-01,3.470238095240000264e-01,4.605654761910000228e-01,4.732886904759999736e-01,4.135416666669999852e-01,3.631696428569999857e-01,3.106398809520000137e-01,3.593005952380000090e-01,4.886160714289999873e-01,5.619791666669999852e-01
1.176339285709999960e-01,2.407738095239999876e-01,4.212053571430000032e-01,5.889136904759999513e-01,7.702380952380000201e-01,8.526785714290000540e-01,7.494047619050000497e-01,5.885416666670000296e-01,3.749255952380000090e-01,3.556547619050000053e-01,4.197916666670000185e-01,5.023809523810000011e-01
1.095061728399999990e-01,1.434567901229999998e-01,2.404938271600000066e-01,2.913580246909999727e-01,3.032098765430000231e-01,3.114814814810000221e-01,3.279012345680000218e-01,3.858024691360000258e-01,3.287654320989999990e-01,2.895061728400000201e-01,2.537037037040000276e-01,2.587654320989999923e-01
0.000000000000000000e+00,0.000000000000000000e+00,0.000000000000000000e+00,0.000000000000000000e+00,0.000000000000000000e+00,0.000000000000000000e+00,0.000000000000000000e+00,0.000000000000000000e+00,0.000000000000000000e+00,0.000000000000000000e+00,0.000000000000000000e+00,0.000000000000000000e+00
4.120748299320000085e-01,5.619047619050000497e-01,4.756802721089999908e-01,6.248299319729999635e-01,7.151360544220000115e-01,6.599489795920000512e-01,6.999999999999999556e-01,6.714285714290000318e-01,6.460884353739999586e-01,5.543367346940000218e-01,6.163265306120000453e-01,7.096938775509999964e-01
3.858333333330000170e-01,5.463095238099999751e-01,5.370238095239999732e-01,6.123809523809999877e-01,6.424999999999999600e-01,6.917857142859999975e-01,6.608333333329999837e-01,5.515476190479999818e-01,4.810714285709999927e-01,5.336904761899999849e-01,7.746428571429999632e-01,8.325000000000000178e-01
3.761904761900000116e-01,5.057539682539999859e-01,6.101190476190000433e-01,6.246693121690000128e-01,7.878968253970000113e-01,8.101851851850000452e-01,8.284391534389999867e-01,7.332010582010000110e-01,5.224867724870000396e-01,4.654761904759999736e-01,5.347883597879999895e-01,5.345899470899999617e-01
3.454613095240000042e-01,4.581845238100000217e-01,5.770089285709999460e-01,6.099702380949999503e-01,6.723214285709999682e-01,7.091517857139999492e-01,6.609374999999999556e-01,5.990327380950000169e-01,4.699404761900000116e-01,4.903273809520000137e-01,5.484375000000000222e-01,4.848214285710000238e-01
3.529761904759999847e-01,5.306972789120000256e-01,5.771258503399999684e-01,5.500850340139999961e-01,6.422619047619999577e-01,6.059523809529999694e-01,5.960884353740000252e-01,5.444727891160000555e-01,4.773809523809999789e-01,4.581632653059999893e-01,4.690476190480000196e-01,3.471938775510000075e-01
3.775793650789999734e-01,6.045634920639999521e-01,8.006944444450000420e-01,8.114087301589999468e-01,8.333333333329999704e-01,7.686507936509999750e-01,6.793650793650000130e-01,6.704365079359999591e-01,5.141865079370000480e-01,4.568452380949999947e-01,4.988095238090000105e-01,4.220238095239999820e-01
5.793650793639999741e-02,1.930555555550000080e-01,3.981481481479999807e-01,6.758597883600000467e-01,8.142857142860000508e-01,8.049603174599999633e-01,7.978174603180000490e-01,6.753968253969999669e-01,5.581349206350000314e-01,4.807539682540000192e-01,4.335978835980000001e-01,4.026455026449999863e-01
1.355654761910000117e-01,2.333829365079999885e-01,4.267857142859999842e-01,5.361111111109999605e-01,6.224206349209999711e-01,6.895833333330000370e-01,5.804067460320000427e-01,4.967261904759999736e-01,3.896825396820000065e-01,3.291666666670000074e-01,2.584821428569999968e-01,2.546626984129999882e-01
2.906250000000000222e-01,5.460813492060000440e-01,8.365575396819999732e-01,8.832341269839999454e-01,9.025793650790000511e-01,9.441468253960000334e-01,9.331349206350000314e-01,9.224206349210000155e-01,8.050595238100000106e-01,7.503968253970000335e-01,8.055555555550000246e-01,8.124503968259999542e-01
1.841269841269999874e-01,3.798611111110000160e-01,6.277777777780000346e-01,7.167658730160000324e-01,7.079365079360000479e-01,7.302579365079999718e-01,6.852182539679999573e-01,4.266865079359999924e-01,3.668650793650000130e-01,4.456349206349999870e-01,5.262896825399999701e-01,7.675595238090000549e-01
3.550595238099999995e-01,3.592261904760000180e-01,4.547619047620000132e-01,6.241071428569999746e-01,6.465773809520000137e-01,6.163690476190000211e-01,6.238095238099999884e-01,4.760416666669999852e-01,4.559523809520000248e-01,5.964285714289999651e-01,7.778273809519999915e-01,8.732142857139999492e-01
5.936904761900000382e-01,7.491666666670000474e-01,6.780952380950000524e-01,6.390476190480000040e-01,8.209523809519999604e-01,8.482142857140000380e-01,8.011904761899999450e-01,5.875000000000000222e-01,4.919047619049999875e-01,4.440476190479999974e-01,4.673809523810000255e-01,3.872619047620000088e-01
4.690476190480000196e-01,6.846726190480000307e-01,7.290178571430000476e-01,7.522321428570000190e-01,7.312499999999999556e-01,7.857142857140000380e-01,6.622023809529999916e-01,5.473214285709999682e-01,5.654761904759999513e-01,5.877976190479999863e-01,5.608630952380000423e-01,5.331845238090000549e-01
2.630952380950000169e-01,5.090476190479999996e-01,8.045238095240000442e-01,7.836904761909999628e-01,8.205952380950000125e-01,7.392857142859999842e-01,6.208333333329999482e-01,5.755952380950000169e-01,5.005952380949999503e-01,4.354761904760000024e-01,4.319047619049999898e-01,4.540476190480000063e-01
2.692460317459999808e-01,6.084325396819999510e-01,8.397817460319999538e-01,8.550595238100000550e-01,7.774801587299999817e-01,7.537698412700000183e-01,7.333333333329999926e-01,7.683531746039999888e-01,8.026785714290000096e-01,7.512896825399999479e-01,7.668650793650000352e-01,6.939484126989999835e-01
4.715136054419999945e-01,6.076530612249999574e-01,6.547619047620000243e-01,7.096088435380000226e-01,7.494897959190000014e-01,7.522959183680000272e-01,7.903061224490000036e-01,9.069727891159999889e-01,9.431122448980000517e-01,1.076785714289999918e+00,1.113180272109999924e+00,1.058248299319999974e+00
3.227040816330000172e-01,5.191326530609999823e-01,6.598639455779999885e-01,6.655612244899999919e-01,7.026360544219999449e-01,7.145408163269999502e-01,6.693027210890000189e-01,7.028061224489999814e-01,7.134353741500000234e-01,7.377551020410000326e-01,8.257653061230000313e-01,8.038265306120000453e-01
2.617559523810000233e-01,5.430803571429999588e-01,6.218005952380000201e-01,7.523065476189999545e-01,8.473958333340000371e-01,6.793154761909999673e-01,6.607142857140000380e-01,6.561011904760000180e-01,6.462797619050000275e-01,6.477678571430000032e-01,8.332589285710000349e-01,8.151041666670000296e-01
1.844047619049999920e-01,2.821428571430000254e-01,3.822619047620000043e-01,3.830952380950000125e-01,3.184523809520000137e-01,2.934523809519999915e-01,2.682142857140000225e-01,2.713095238100000084e-01,1.663095238099999984e-01,1.710714285709999949e-01,2.658333333330000214e-01,2.569047619050000009e-01
6.605158730160000102e-01,9.922619047620000465e-01,1.045436507940000093e+00,1.050198412699999917e+00,1.060317460320000071e+00,1.044246031749999970e+00,1.052182539679999973e+00,1.075396825399999923e+00,1.036904761900000027e+00,1.111706349210000111e+00,1.137896825399999923e+00,1.036309523809999966e+00
3.768518518519999860e-01,6.571428571430000254e-01,7.609788359789999568e-01,7.699735449739999460e-01,8.072089947089999828e-01,8.384920634920000060e-01,8.564814814810000065e-01,8.138227513229999710e-01,8.179232804229999987e-01,8.921296296299999762e-01,8.501322751319999593e-01,8.154100529100000161e-01
3.876190476190000123e-01,7.878571428570000368e-01,9.470238095240000042e-01,1.061666666670000092e+00,1.116428571429999961e+00,1.056428571429999907e+00,1.006547619050000009e+00,9.227380952379999890e-01,7.650000000000000133e-01,6.714285714290000318e-01,7.136904761900000338e-01,7.576190476190000078e-01
2.437499999999999944e-01,4.517113095240000153e-01,6.023065476190000433e-01,6.218749999999999556e-01,5.271577380949999947e-01,5.032738095240000264e-01,4.671130952379999868e-01,3.573660714290000096e-01,4.464285714289999998e-04,0.000000000000000000e+00,2.791666666670000185e-01,4.203124999999999778e-01
1.497619047619999921e-01,4.054761904759999758e-01,6.247619047619999977e-01,7.275000000000000355e-01,7.600000000000000089e-01,7.615476190479999463e-01,8.284523809520000226e-01,9.179761904759999869e-01,8.696428571430000476e-01,8.511904761909999673e-01,8.239285714290000007e-01,7.449999999999999956e-01
9.270833333330000259e-02,2.066964285710000127e-01,3.948660714289999873e-01,6.249255952379999535e-01,7.518601190470000084e-01,6.375744047620000021e-01,3.941964285710000127e-01,7.023809523809999844e-02,5.550595238099999967e-02,5.275297619049999776e-02,1.199404761900000060e-01,5.811011904759999513e-01
1.617063492059999941e-01,4.490079365080000273e-01,5.263888888890000395e-01,6.748015873010000387e-01,8.819444444439999975e-01,8.797619047620000021e-01,8.249999999999999556e-01,8.781746031739999792e-01,9.005952380949999725e-01,1.000396825399999967e+00,1.106944444440000064e+00,1.211507936510000105e+00
1.791666666670000130e-01,3.093750000000000111e-01,5.196428571429999588e-01,6.685267857140000380e-01,6.365327380949999947e-01,5.991815476189999989e-01,6.110863095240000042e-01,6.061011904759999736e-01,5.967261904759999513e-01,5.461309523809999567e-01,5.032738095240000264e-01,4.497767857139999825e-01
3.266369047620000243e-01,6.591269841269999930e-01,8.651785714290000096e-01,9.368055555550000024e-01,1.081498015870000051e+00,1.087847222219999965e+00,1.116418650790000022e+00,1.140873015870000007e+00,1.012946428570000057e+00,9.868551587299999595e-01,9.622023809519999471e-01,9.360119047620000243e-01
6.656746031749999348e-02,1.813492063490000084e-01,4.676587301590000023e-01,6.877480158730000515e-01,8.161706349209999489e-01,8.219246031750000459e-01,7.883432539679999795e-01,6.190972222220000321e-01,5.600694444449999532e-01,4.698412698409999977e-01,3.281746031750000236e-01,3.112599206350000203e-01
1.119642857139999947e-01,2.248214285709999871e-01,4.077976190479999929e-01,5.763690476189999856e-01,6.836309523810000233e-01,6.556547619050000497e-01,5.839880952379999934e-01,4.919642857140000269e-01,4.513690476189999856e-01,4.142857142859999731e-01,3.435714285720000150e-01,2.869047619050000275e-01
1.390873015870000007e-01,3.655753968250000097e-01,6.057539682539999637e-01,5.825396825399999923e-01,6.412698412699999739e-01,6.573412698410000532e-01,5.740079365079999718e-01,5.359126984130000437e-01,4.998015873020000277e-01,5.369047619050000275e-01,6.035714285709999904e-01,5.662698412700000183e-01
3.385416666669999880e-02,6.180555555560000164e-02,1.435763888890000117e-01,2.105902777779999901e-01,1.673611111109999938e-01,1.342013888889999895e-01,1.048611111109999938e-01,1.736111111109999870e-04,0.000000000000000000e+00,0.000000000000000000e+00,4.288194444440000114e-02,8.645833333329999704e-02
3.815476190480000113e-02,9.500000000000000111e-02,2.310119047620000088e-01,4.127976190479999974e-01,4.948809523809999944e-01,5.649999999999999467e-01,6.067261904759999602e-01,6.186309523809999655e-01,5.643452380950000347e-01,5.348809523809999744e-01,5.686309523810000321e-01,3.931547619049999831e-01
1.064732142859999980e-01,2.095982142860000064e-01,3.566220238100000217e-01,4.918898809519999804e-01,5.768601190480000529e-01,5.880208333330000370e-01,4.591517857140000047e-01,1.562500000000000087e-03,0.000000000000000000e+00,0.000000000000000000e+00,1.523065476190000045e-01,3.037946428569999746e-01
2.062169312169999935e-01,3.445105820100000105e-01,4.650132275130000048e-01,5.370370370370000090e-01,6.386904761909999451e-01,5.810846560850000397e-01,5.593915343919999561e-01,5.343253968250000208e-01,6.099206349210000155e-01,7.572751322749999847e-01,9.078042328040000220e-01,8.866402116399999533e-01
2.106995884769999883e-01,2.855967078189999842e-01,4.318930041149999788e-01,5.269547325100000235e-01,4.862139917689999868e-01,4.207818930039999850e-01,4.442386831269999892e-01,6.074074074070000551e-01,6.973251028810000252e-01,8.853909465020000091e-01,8.950617283949999781e-01,8.456790123459999586e-01
2.470238095239999931e-01,6.323809523810000055e-01,7.842857142860000241e-01,9.017857142859999620e-01,8.686904761910000383e-01,7.809523809520000359e-01,7.051190476190000167e-01,5.792857142859999531e-01,4.420238095239999998e-01,2.430952380949999991e-01,2.484523809520000071e-01,3.634523809519999982e-01
2.490079365079999885e-01,4.188492063490000250e-01,5.182539682540000525e-01,6.239087301579999689e-01,6.979166666670000296e-01,6.625992063490000472e-01,5.803571428570000190e-01,5.205357142859999842e-01,3.250000000000000111e-01,3.457341269840000231e-01,4.894841269840000120e-01,5.449404761899999672e-01
2.765692640690000093e-01,4.042207792210000261e-01,5.434523809519999915e-01,5.921536796540000092e-01,5.837121212120000013e-01,6.290584415590000367e-01,6.231060606060000451e-01,6.232683982690000457e-01,6.156926406930000040e-01,5.943181818180000020e-01,7.508116883119999585e-01,9.109848484850000538e-01
1.104497354500000028e-01,1.699074074069999996e-01,2.189153439150000047e-01,3.582010582010000110e-01,5.728174603169999823e-01,6.107804232800000399e-01,5.530423280420000420e-01,5.320105820099999550e-01,5.388888888889999951e-01,7.544312169319999928e-01,1.031944444440000108e+00,1.166798941799999989e+00
1.752976190480000085e-01,3.702380952379999979e-01,5.961309523810000011e-01,6.842261904759999736e-01,9.508928571429999810e-01,1.015178571429999899e+00,8.886904761899999672e-01,6.229166666669999630e-01,7.199404761900000116e-01,9.595238095239999598e-01,1.872321428570000057e+00,1.894345238100000106e+00
1.333333333329999870e-01,3.065476190479999863e-01,4.183779761900000005e-01,6.305059523810000455e-01,7.577380952379999535e-01,7.707589285710000349e-01,7.194940476190000433e-01,7.018601190480000529e-01,7.233630952380000201e-01,8.315476190480000085e-01,9.405505952379999979e-01,9.072916666670000074e-01
2.184523809520000082e-01,3.559523809519999915e-01,4.288690476190000211e-01,4.388392857139999936e-01,2.714285714290000096e-01,2.145833333330000037e-01,2.093750000000000056e-01,1.641369047619999910e-01,7.366071428569999358e-02,4.508928571430000087e-02,6.696428571430000642e-02,4.002976190480000279e-02
3.914682539680000017e-01,5.710317460320000205e-01,6.378968253969999891e-01,6.553571428569999746e-01,6.146825396820000398e-01,5.408730158729999626e-01,5.558531746029999887e-01,4.806547619050000053e-01,3.859126984130000215e-01,2.647817460319999983e-01,2.143849206350000036e-01,1.889880952380000034e-01
3.738690476189999723e-01,4.641071428569999990e-01,4.767261904760000113e-01,4.478571428570000124e-01,5.040476190479999952e-01,5.208333333329999704e-01,5.027380952379999490e-01,4.079761904759999780e-01,2.843452380950000080e-01,3.016666666669999830e-01,3.560714285709999927e-01,3.438690476190000012e-01
7.412946428569999746e-01,8.352678571430000032e-01,8.628720238089999661e-01,6.021577380949999503e-01,9.009672619049999831e-01,9.872023809519999693e-01,9.607886904760000180e-01,9.215029761909999673e-01,5.293898809520000137e-01,5.239583333330000148e-01,5.101190476189999545e-01,5.397321428569999968e-01
1.529914529910000043e-01,2.091880341879999994e-01,3.004273504269999728e-01,4.438034188030000049e-01,5.696581196579999506e-01,6.444444444439999531e-01,5.897435897430000074e-01,6.506410256410000148e-01,5.288461538459999778e-01,3.540598290599999975e-01,2.916666666669999741e-01,2.414529914530000043e-01
2.379166666670000096e-01,4.325595238089999794e-01,6.085714285709999949e-01,6.394642857140000469e-01,6.822023809520000315e-01,7.112500000000000488e-01,6.507738095239999909e-01,5.876190476189999679e-01,5.117857142859999486e-01,6.547023809519999515e-01,8.567261904759999602e-01,9.335119047619999666e-01
4.177579365080000273e-01,5.332341269839999676e-01,6.406746031750000236e-01,8.469246031749999570e-01,9.391865079369999814e-01,8.686507936509999528e-01,7.167658730160000324e-01,7.122023809519999471e-01,6.358134920629999742e-01,7.255952380950000391e-01,8.765873015870000451e-01,8.991071428569999968e-01
2.606646825400000256e-01,4.223214285710000238e-01,4.945436507939999782e-01,5.434523809519999915e-01,5.324900793650000352e-01,5.128968253969999891e-01,5.253968253969999447e-01,5.062499999999999778e-01,3.795138888890000062e-01,3.474206349210000044e-01,5.813492063490000028e-01,8.131944444449999976e-01
6.537698412700000683e-02,1.061507936509999972e-01,1.242063492060000024e-01,1.459325396829999899e-01,1.688492063489999973e-01,1.319444444450000031e-01,1.093253968259999959e-01,9.176587301590000134e-02,1.169642857139999992e-01,1.542658730160000047e-01,1.917658730160000102e-01,2.492063492059999885e-01
1.318452380950000113e-01,2.130952380950000002e-01,4.113095238100000217e-01,4.882936507930000225e-01,5.335317460320000427e-01,5.617063492060000440e-01,4.941468253970000002e-01,4.361111111109999827e-01,3.449404761900000116e-01,2.621031746029999776e-01,2.783730158730000070e-01,2.627976190479999752e-01
4.638888888889999840e-01,7.722883597880000339e-01,8.872354497359999925e-01,8.573412698410000088e-01,9.194444444449999532e-01,9.761243386250000320e-01,9.795634920629999742e-01,9.815476190480000307e-01,8.848544973540000136e-01,7.668650793650000352e-01,7.796296296300000428e-01,7.669312169309999705e-01
1.367063492059999996e-01,3.089285714289999873e-01,4.505456349210000266e-01,5.128968253969999891e-01,5.725694444440000419e-01,5.465277777779999901e-01,4.289186507939999893e-01,3.675595238100000106e-01,3.673115079370000147e-01,3.990575396830000066e-01,5.638888888890000173e-01,6.878968253970000335e-01
2.427976190480000129e-01,3.864285714290000007e-01,5.348809523809999744e-01,5.722023809520000448e-01,5.913690476189999989e-01,5.546428571429999899e-01,4.802380952379999846e-01,4.899404761910000072e-01,4.721428571430000276e-01,4.192857142859999775e-01,4.719642857140000092e-01,5.394642857139999581e-01
2.232142857139999929e-03,8.221726190480000210e-03,3.991815476189999878e-02,8.924851190480000140e-02,1.569940476189999878e-01,2.138020833329999926e-01,2.425595238100000106e-01,2.366071428569999913e-01,1.988095238099999995e-01,1.690104166670000074e-01,1.878720238100000106e-01,2.103794642859999897e-01
1.056547619050000053e-01,1.721428571430000110e-01,2.557142857140000114e-01,4.947619047619999932e-01,6.125000000000000444e-01,6.412499999999999867e-01,6.104761904759999913e-01,5.309523809520000359e-01,4.892261904760000224e-01,4.274999999999999911e-01,4.186309523810000099e-01,4.259523809519999982e-01
2.228422619050000053e-01,3.768601190479999863e-01,6.029761904760000402e-01,7.194940476190000433e-01,7.108630952379999535e-01,7.319940476189999989e-01,7.415922619050000497e-01,7.723958333329999926e-01,8.007440476189999767e-01,8.298363095240000042e-01,9.188988095240000487e-01,9.093750000000000444e-01
1.738095238089999994e-01,3.940476190469999751e-01,5.760989010989999715e-01,6.646062271060000359e-01,7.434523809530000360e-01,8.045787545789999662e-01,8.344780219780000285e-01,7.368589743590000518e-01,7.326923076929999779e-01,6.756868131869999683e-01,7.373168498169999641e-01,7.798076923079999556e-01
1.176190476189999945e-01,2.686904761900000271e-01,4.907142857139999981e-01,5.386904761899999894e-01,5.386904761899999894e-01,5.961904761899999849e-01,6.283333333330000103e-01,6.064285714289999740e-01,6.133333333329999970e-01,7.448809523810000499e-01,9.170238095239999776e-01,9.542857142859999531e-01
1.176339285709999960e-01,2.235119047620000021e-01,4.211309523810000122e-01,5.381696428569999746e-01,5.132440476189999989e-01,5.825148809519999915e-01,5.895833333329999482e-01,5.581845238100000550e-01,6.742559523810000011e-01,8.296875000000000222e-01,1.073511904759999913e+00,1.149255952379999890e+00
4.136904761910000228e-01,8.735119047620000243e-01,9.142857142860000286e-01,8.302083333330000370e-01,7.909226190479999863e-01,8.269345238099999884e-01,7.306547619050000053e-01,6.723214285709999682e-01,4.946428571429999921e-01,3.622023809520000248e-01,3.598214285710000238e-01,2.811011904760000180e-01
1.482142857139999992e-01,1.803571428569999968e-01,4.169642857140000158e-01,6.851190476189999989e-01,8.232142857140000158e-01,6.869047619050000497e-01,5.145833333329999926e-01,5.214285714290000096e-01,5.470238095239999820e-01,6.738095238100000328e-01,7.345238095239999820e-01,9.636904761900000338e-01
2.231481481479999918e-01,2.708994708990000166e-01,3.431878306880000173e-01,4.908730158729999737e-01,5.102513227510000471e-01,4.440476190479999974e-01,3.671957671960000003e-01,2.027116402109999937e-01,1.924603174600000022e-01,1.388227513230000099e-01,2.228174603170000045e-01,3.833333333330000148e-01
1.344494047620000132e-01,1.831101190480000085e-01,1.703125000000000056e-01,1.823660714289999929e-01,2.585565476189999878e-01,3.351190476190000211e-01,2.831845238089999994e-01,2.528273809520000248e-01,1.977678571429999921e-01,3.003720238090000216e-01,4.520089285710000016e-01,5.334077380949999725e-01
7.540922619050000053e-02,1.839285714289999873e-01,3.309895833329999926e-01,4.381696428569999968e-01,5.593749999999999556e-01,5.412202380949999725e-01,4.451264880949999947e-01,4.618675595239999931e-01,4.529017857140000269e-01,6.188244047619999577e-01,8.872767857140000380e-01,9.526041666669999852e-01
2.957341269839999787e-01,4.649801587299999817e-01,6.280753968250000208e-01,7.546626984130000437e-01,8.398809523810000233e-01,6.714285714290000318e-01,6.627976190480000529e-01,6.680555555560000469e-01,6.559523809520000359e-01,5.669642857140000380e-01,7.786706349209999711e-01,1.118353174599999944e+00
1.657312925170000006e-01,3.818877551020000150e-01,5.333333333330000370e-01,5.920918367349999878e-01,5.812925170070000203e-01,4.980442176870000237e-01,4.852891156460000244e-01,4.755952380949999836e-01,4.856292517010000198e-01,5.098639455779999663e-01,6.672619047619999799e-01,7.841836734699999534e-01
1.209183673469999970e-01,1.884353741500000012e-01,2.648809523810000122e-01,3.716836734689999977e-01,3.668367346940000218e-01,3.335034013600000069e-01,3.165816326529999891e-01,3.483843537410000191e-01,3.724489795920000179e-01,2.961734693879999880e-01,3.295918367349999767e-01,4.022108843539999867e-01
2.470238095239999931e-01,3.630952380949999947e-01,3.918650793649999797e-01,5.460317460310000204e-01,6.980158730150000101e-01,5.603174603170000267e-01,2.876984126980000056e-01,1.984126984119999966e-04,0.000000000000000000e+00,3.968253968249999854e-03,2.357142857139999936e-01,5.402777777780000124e-01
1.617346938770000131e-01,2.805272108840000111e-01,2.981292517010000198e-01,3.593537414970000010e-01,4.136904761910000228e-01,4.443877551020000150e-01,4.123299319729999968e-01,3.420918367349999878e-01,2.375850340129999905e-01,2.529761904760000069e-01,3.539965986390000152e-01,3.636904761900000005e-01
9.702380952370000256e-02,1.267195767189999989e-01,2.463624338619999909e-01,3.572751322750000180e-01,4.047619047620000243e-01,4.227513227510000249e-01,3.925264550259999763e-01,3.472883597879999895e-01,3.935846560849999842e-01,3.779761904760000069e-01,3.241402116400000089e-01,2.292989417990000112e-01
2.719887955179999817e-01,4.567577030809999994e-01,5.696428571430000032e-01,6.529761904759999736e-01,5.847338935570000062e-01,5.914915966389999724e-01,5.788165266110000262e-01,5.063025210079999949e-01,4.943277310920000112e-01,4.859243697480000179e-01,4.927521008399999847e-01,4.253151260499999919e-01
3.307823129250000299e-02,4.294217687069999678e-02,8.843537414959999621e-02,1.219387755099999998e-01,1.896258503400000128e-01,1.891156462580000086e-01,2.189625850340000124e-01,1.869897959179999958e-01,1.341836734690000088e-01,1.210884353740000058e-01,1.376700680269999921e-01,2.121598639449999990e-01
2.490646258499999988e-01,3.976190476190000211e-01,5.284013605439999983e-01,6.015731292520000162e-01,6.417942176869999571e-01,5.974914965980000492e-01,5.447704081630000417e-01,5.091411564629999553e-01,4.724914965990000271e-01,4.769982993199999854e-01,5.631377551020000372e-01,5.835884353739999586e-01
2.017857142860000064e-01,3.281084656079999995e-01,4.175264550259999985e-01,4.360449735449999920e-01,4.128968253970000113e-01,4.058201058199999989e-01,4.438492063489999917e-01,4.589947089950000003e-01,3.498677248670000184e-01,3.042328042329999760e-01,3.477513227510000138e-01,3.104497354490000083e-01
3.836309523809999789e-01,5.452380952380000423e-01,5.841269841270000374e-01,5.725198412699999961e-01,5.933531746029999665e-01,6.368055555560000469e-01,6.595238095240000264e-01,7.115079365080000384e-01,5.746031746030000331e-01,5.727182539680000239e-01,6.767857142859999842e-01,6.196428571430000476e-01
4.471428571430000054e-01,8.158928571429999721e-01,9.027976190480000440e-01,9.055357142859999930e-01,9.157142857140000425e-01,9.468452380949999858e-01,9.411904761899999583e-01,8.354761904759999691e-01,5.960714285710000393e-01,5.295238095240000220e-01,5.442261904759999602e-01,5.652976190480000218e-01
3.719387755099999859e-01,6.664965986399999931e-01,8.503401360550000287e-01,8.878401360550000065e-01,8.818027210890000411e-01,8.530612244899999919e-01,8.216836734700000422e-01,8.269557823130000429e-01,7.261904761909999673e-01,6.998299319730000301e-01,6.021258503399999906e-01,5.170918367350000322e-01
4.076719576719999849e-01,7.463624338630000521e-01,7.731481481480000362e-01,7.954365079370000480e-01,7.753306878310000094e-01,7.921296296299999984e-01,7.939153439160000492e-01,7.339947089949999670e-01,6.556878306879999618e-01,5.692460317459999697e-01,5.188492063490000028e-01,5.035714285710000127e-01
9.305555555550000524e-02,2.231481481479999918e-01,3.064814814810000176e-01,3.259920634919999949e-01,3.050264550260000096e-01,3.292989417989999890e-01,3.382275132270000095e-01,2.600529100530000193e-01,2.541666666660000184e-01,2.777116402120000105e-01,3.687830687829999898e-01,5.407407407409999811e-01
2.370370370369999924e-01,3.978835978829999842e-01,5.097883597879999673e-01,5.791005291009999612e-01,6.357142857140000158e-01,5.933862433859999896e-01,5.966269841269999930e-01,5.585978835980000001e-01,4.453042328039999997e-01,4.470238095240000042e-01,6.164682539679999795e-01,7.235449735450000253e-01
0.000000000000000000e+00,1.916666666669999963e-01,7.799107142860000064e-01,9.447916666660000073e-01,1.047619047620000021e+00,7.736607142860000286e-01,5.077380952379999535e-01,4.464285714289999998e-04,0.000000000000000000e+00,0.000000000000000000e+00,3.464285714290000207e-01,7.997023809519999693e-01
3.815476190479999974e-01,6.458333333329999704e-01,8.858630952379999979e-01,9.279017857139999492e-01,1.042931547620000066e+00,9.493303571429999588e-01,6.793154761899999894e-01,2.008928571430000209e-03,0.000000000000000000e+00,0.000000000000000000e+00,0.000000000000000000e+00,3.159226190480000085e-01
4.960317460310000037e-02,1.099206349210000017e-01,2.587301587299999928e-01,5.511904761899999450e-01,6.779761904759999958e-01,7.027777777779999901e-01,5.962301587299999595e-01,4.373015873009999943e-01,3.519841269840000009e-01,4.091269841269999930e-01,4.011904761899999783e-01,3.396825396820000176e-01
1.199588477369999961e-01,9.156378600820000435e-02,1.934156378599999893e-01,3.506172839510000028e-01,4.884773662549999895e-01,4.997942386829999917e-01,5.473251028810000030e-01,4.508230452679999889e-01,3.238683127570000098e-01,2.397119341560000061e-01,2.775720164609999929e-01,3.401234567900000005e-01
0.000000000000000000e+00,0.000000000000000000e+00,2.389136904760000013e-01,5.194196428570000412e-01,6.616071428569999524e-01,7.188244047620000465e-01,6.480654761909999673e-01,5.171875000000000222e-01,5.316220238100000106e-01,5.280505952380000201e-01,3.619791666669999741e-01,3.423363095240000153e-01
4.884199134200000181e-01,7.456168831170000288e-01,9.004329004329999497e-01,8.884199134200000403e-01,8.300324675329999735e-01,8.405303030299999811e-01,7.443181818180000242e-01,6.887445887449999971e-01,5.913961038959999472e-01,3.925865800869999811e-01,3.091991341990000253e-01,3.161796536800000057e-01
2.440476190470000084e-01,3.776360544219999893e-01,5.059523809520000137e-01,5.507653061220000312e-01,5.493197278910000314e-01,5.210884353739999586e-01,5.151360544219999449e-01,4.933673469389999733e-01,4.903061224490000147e-01,5.696428571430000032e-01,6.539965986400000375e-01,6.764455782320000221e-01
3.607142857139999936e-01,5.158730158730000515e-01,6.664682539680000239e-01,7.472222222219999654e-01,7.694444444450000420e-01,7.705357142859999842e-01,7.817460317459999919e-01,7.244047619050000275e-01,6.481150793650000130e-01,6.922619047620000021e-01,7.778769841270000152e-01,7.271825396819999732e-01
3.429894179890000117e-01,5.481481481479999474e-01,7.354497354500000306e-01,8.757275132270000428e-01,8.869708994710000516e-01,8.431216931220000266e-01,8.205687830690000517e-01,7.981481481479999474e-01,7.260582010580000079e-01,7.417989417989999668e-01,8.253968253969999891e-01,9.135582010580000079e-01
0.000000000000000000e+00,7.897619047620000332e-01,1.016904761900000009e+00,1.071547619049999955e+00,9.502380952379999579e-01,9.880952380949999947e-01,9.242857142860000375e-01,8.834523809519999604e-01,7.020238095240000087e-01,4.071428571430000254e-01,6.139285714290000362e-01,6.330952380950000125e-01
1.645238095240000031e-01,3.482142857139999825e-01,4.408333333330000103e-01,4.680952380949999769e-01,5.071428571430000032e-01,4.566666666670000096e-01,4.672619047620000243e-01,4.346428571429999943e-01,3.795238095239999998e-01,3.465476190480000218e-01,4.791666666669999741e-01,5.261904761900000338e-01
2.759523809519999760e-01,3.582142857139999914e-01,4.027380952380000267e-01,4.905952380949999969e-01,5.065476190480000529e-01,3.808333333330000126e-01,3.309523809520000248e-01,0.000000000000000000e+00,0.000000000000000000e+00,0.000000000000000000e+00,2.097619047619999899e-01,2.924999999999999822e-01
5.313283208019999732e-02,8.994360902259999901e-02,1.429511278199999957e-01,3.045739348370000155e-01,5.154761904760000180e-01,6.052944862160000161e-01,5.401942355890000380e-01,3.854010025060000122e-01,2.396303258149999893e-01,1.638784461149999927e-01,1.296992481199999991e-01,1.317355889730000007e-01
1.246031746029999943e-01,2.236111111109999883e-01,3.635912698409999866e-01,5.861111111110000049e-01,7.591269841269999707e-01,7.761904761910000117e-01,7.281746031739999570e-01,6.395833333329999926e-01,4.831349206350000203e-01,3.724206349210000266e-01,3.153769841269999930e-01,3.549603174600000077e-01
1.426587301589999912e-01,3.214285714289999984e-01,4.262896825399999923e-01,5.047619047620000021e-01,4.840277777779999901e-01,5.358134920639999743e-01,4.770833333330000148e-01,3.931547619049999831e-01,2.866071428570000079e-01,2.156746031750000070e-01,1.976190476190000100e-01,2.412698412700000072e-01
